instance,makespan,FA,OS
ta01,963,"[0,1,1,2,3,3,1,2,0,3,0,1,0,1,2]","[5,11,11,1,0,2,5,4,14,8,5,8,2,8,13,0,13,3,3,13,8,11,2,4,4,4,14,1,0,8,12,12,12,3,7,5,3,5,5,11,7,1,3,12,11,10,0,11,6,1,11,6,8,7,0,5,8,11,0,9,9,8,10,0,6,6,12,4,10,7,5,7,3,14,6,14,5,10,8,2,13,5,10,14,6,1,10,2,3,12,3,4,9,0,9,3,13,7,4,14,1,4,0,3,2,3,3,6,4,6,10,1,7,6,11,14,1,8,13,12,12,5,11,3,0,9,13,13,14,5,13,1,10,4,1,1,10,7,3,2,5,14,13,12,10,9,13,4,11,13,7,11,6,14,6,14,4,6,2,2,0,8,10,8,4,0,0,7,7,3,9,12,11,14,2,12,10,1,8,2,12,9,2,5,14,8,14,7,4,2,7,9,1,11,12,1,11,2,7,2,6,14,9,10,6,13,0,5,1,9,7,6,12,13,12,8,9,9,0,10,13,4,10,9,9]"
ta02,942,"[0,3,1,2,2,0,2,0,1,3,3,3,0,1,3]","[14,4,6,0,9,4,6,13,10,11,8,2,3,12,4,3,6,2,2,12,0,5,12,3,13,13,0,13,9,7,6,3,14,0,9,13,10,3,11,7,13,9,13,2,5,9,8,3,14,7,1,6,5,11,1,6,7,14,10,5,13,9,7,12,7,14,2,7,6,14,4,9,0,4,3,4,9,1,5,4,0,0,10,4,14,0,13,8,1,5,14,5,9,7,11,8,8,9,8,2,12,10,2,9,0,11,7,11,11,1,13,8,6,8,5,11,2,6,2,6,13,1,12,2,12,0,7,0,11,4,10,1,3,3,12,11,4,1,6,10,12,6,8,5,7,1,2,9,7,3,14,2,5,12,8,3,5,10,8,11,2,8,10,4,5,4,0,7,2,6,9,1,3,1,10,8,9,10,10,14,1,14,14,5,10,11,8,14,3,6,2,4,0,4,10,11,11,5,1,12,5,7,12,1,11,13,13,10,7,14,3,12,13,9,8,1,6,3,12,13,12,4,14,0,0]"
ta03,921,"[0,0,0,0,3,3,2,0,1,1,2,2,1,3,2]","[14,1,10,13,8,5,11,0,8,13,6,9,7,10,9,7,12,4,12,3,11,14,14,14,3,6,14,14,6,5,11,9,14,6,13,10,4,8,2,4,11,7,7,13,2,13,4,6,4,9,0,10,2,2,7,14,5,5,8,0,12,1,6,12,1,0,2,5,11,2,14,12,5,3,0,12,4,3,11,10,14,1,4,0,1,5,6,3,8,6,6,13,1,3,0,5,8,10,1,8,1,9,10,6,11,12,5,11,0,14,3,2,6,10,1,6,4,2,3,7,10,13,12,14,0,4,3,3,7,4,10,7,2,10,1,11,0,4,13,7,4,12,1,11,8,3,13,12,3,9,5,11,14,5,9,12,0,3,9,4,11,10,4,9,11,1,9,6,2,1,10,2,5,0,8,8,2,6,0,1,13,13,13,8,7,6,4,13,12,7,13,2,9,3,14,11,2,8,7,5,1,9,12,14,7,9,13,11,7,9,12,9,12,7,8,5,3,0,8,0,10,10,5,2,8]"
ta04,911,"[1,3,2,1,0,2,0,0,3,0,2,2,1,3,0]","[2,7,5,14,8,14,1,6,10,9,3,3,4,1,9,5,9,9,6,6,7,12,2,11,3,4,3,2,6,13,7,7,12,13,11,12,10,1,11,2,0,6,0,4,1,2,7,4,0,1,2,14,11,9,5,7,14,3,13,7,11,10,14,13,14,8,9,12,3,6,10,9,4,13,10,8,11,3,8,0,0,4,6,12,9,0,12,5,9,14,8,8,7,6,4,0,12,7,5,6,8,1,4,14,6,8,8,7,10,3,10,10,11,6,5,2,11,4,10,5,10,7,0,14,11,3,12,4,11,10,8,2,2,13,2,0,14,13,9,10,7,0,7,4,0,13,1,9,5,5,6,14,3,11,9,1,5,0,5,12,7,8,13,1,2,14,13,4,11,1,0,2,5,12,14,6,10,13,5,13,8,9,4,1,3,3,10,13,6,8,1,1,9,11,12,6,4,7,5,13,2,8,2,12,3,0,12,12,5,4,11,3,14,2,10,13,12,1,1,14,3,0,9,11,8]"
ta05,940,"[1,2,0,3,1,1,0,3,0,1,0,3,2,0,0]","[5,8,11,14,4,3,7,3,1,14,4,2,8,10,6,8,12,8,12,14,6,0,1,7,4,4,9,2,9,9,7,3,6,14,7,12,0,14,10,8,3,2,5,8,3,2,1,6,0,6,2,0,3,1,1,7,12,11,13,13,1,10,8,6,6,3,13,4,12,7,0,1,10,13,2,13,2,13,8,3,10,7,8,12,0,11,2,0,9,3,5,14,11,11,9,1,1,14,11,4,2,6,8,9,6,4,4,12,13,7,5,12,0,13,2,12,4,5,0,14,3,1,9,3,13,13,4,7,9,14,3,3,3,11,8,2,14,0,7,12,5,5,8,11,10,7,13,9,11,0,6,0,1,4,4,11,0,2,1,12,12,7,9,5,0,11,10,10,6,5,14,9,4,10,11,6,12,7,1,8,13,10,1,11,14,13,7,4,2,9,10,7,5,0,9,10,9,4,5,14,8,2,3,9,10,13,12,10,5,14,10,8,5,5,6,14,6,11,5,11,2,12,1,13,6]"
ta06,901,"[2,1,2,3,0,3,2,1,2,1,1,3,3,0,0]","[11,7,11,9,14,12,10,8,12,5,6,11,0,13,12,2,13,3,4,10,1,12,7,10,12,8,1,5,11,5,4,1,5,0,5,3,2,14,14,1,12,6,8,11,9,1,3,0,3,9,8,11,14,7,2,0,2,7,13,4,10,5,13,11,14,0,1,12,9,12,12,0,12,4,8,11,10,12,6,5,10,14,10,1,13,10,7,13,5,6,11,12,1,7,6,8,13,6,3,2,7,5,4,10,6,6,13,2,6,4,4,7,10,3,13,2,14,2,6,7,12,0,9,6,2,2,9,6,14,2,1,0,11,0,2,10,11,10,13,0,8,7,14,13,9,10,8,7,7,8,6,13,3,0,4,4,1,3,5,13,1,1,11,1,14,14,6,8,8,9,14,0,5,7,5,4,9,9,0,14,4,5,4,5,10,14,3,13,3,13,3,2,7,2,1,9,11,3,9,3,10,4,12,0,3,6,9,4,3,7,9,8,8,1,11,14,0,5,11,8,8,2,9,4,12]"
ta07,935,"[3,0,0,2,3,2,1,3,3,1,2,3,1,2,1]","[4,9,1,5,5,2,12,0,4,11,7,2,0,5,7,8,7,1,11,5,10,6,9,2,8,2,10,12,0,6,7,3,12,11,3,7,6,8,0,9,4,6,3,11,5,8,10,10,8,11,4,11,6,12,1,4,4,5,10,14,11,3,10,8,13,12,5,9,12,6,3,13,14,12,9,14,13,3,14,0,5,6,7,7,6,8,8,1,2,14,11,0,5,12,12,4,11,2,14,9,10,13,7,9,11,12,3,7,2,13,13,5,4,13,11,10,9,13,4,2,3,6,13,14,14,0,6,1,0,0,10,10,7,5,14,7,4,1,8,3,12,0,11,2,13,11,4,3,1,10,6,11,8,3,1,12,14,13,6,3,3,0,14,7,8,9,4,0,14,7,8,0,4,9,2,10,10,13,11,2,14,14,13,9,6,2,8,1,13,4,14,12,10,3,1,5,10,9,1,1,2,9,9,5,6,8,1,13,5,2,6,1,12,0,7,0,1,9,12,8,2,3,4,7,5]"
ta08,963,"[0,1,1,3,3,0,0,2,0,2,3,2,3,3,2]","[10,4,13,11,3,8,2,2,6,6,4,14,2,0,5,5,3,3,0,7,8,0,12,3,0,13,6,0,12,0,10,13,11,6,5,9,1,1,6,9,2,11,3,8,3,11,10,8,9,7,13,4,13,9,7,1,0,6,11,1,14,5,4,11,4,8,1,11,14,2,14,12,8,5,10,12,7,4,11,4,1,5,7,14,11,4,6,5,0,12,5,14,14,4,9,9,12,7,5,11,10,14,8,1,4,5,1,0,10,13,4,8,10,2,0,2,8,13,12,14,6,7,12,4,10,6,7,1,5,6,4,2,4,2,9,12,2,7,1,9,8,3,9,6,1,0,14,12,8,9,10,9,1,3,12,12,7,14,10,11,6,11,13,5,10,3,14,3,5,2,14,3,4,8,0,13,1,13,0,13,11,8,2,10,2,5,9,1,3,7,12,9,13,14,7,6,6,6,0,7,3,8,3,13,10,7,11,10,2,9,2,5,8,9,13,12,1,3,13,10,11,7,14,12,0]"
ta09,982,"[0,1,2,1,0,3,3,0,0,3,2,1,1,0,3]","[3,7,9,14,10,12,0,0,7,8,10,10,9,14,14,8,1,6,1,13,11,1,6,0,13,3,7,8,5,2,11,10,4,1,8,0,12,13,0,0,11,10,1,4,8,5,2,12,8,9,11,1,7,6,4,9,5,10,3,14,6,3,4,9,7,4,1,7,0,3,10,11,2,14,11,2,13,2,9,3,2,14,8,9,0,10,1,12,0,12,11,1,12,13,2,9,11,12,7,13,9,5,9,4,0,3,12,0,6,3,6,2,4,10,6,8,1,14,9,4,11,8,3,10,12,10,12,11,14,5,13,2,5,1,13,8,5,12,9,6,13,7,13,14,5,4,6,14,5,10,5,13,4,3,11,5,2,8,12,7,13,3,0,4,10,7,14,6,3,11,5,8,7,9,8,0,5,4,14,7,1,3,4,2,3,6,7,5,1,13,13,11,6,9,2,3,14,14,1,6,2,0,12,1,14,8,4,12,6,7,6,12,11,2,0,11,8,5,10,7,9,13,2,4,10]"
ta10,909,"[1,0,1,2,0,2,3,2,1,1,1,2,0,0,3]","[0,8,5,12,14,7,8,5,6,3,10,12,5,9,4,9,5,4,4,6,9,11,0,5,2,10,5,4,11,1,13,7,8,3,2,10,12,11,2,10,14,5,4,7,10,9,13,9,10,9,5,3,3,14,8,7,8,0,10,1,14,1,12,10,13,11,4,12,13,4,0,2,2,5,0,6,6,7,3,11,3,3,0,11,8,12,12,10,5,8,2,14,0,6,11,12,0,11,5,9,1,0,7,7,1,13,13,11,13,6,0,9,10,5,11,0,9,10,6,13,2,13,4,2,7,1,7,3,10,6,13,1,13,11,1,13,4,13,6,2,3,14,10,5,10,9,0,14,1,11,6,5,5,11,8,13,6,4,1,7,12,8,8,12,6,12,1,12,0,9,12,14,8,4,7,4,14,4,14,2,1,11,8,0,6,12,2,1,4,2,2,8,8,3,14,14,10,4,14,9,6,6,7,7,7,12,3,2,14,11,3,13,9,7,0,1,14,8,3,9,3,3,1,2,9]"
ta11,949,"[0,3,1,2,0,0,3,1,1,1,1,0,2,3,0,0,2,0,1,2]","[17,18,7,2,3,5,4,5,10,8,14,5,4,0,6,17,18,11,18,4,14,7,4,4,1,6,14,0,0,3,8,0,3,17,15,11,16,13,16,9,13,16,5,12,13,2,16,13,15,15,14,6,19,4,2,12,1,9,3,11,8,8,19,18,6,1,16,0,8,2,10,16,12,10,17,17,8,9,11,4,7,12,11,7,17,5,3,9,19,10,2,3,14,13,8,0,11,11,13,18,1,7,8,15,10,10,10,15,13,13,16,10,6,3,12,10,4,12,1,14,11,1,14,7,19,8,15,6,11,9,19,14,18,17,10,19,4,12,13,10,4,3,11,8,16,11,14,17,19,9,2,17,17,12,8,6,3,3,12,16,11,1,6,7,4,15,7,7,0,3,17,18,8,10,15,18,17,0,18,15,0,16,5,2,7,1,9,13,9,1,14,12,13,17,1,2,0,2,6,15,12,4,15,19,0,16,16,18,15,9,14,18,5,8,1,13,3,7,16,5,1,18,18,0,9,19,11,15,14,2,15,4,19,11,5,7,2,6,6,9,6,5,10,19,2,11,18,16,9,17,7,0,13,14,6,12,5,1,14,1,19,15,6,3,18,10,14,16,19,2,13,0,5,17,19,5,10,4,12,12,9,9,9,3,3,8,5,5,0,2,7,4,12,6,13,2,19,1,7,8]"
ta12,1012,"[0,1,3,0,1,3,0,0,1,0,2,3,3,2,1,2,2,2,1,2]","[12,8,7,5,1,8,9,11,9,19,5,8,4,4,15,4,4,16,19,3,4,18,3,14,5,18,0,11,17,16,9,19,11,12,7,3,1,4,2,1,11,10,4,6,10,16,17,6,3,6,17,8,3,5,5,19,9,8,8,10,16,7,13,18,13,1,2,13,2,15,9,9,6,9,2,1,12,11,2,10,13,10,0,17,17,3,9,10,0,14,14,12,3,9,5,16,19,11,6,17,9,15,6,16,5,7,7,5,18,19,11,8,13,2,0,9,4,3,18,0,13,4,5,16,9,6,18,17,12,1,16,11,10,4,2,13,17,0,2,1,18,12,7,16,18,15,11,19,14,3,5,10,12,13,5,13,6,6,14,0,2,2,1,19,15,8,16,19,18,14,7,16,13,15,7,8,7,12,3,1,11,6,0,6,18,8,13,4,15,7,7,19,5,13,8,1,17,2,15,7,14,19,16,13,14,4,10,0,13,4,11,13,11,0,5,17,0,18,12,19,12,10,5,3,2,16,7,1,12,14,19,18,2,15,17,18,14,15,10,3,11,3,10,1,18,15,0,8,17,5,6,15,17,15,1,14,7,12,14,11,17,4,0,12,19,2,3,0,6,8,2,1,10,3,18,9,4,14,8,17,11,10,0,14,7,9,16,15,15,6,19,12,12,16,8,14,1,10,6,9]"
ta13,919,"[3,0,0,1,1,0,3,2,3,3,0,1,3,0,0,2,2,3,1,1]","[8,6,18,5,19,4,2,18,14,19,11,2,7,3,16,15,8,1,5,11,18,3,12,14,15,12,2,7,13,6,7,15,19,16,1,3,5,10,3,9,6,13,13,17,4,12,1,15,8,2,5,11,9,0,19,11,15,0,4,7,13,15,7,8,16,14,10,14,6,14,5,7,14,10,3,18,18,19,4,4,9,5,10,8,2,19,11,14,9,1,18,17,4,0,16,8,1,6,15,10,8,17,6,7,18,14,9,11,4,12,5,10,0,14,12,1,1,11,10,13,17,13,16,16,18,0,5,8,11,5,18,2,0,10,5,1,8,15,19,12,6,1,10,13,9,7,17,12,0,13,5,12,17,17,8,1,0,2,6,12,0,16,3,3,4,8,9,3,3,5,5,4,6,2,11,16,18,11,6,9,4,19,5,16,7,12,6,9,16,16,4,11,0,12,2,13,2,4,13,6,17,15,18,17,6,16,5,2,0,3,10,7,1,11,10,11,15,19,16,16,7,16,15,15,2,11,1,9,7,14,13,4,6,17,18,14,9,9,3,1,15,14,3,13,7,3,8,19,2,11,12,19,10,19,9,17,12,13,3,9,12,17,8,14,18,10,8,15,0,17,1,2,10,17,0,19,14,19,19,10,4,14,4,7,6,13,18,8,9,0,3,18,2,15,13,17,0,12,1,7]"
ta14,990,"[2,2,0,3,3,1,3,2,3,3,1,2,1,0,1,2,0,1,2,1]","[11,5,18,3,12,16,9,1,18,7,0,2,8,13,14,14,12,11,11,1,3,19,18,15,7,8,10,14,14,7,0,6,8,12,9,5,1,12,16,1,1,16,11,7,8,18,12,5,15,5,3,6,10,3,15,6,12,8,4,15,13,7,10,14,10,6,9,18,18,17,11,9,3,4,19,9,12,8,0,15,7,1,17,3,15,16,2,7,0,17,16,5,11,1,0,11,0,14,19,14,12,4,5,13,0,18,6,16,7,19,4,11,14,7,16,8,19,2,0,13,0,0,9,6,12,11,12,2,2,12,19,0,7,10,6,9,12,10,18,13,18,16,5,16,16,15,9,6,9,13,11,10,10,4,10,5,4,19,17,3,2,5,13,1,8,9,3,18,11,3,0,4,3,5,16,2,5,14,4,7,19,4,13,15,10,15,7,1,8,15,15,12,6,19,9,17,16,10,10,1,7,3,7,4,1,17,5,0,6,13,17,6,4,17,2,18,8,15,10,9,3,17,19,2,12,17,4,6,8,4,11,19,14,4,0,0,2,18,7,9,15,6,14,19,13,6,8,5,9,1,16,3,1,8,14,4,1,1,13,18,2,13,12,3,15,18,2,13,14,9,11,5,17,17,2,2,17,2,19,17,13,13,6,11,17,5,15,18,16,16,11,8,3,14,8,19,10,14,19,10]"
ta15,934,"[2,1,0,1,1,1,1,0,3,1,2,3,0,0,3,1,2,0,2,2]","[10,12,11,6,6,15,4,8,17,19,3,6,6,15,0,18,6,2,13,14,3,13,3,3,19,1,11,12,14,3,1,2,10,0,18,3,9,17,8,19,5,17,2,3,3,11,8,4,5,4,16,1,8,18,15,8,3,5,13,15,16,3,1,14,15,18,1,5,18,11,8,13,11,17,1,13,2,2,13,2,13,0,18,14,17,12,15,7,15,6,14,14,5,19,4,15,16,11,11,5,2,17,7,8,14,9,9,12,8,7,5,9,2,9,12,17,7,19,12,8,17,12,11,12,9,10,9,10,16,4,3,19,10,8,14,0,11,7,4,10,15,17,5,16,9,13,19,1,13,0,15,5,18,18,5,7,10,16,0,16,4,14,14,8,3,14,12,14,10,11,15,11,18,6,0,9,9,4,17,6,4,1,11,2,12,0,13,6,1,0,16,16,2,19,7,15,15,1,13,1,0,19,7,5,5,16,9,18,3,0,2,19,2,11,4,1,18,16,7,14,16,14,8,1,2,13,8,0,1,4,13,19,0,19,4,11,10,6,17,12,5,18,6,5,6,6,12,3,7,18,7,17,10,10,6,14,9,7,19,12,12,4,5,3,13,13,11,10,17,19,16,4,7,10,7,12,17,15,7,16,8,18,9,19,0,10,15,6,17,2,10,9,2,0,16,18,8,4,9,1]"
ta16,957,"[2,2,1,3,0,1,2,1,2,3,2,3,3,0,3,0,1,1,0,0]","[4,5,3,14,0,4,6,4,2,9,3,16,8,5,16,6,9,6,8,1,7,17,0,10,11,11,9,12,13,8,7,15,18,16,10,14,3,7,2,16,15,13,18,17,18,1,7,17,16,18,0,18,13,0,5,2,17,0,15,9,6,12,10,11,13,4,6,5,11,3,17,14,6,8,19,5,8,15,14,6,0,19,16,14,18,12,12,4,12,19,0,1,3,12,10,8,14,19,6,10,4,11,7,7,12,16,6,2,2,9,1,9,16,10,15,18,5,12,9,15,14,9,1,14,8,0,1,3,17,5,4,11,1,14,19,0,2,8,9,9,10,1,17,2,19,18,11,13,10,18,11,11,8,11,10,7,4,0,13,13,10,0,7,8,17,0,7,15,10,9,5,1,6,12,16,19,15,14,14,17,3,19,13,8,2,5,2,18,1,13,8,11,1,10,16,12,17,7,4,18,6,10,15,16,8,7,3,3,5,16,18,16,13,2,1,19,19,13,0,17,18,15,14,14,17,10,17,3,4,7,6,3,18,2,13,12,6,4,9,4,5,11,15,18,3,12,10,9,19,2,13,2,19,13,19,7,12,1,1,8,8,2,11,0,6,19,15,14,1,3,19,6,13,12,11,7,9,9,15,2,16,15,15,17,5,5,5,12,16,7,3,4,14,0,5,4,17,3,4,11]"
ta17,993,"[0,1,0,2,3,1,2,2,0,3,3,1,3,1,0,2,1,2,0,2]","[1,8,12,2,18,13,16,17,5,1,19,12,4,0,3,0,14,10,14,0,7,2,15,19,6,12,12,3,3,12,18,14,15,13,18,15,3,18,6,1,2,2,0,15,13,11,12,17,4,4,15,13,7,7,19,7,8,17,7,1,1,3,8,15,2,6,0,6,8,17,12,12,16,11,13,1,6,2,15,7,11,13,16,19,12,9,3,19,15,11,6,16,14,4,18,17,3,6,17,3,5,8,14,19,19,13,15,8,17,11,18,3,2,9,18,14,11,9,5,1,9,12,11,10,10,16,18,0,19,1,10,18,5,4,2,16,5,11,14,18,0,9,4,14,1,12,10,0,5,9,13,10,12,4,16,3,15,19,15,7,0,3,5,3,9,19,7,4,13,4,7,2,9,6,16,16,9,9,0,1,16,14,4,10,10,17,10,4,14,15,15,6,19,0,18,11,14,2,19,10,7,10,5,16,8,5,2,10,13,6,1,6,8,5,14,17,15,17,5,2,11,16,14,13,17,1,4,10,17,8,16,0,6,3,19,7,17,11,3,5,7,0,17,8,10,1,6,7,7,16,4,11,18,9,14,17,4,11,5,8,19,15,4,3,5,18,8,5,12,6,0,9,18,13,7,8,2,1,1,9,13,11,8,19,10,13,0,2,2,8,18,9,11,14,12,16,9,6,13,12]"
ta18,958,"[3,3,0,0,1,1,2,3,0,0,2,2,2,3,2,0,1,1,3,1]","[6,14,2,7,7,11,2,19,19,16,19,18,11,13,18,18,0,11,19,19,3,10,17,12,0,7,16,14,6,16,18,11,2,12,2,16,19,11,12,15,0,12,1,9,11,6,0,19,1,17,11,13,5,11,7,0,15,9,12,17,15,8,10,1,6,4,4,7,14,13,10,15,1,15,19,17,4,5,2,3,8,12,17,9,14,17,19,17,1,3,1,19,3,4,13,18,9,15,8,14,8,3,10,18,8,11,8,0,8,15,6,4,18,3,12,15,3,14,9,9,16,0,11,15,3,7,16,9,5,3,2,10,13,2,6,1,2,18,1,11,13,16,18,3,9,7,8,8,3,6,17,4,5,19,14,16,17,6,13,2,4,10,18,1,4,14,5,5,1,5,3,12,18,6,5,10,10,13,19,13,8,0,2,17,7,4,12,17,14,9,16,19,0,9,10,0,2,15,16,5,13,4,12,18,16,16,7,11,9,12,10,11,10,6,5,13,14,6,18,9,10,2,17,8,6,0,12,7,7,1,10,9,15,13,9,4,16,2,5,15,6,8,14,19,7,14,0,9,11,8,19,10,18,7,12,3,18,4,13,4,5,6,15,12,2,10,5,3,17,16,5,1,12,11,0,14,1,14,13,4,1,4,5,17,14,16,15,8,1,7,8,7,3,6,0,2,0,15,17,13]"
ta19,920,"[2,2,2,3,2,2,3,2,3,3,1,3,1,3,0,0,2,2,1,1]","[0,7,10,18,19,19,10,14,3,9,9,17,9,13,1,17,15,3,4,11,2,1,12,0,11,10,0,5,12,16,10,14,10,3,2,4,18,7,4,17,9,6,2,17,6,18,8,8,5,18,14,12,2,10,15,16,11,6,5,9,3,0,2,5,1,1,4,11,2,1,7,4,7,6,17,4,2,10,17,5,2,0,9,3,6,6,5,11,16,3,2,3,16,4,13,9,12,13,15,8,11,8,13,2,13,11,4,16,14,15,7,3,17,1,7,15,7,8,0,9,5,1,14,8,9,15,19,2,9,15,7,6,10,9,18,1,13,16,16,18,19,3,8,11,13,8,17,0,19,3,7,10,17,4,14,9,15,18,5,8,11,15,18,12,0,5,3,16,18,5,10,16,11,7,14,12,1,12,14,6,11,18,12,8,6,10,13,19,8,1,19,6,5,13,5,2,7,0,19,13,0,10,12,14,19,3,17,12,10,14,13,9,4,10,18,11,16,1,9,5,8,3,4,3,17,17,15,16,11,0,13,11,15,12,1,6,15,16,19,3,19,1,15,14,7,13,12,0,11,19,8,14,8,2,12,6,7,13,4,6,15,5,14,1,16,15,14,10,1,6,4,7,13,0,18,16,9,0,4,7,19,5,17,19,2,0,12,17,18,8,19,4,18,2,18,16,14,12,17,6]"
ta20,946,"[2,1,2,0,2,3,1,0,3,1,0,3,1,2,3,0,2,0,1,0]","[3,7,16,11,10,15,2,3,10,0,4,19,13,15,12,15,1,19,17,9,18,13,16,18,15,14,6,14,15,5,16,13,1,2,2,14,19,9,5,17,12,15,0,13,9,19,4,6,5,9,14,8,3,19,1,17,16,12,3,9,6,19,2,10,5,1,14,19,12,3,4,6,19,10,16,0,9,11,6,9,12,10,1,9,17,3,9,18,18,1,14,8,7,15,4,2,9,17,18,7,9,12,18,13,18,17,19,14,13,9,7,0,5,19,8,3,6,4,11,11,17,14,13,16,5,1,7,11,2,0,4,16,8,12,11,18,14,16,1,7,6,16,5,10,17,14,5,4,8,0,2,9,4,19,16,0,13,15,7,12,8,18,4,6,5,11,14,10,1,12,12,4,13,6,18,8,19,6,7,17,6,13,13,2,12,8,15,8,2,6,8,10,8,5,5,5,2,3,0,19,14,0,15,10,10,19,11,11,14,16,13,9,0,15,1,0,3,8,4,0,17,14,17,7,3,0,10,15,8,4,18,11,1,2,10,11,11,7,16,13,5,2,4,15,18,16,3,14,4,18,12,1,9,2,1,10,6,8,17,12,18,2,15,3,11,1,5,11,0,15,13,17,6,11,7,16,13,3,1,7,7,0,8,16,18,7,17,19,3,12,10,10,7,4,3,12,5,6,17,2]"
ta21,1221,"[0,1,1,3,1,2,3,3,2,1,3,0,2,1,1,0,2,3,0,2]","[11,19,9,10,17,17,2,14,1,4,1,6,19,12,5,11,4,12,14,5,5,0,9,4,7,8,9,19,0,14,7,3,5,3,12,12,18,13,14,18,1,17,17,9,18,15,7,2,19,6,16,13,19,13,3,4,3,16,17,14,11,19,1,1,10,8,14,19,14,13,7,6,13,7,2,2,10,17,14,13,11,4,16,19,18,15,11,10,9,15,8,4,1,18,2,12,11,13,13,1,18,15,18,16,13,3,7,7,2,5,4,7,14,11,11,12,0,12,9,2,0,14,3,15,10,4,3,0,9,15,16,17,12,4,18,10,4,15,18,19,9,8,8,5,18,16,17,0,1,1,12,9,5,14,8,8,5,18,6,17,12,16,13,17,6,14,8,0,14,15,19,3,15,1,6,5,14,8,1,11,14,5,16,2,15,6,8,17,9,7,6,18,11,17,11,7,11,7,1,6,4,10,3,16,3,14,7,16,6,5,17,15,8,5,7,6,8,5,12,6,19,7,15,10,10,4,19,13,3,19,10,14,16,11,19,2,9,0,13,6,11,0,9,15,12,8,6,17,17,4,18,16,16,15,19,9,9,16,10,2,18,1,8,10,3,10,3,0,5,4,16,3,8,16,2,3,13,15,15,11,1,2,5,1,6,13,3,8,10,5,12,1,10,17,7,5,9,6,8,14,10,7,4,12,13,19,4,11,11,18,12,1,8,11,3,2,2,0,0,9,8,10,18,0,18,2,0,12,19,2,12,2,0,11,2,12,7,10,1,0,2,6,14,19,9,0,9,4,5,17,9,4,14,5,6,12,16,3,13,12,1,8,5,18,11,19,1,13,17,7,13,15,2,0,9,17,0,13,3,3,16,0,6,18,10,16,19,15,6,15,4,10,18,17,7,15,13,16,7,4]"
ta22,1243,"[3,0,0,3,3,1,1,0,2,2,1,1,0,0,0,3,3,3,2,2]","[11,13,16,6,14,12,7,7,12,12,19,5,5,10,18,5,17,11,12,10,18,0,15,12,13,12,12,12,8,14,9,17,19,17,7,1,17,2,13,6,8,3,5,4,3,4,16,0,0,14,16,6,9,8,1,4,5,9,7,6,18,7,6,9,2,9,1,15,4,17,5,4,0,18,13,1,2,12,9,1,7,14,16,11,0,16,15,8,2,19,5,17,2,8,11,6,19,2,7,19,5,5,9,16,5,16,9,3,11,8,16,0,0,16,2,3,0,13,15,2,15,16,16,6,19,4,9,15,19,9,8,19,18,2,16,6,3,3,6,16,4,19,8,8,5,15,15,14,11,12,18,4,3,18,10,12,2,3,6,6,13,12,1,10,9,1,0,6,17,18,15,4,3,12,15,10,12,11,15,16,18,8,4,8,3,13,7,0,11,11,13,10,13,5,13,18,0,1,14,8,0,14,11,10,15,19,7,10,4,14,7,1,14,12,14,16,9,8,19,10,8,5,9,1,10,7,4,11,11,6,19,18,1,11,8,15,7,10,10,12,1,1,3,7,13,6,4,7,8,17,6,10,0,14,4,5,13,3,0,4,17,17,17,5,17,4,17,13,13,11,2,0,18,11,11,0,12,17,14,9,13,3,18,7,17,14,14,8,7,9,17,17,16,16,11,3,19,14,12,10,0,6,13,8,15,1,3,15,19,14,18,9,17,11,14,13,4,15,2,3,7,1,2,10,15,3,10,6,6,4,2,19,9,17,8,2,14,13,10,1,12,13,8,15,14,19,0,18,5,10,9,2,2,9,1,1,4,10,7,16,19,19,18,9,12,16,6,7,3,11,0,5,10,16,17,3,5,18,6,0,2,4,1,5,3,2,19,18,18,1,5,18,2,19,13,15,7,14,11,15]"
ta23,1164,"[2,0,1,2,1,2,1,3,3,3,2,0,2,0,3,0,1,0,2,1]","[19,5,8,13,1,10,4,0,12,1,17,2,12,16,18,10,14,15,18,8,15,0,19,7,14,15,13,9,17,13,5,16,2,10,18,14,11,17,13,7,18,9,9,3,11,9,14,17,8,15,4,6,11,8,15,6,19,8,3,18,16,10,5,1,4,3,3,10,0,14,5,17,8,14,6,2,7,8,6,16,12,1,17,19,2,0,8,12,15,9,16,1,6,17,7,7,17,2,4,17,1,17,16,16,9,5,14,5,8,12,17,0,9,7,4,11,12,10,10,19,8,4,3,15,4,11,5,1,2,7,10,18,19,7,12,12,1,13,13,7,8,17,2,9,4,4,15,11,12,17,9,16,7,18,10,18,18,5,5,13,11,12,2,11,5,0,0,14,8,19,9,4,13,15,14,19,11,12,16,17,14,7,2,1,1,18,15,6,1,5,15,1,14,6,13,6,0,3,16,11,9,15,13,9,2,11,14,18,3,0,0,2,0,15,3,3,7,14,15,14,3,16,19,6,10,3,4,2,11,0,19,11,13,12,12,13,3,18,5,15,9,12,6,1,16,7,12,7,19,19,19,3,11,0,12,0,4,13,9,5,16,14,6,5,17,16,3,4,19,13,10,0,0,13,15,1,12,4,15,10,13,3,6,3,7,4,2,19,6,18,10,8,3,2,16,9,18,1,9,14,19,3,2,4,12,1,7,7,11,4,13,10,15,6,11,5,11,13,11,5,4,8,14,2,18,1,17,17,0,9,16,16,12,10,18,13,7,19,11,4,18,10,17,9,11,15,14,17,6,14,10,6,16,13,9,2,8,19,2,12,10,4,19,0,16,0,5,2,1,7,6,0,1,8,3,5,14,18,10,16,6,19,5,17,1,6,5,8,8,7,2,8,3,10,18,15,6,9,8,18]"
ta24,1185,"[3,0,0,1,0,3,1,0,3,1,2,3,1,0,2,2,1,3,2,3]","[14,7,19,6,0,6,2,2,14,2,7,16,5,18,3,16,10,8,15,11,13,11,10,5,16,16,3,4,18,0,5,16,16,6,13,10,15,14,16,12,11,1,2,8,19,10,14,8,18,16,0,12,1,13,2,4,11,5,18,11,17,19,19,10,9,17,12,15,1,7,19,7,14,13,16,1,7,2,9,2,4,4,19,16,15,17,14,5,3,0,14,7,8,14,10,12,12,2,11,16,1,4,3,16,19,18,19,17,3,8,7,13,18,11,9,6,10,19,0,12,9,0,10,7,9,2,15,14,14,17,6,1,12,15,6,9,7,15,1,2,3,2,12,7,13,12,6,19,5,19,17,15,10,5,0,6,12,14,9,8,11,9,16,3,18,10,10,0,10,1,15,17,12,3,0,4,18,8,2,6,17,4,9,11,1,15,17,2,2,17,6,17,13,12,8,18,19,14,4,8,17,6,1,12,14,0,16,18,7,1,11,6,6,8,7,3,16,9,1,14,15,4,7,11,7,9,16,10,4,7,18,4,0,9,12,17,13,10,8,19,2,9,17,15,14,17,17,5,4,14,17,8,4,0,12,11,4,9,15,3,11,0,6,5,10,11,13,16,11,13,9,8,9,13,0,10,7,15,19,3,19,3,9,19,0,16,5,8,9,15,10,13,6,0,4,2,5,1,8,14,12,19,1,4,0,18,19,11,19,6,1,18,12,17,10,18,14,8,13,15,5,0,18,15,6,13,3,10,8,7,8,3,3,13,3,5,5,17,18,6,11,5,0,16,12,7,15,13,5,18,1,5,4,17,4,6,11,8,5,9,14,1,7,2,4,10,15,13,3,2,11,19,13,1,3,0,13,11,4,7,18,18,6,1,14,2,9,1,12,2,13,15,18,5,16,3,12,8,5,3]"
ta25,1190,"[0,2,2,0,2,3,0,0,1,3,2,2,0,1,1,1,3,2,3,1]","[0,15,0,6,6,1,13,12,14,7,4,5,2,10,18,7,12,9,19,5,18,19,0,18,4,19,7,19,0,5,7,16,15,5,18,3,17,12,15,16,9,4,15,10,4,2,18,9,16,8,17,5,11,9,13,3,3,8,1,9,8,8,9,6,18,2,10,12,14,1,18,8,1,16,2,5,3,4,6,2,14,8,15,9,13,4,11,8,17,7,13,14,12,0,6,5,15,16,17,5,13,10,7,0,1,16,8,19,17,1,11,7,13,3,2,19,19,7,7,14,9,16,19,6,0,10,17,18,12,14,4,17,1,11,9,12,11,1,2,15,9,4,8,14,5,15,13,0,3,15,16,13,4,10,8,17,11,14,9,10,2,6,16,1,11,18,2,5,16,16,18,1,19,8,9,14,12,1,3,14,14,16,1,11,13,2,9,15,10,12,19,17,13,19,6,3,8,6,11,5,9,10,8,18,7,4,6,17,10,8,18,18,0,1,2,15,17,7,4,9,12,18,16,8,5,16,8,4,15,14,12,6,15,1,19,12,16,13,7,5,12,6,18,5,17,17,19,13,2,10,19,7,13,11,4,3,2,15,7,14,1,19,10,6,2,4,2,4,11,0,5,10,10,9,15,13,19,0,9,7,12,15,8,0,19,9,13,19,0,14,0,5,6,18,18,12,2,0,17,18,14,10,7,16,12,18,17,1,13,11,14,15,3,17,1,9,3,11,7,11,3,0,3,4,7,10,16,0,19,3,5,16,8,15,4,5,13,0,11,1,3,16,16,10,3,4,6,17,14,14,6,8,6,11,5,5,2,13,14,8,6,13,3,15,19,11,4,1,13,11,2,10,17,7,12,1,14,2,15,3,6,10,0,4,12,9,7,17,10,11,3,12,0,12,17,6,3,2,18,11]"
ta26,1268,"[1,0,2,2,1,3,2,1,0,0,3,0,0,2,2,2,3,3,1,2]","[8,0,14,16,11,0,13,10,5,10,12,6,8,6,0,6,13,1,0,19,17,1,18,19,12,12,2,7,19,1,2,2,0,2,14,7,4,2,9,8,4,4,16,18,1,19,16,3,16,14,17,10,9,14,5,5,13,4,0,0,2,18,0,3,9,16,7,5,15,4,12,14,14,1,3,13,14,12,18,17,0,8,17,11,1,17,0,9,12,1,12,15,18,2,17,13,15,11,5,16,10,19,17,11,3,2,16,7,5,8,16,17,15,4,5,11,12,18,10,15,19,8,11,3,19,0,10,18,2,17,14,0,16,18,2,16,13,7,5,13,0,17,12,15,13,18,18,6,19,4,4,4,7,8,15,12,9,14,0,14,1,7,9,2,2,16,3,9,10,15,6,14,7,16,9,11,7,6,1,8,19,7,10,19,5,6,3,7,11,12,1,3,19,13,1,18,19,13,1,0,3,10,4,13,3,2,14,7,17,7,0,10,15,16,11,15,1,18,2,19,17,3,12,14,15,19,9,6,8,6,12,7,14,9,11,12,18,10,15,4,3,0,12,1,9,3,17,7,0,8,4,6,13,5,11,9,6,6,9,3,5,8,16,17,3,5,3,11,1,4,5,5,12,16,8,18,2,5,9,9,6,17,8,4,5,1,9,15,8,15,4,0,19,3,1,18,10,11,14,16,17,8,8,13,1,5,10,9,13,13,19,13,17,2,13,10,11,3,4,14,7,10,5,7,6,10,11,4,16,15,14,4,19,8,15,8,6,14,10,16,1,12,17,17,18,11,18,11,6,8,10,2,4,16,18,12,3,6,15,14,7,7,6,11,17,0,2,7,15,10,12,11,6,1,2,15,16,13,19,13,9,12,15,9,3,6,11,8,5,5,18,14,4,2,10,18,13,19,9,19]"
ta27,1291,"[2,3,1,2,2,3,3,3,0,1,2,0,2,2,1,0,3,2,0,1]","[12,15,15,11,14,18,15,2,13,13,19,13,15,11,8,15,17,2,17,7,9,8,0,15,6,19,4,10,13,12,13,3,1,8,0,11,6,4,6,12,2,2,7,9,17,9,7,6,17,17,14,9,17,3,8,9,17,17,7,10,2,3,15,0,4,12,3,13,5,3,4,10,14,8,5,3,0,12,17,9,13,3,17,16,5,6,13,7,0,17,3,0,6,7,0,7,18,14,4,18,17,2,14,7,11,2,16,0,4,16,1,2,19,18,5,13,16,3,19,8,0,2,10,19,1,9,5,8,5,19,9,19,8,8,0,5,16,18,13,6,7,2,9,6,14,16,3,14,1,0,7,4,16,2,2,5,7,1,11,15,8,18,13,17,10,12,19,6,8,9,18,1,5,6,10,17,19,1,1,4,6,2,7,4,6,16,4,16,2,4,11,15,3,10,9,19,19,10,18,4,0,11,13,19,14,15,4,11,10,19,9,10,14,19,7,11,12,0,10,7,3,10,13,13,11,12,11,16,19,4,8,16,4,5,1,2,4,18,18,1,11,12,12,15,11,10,12,12,5,17,0,1,13,12,5,9,1,5,5,10,1,1,17,14,14,9,19,7,7,19,8,17,10,14,6,11,14,8,16,0,8,3,18,3,4,19,16,16,5,2,14,1,6,9,10,9,14,15,6,2,0,19,4,19,18,13,16,18,9,14,12,2,2,3,11,3,16,15,16,3,0,14,6,4,10,10,11,7,7,9,15,12,18,6,17,8,12,5,9,6,13,0,15,1,4,3,5,15,8,8,15,8,18,15,16,6,1,3,12,12,17,13,7,2,13,5,11,18,5,15,18,13,10,1,11,16,16,3,18,11,17,18,14,15,0,7,1,18,9,5,10,12,1,8,14,12,11,14,0,6]"
ta28,1243,"[1,1,1,3,0,0,1,1,3,2,3,1,3,2,0,3,2,0,2,1]","[11,1,17,5,15,3,13,0,9,3,12,6,8,18,19,12,8,11,2,5,0,7,8,4,19,3,15,4,18,15,15,3,10,2,4,2,4,4,14,2,9,3,17,14,9,3,15,8,6,11,7,19,13,12,0,12,11,8,13,19,14,2,2,18,10,5,3,11,1,18,5,19,14,6,3,12,16,12,0,1,0,0,6,0,9,13,16,17,4,10,7,4,10,19,14,7,8,9,18,19,12,7,16,10,0,15,19,1,10,16,17,1,16,8,6,9,16,15,1,5,15,8,19,5,13,19,10,2,6,5,9,4,3,17,13,18,7,14,3,11,16,2,2,17,18,10,1,4,2,2,2,8,17,5,10,18,9,11,2,3,12,10,19,16,4,1,15,15,0,11,5,16,8,3,5,14,17,8,17,1,16,7,0,13,16,1,12,15,0,1,6,5,11,9,7,13,6,10,18,1,17,13,4,9,1,10,6,14,7,4,15,15,13,18,5,12,13,8,11,2,16,15,4,3,10,13,11,8,9,10,16,6,15,15,3,7,9,18,7,1,17,3,14,15,18,6,0,7,9,19,9,0,17,11,0,11,16,9,19,6,10,6,5,13,18,6,0,18,11,17,7,12,19,10,8,13,5,19,3,6,8,12,12,5,2,14,3,19,14,5,0,0,15,17,15,11,4,16,10,14,17,12,6,2,6,8,7,5,14,9,15,12,17,1,3,2,19,12,4,13,5,18,11,12,17,4,14,12,18,16,18,11,4,17,6,3,8,14,1,7,7,4,7,10,16,17,5,13,18,19,10,5,19,14,1,6,1,0,1,11,14,9,6,2,2,1,3,18,10,9,14,13,4,7,13,19,11,2,7,8,0,12,0,14,14,9,9,17,13,8,18,16,7,11,16,4,12,16,8,13]"
ta29,1292,"[3,2,1,0,2,1,0,1,2,3,1,2,0,3,0,0,2,3,1,3]","[3,17,6,13,6,5,15,3,12,2,17,12,12,13,10,17,6,11,16,9,4,18,1,19,5,3,15,9,16,5,12,12,8,17,11,19,9,15,8,2,5,10,1,10,12,4,0,15,8,9,12,15,18,14,15,9,2,3,2,7,0,13,11,4,14,0,11,8,19,19,2,7,10,3,16,14,10,15,12,19,1,4,1,9,17,4,4,7,2,14,10,7,4,10,9,8,17,18,1,18,16,19,3,16,9,8,6,1,10,13,5,15,17,19,2,12,7,15,14,16,14,19,17,10,2,8,19,18,12,2,18,11,3,17,15,12,18,9,0,19,5,10,18,13,0,11,9,3,5,2,5,2,1,0,7,0,7,16,1,16,1,11,6,19,4,13,19,6,17,13,3,6,14,13,1,8,5,14,5,7,1,18,14,13,11,5,18,13,2,4,14,2,7,7,15,17,3,11,9,11,1,4,14,7,18,16,8,3,15,15,6,13,3,16,17,6,18,5,10,16,19,9,18,0,6,1,8,8,15,1,4,9,14,1,1,5,2,17,14,13,15,7,3,15,11,12,3,5,14,3,5,13,6,14,7,8,0,6,4,19,11,13,15,11,8,10,0,8,12,10,4,4,10,6,16,4,2,17,0,17,8,9,15,13,14,6,12,3,10,10,0,19,12,0,4,12,17,18,17,0,7,6,9,18,7,0,16,6,8,10,1,11,10,5,11,5,18,11,17,5,8,0,4,9,13,4,12,16,12,16,14,13,7,14,0,16,3,17,5,6,19,11,3,1,19,5,13,7,19,14,0,9,3,18,17,12,9,11,1,19,13,2,0,9,4,2,4,1,18,18,7,11,19,12,7,7,16,16,8,11,9,2,15,6,3,8,18,10,10,14,6,16,2,8,0,2,6,15,16,13]"
ta30,1217,"[0,1,3,1,2,0,1,1,2,3,2,3,0,2,2,3,0,3,1,0]","[9,2,1,15,15,11,16,6,0,5,5,12,8,6,8,1,17,14,4,11,15,8,2,10,6,8,8,0,5,1,0,1,9,13,12,4,19,5,3,17,16,10,6,12,14,14,12,17,14,9,16,2,17,16,14,1,17,1,0,13,14,12,17,13,2,2,3,5,10,9,2,11,18,13,5,1,4,16,6,11,5,12,10,5,9,17,6,11,15,11,3,3,17,9,7,18,9,2,18,3,0,9,5,7,4,9,14,6,16,0,19,8,1,2,12,11,1,15,4,8,18,10,16,19,7,3,7,17,13,16,12,1,14,1,15,10,10,7,18,3,5,0,18,3,3,13,12,10,8,19,9,14,10,13,3,17,2,4,7,17,2,19,3,18,19,17,17,11,0,9,1,15,1,5,19,16,7,6,8,9,7,16,16,0,17,7,4,19,18,15,18,5,17,19,2,15,15,0,18,6,11,18,17,3,6,4,9,12,13,16,19,16,8,19,8,14,11,7,18,5,19,19,10,2,15,13,14,6,5,2,4,19,16,6,0,3,6,8,15,2,11,18,4,13,5,3,1,0,6,9,12,2,14,7,19,10,3,2,19,11,0,2,18,10,11,12,9,12,19,8,7,13,15,0,14,13,12,18,13,12,11,7,4,4,18,16,11,10,12,4,13,13,4,16,13,18,15,4,15,3,18,17,7,7,15,5,10,11,10,5,11,19,10,0,13,8,14,12,14,4,17,4,6,3,7,14,0,9,9,11,10,3,13,16,9,14,3,0,14,10,0,8,2,2,5,8,6,17,15,12,16,15,19,5,1,12,15,7,13,8,7,9,6,7,0,6,4,3,1,1,8,14,11,17,10,6,9,1,7,11,13,1,1,0,19,6,8,15,14,8,2,18,4,16,4,5,16,18,12,10]"
ta31,1062,"[1,2,0,2,0,2,2,1,0,3,3,2,1,3,1,1,0,0,0,1,0,0,0,3,3,1,3,1,2,2]","[5,22,24,9,0,26,12,6,27,17,27,22,0,25,4,8,23,16,24,24,25,13,5,21,24,1,19,16,1,20,22,5,20,11,27,17,17,4,28,15,3,18,21,8,13,20,15,22,5,24,14,16,5,8,16,10,19,17,14,14,25,16,13,16,23,29,21,0,15,17,1,3,22,4,7,25,2,6,23,13,16,11,23,12,18,0,15,23,21,1,3,28,8,17,21,9,0,7,22,12,18,13,26,2,26,13,10,14,11,29,22,12,22,10,13,10,27,18,22,23,25,1,6,8,9,9,28,0,13,23,11,16,16,2,28,20,8,19,27,15,13,21,19,14,4,7,5,2,28,15,7,10,17,29,8,25,19,22,19,25,2,20,2,18,21,8,24,25,23,27,6,27,21,20,3,6,20,29,4,1,6,9,5,18,3,0,19,26,5,27,15,7,23,13,13,28,27,0,7,25,0,22,6,9,17,12,6,14,19,24,21,18,15,17,11,23,12,20,9,2,10,11,3,12,25,26,19,11,15,20,16,18,29,14,1,26,2,12,28,15,25,26,17,27,14,6,14,5,1,27,3,9,24,29,13,17,28,1,15,19,29,11,19,8,10,16,4,29,26,8,17,17,14,23,7,18,4,26,6,6,0,9,18,10,4,16,28,1,5,1,21,9,21,6,8,25,28,1,0,29,11,27,4,2,3,18,26,6,24,14,1,4,18,13,21,2,25,7,15,27,5,10,28,1,12,9,14,20,12,16,22,14,25,21,13,23,12,29,24,10,16,5,0,5,11,11,7,7,10,7,11,3,15,12,28,26,22,26,2,9,4,5,2,23,3,5,2,24,6,7,3,8,17,11,3,29,13,9,19,0,24,12,15,2,10,10,3,24,9,2,20,23,18,16,10,29,19,1,21,11,22,18,4,21,29,10,28,29,28,18,26,4,15,9,12,22,27,11,8,24,24,8,23,8,7,7,26,14,14,17,26,28,7,3,19,3,29,20,19,0,6,4,4,25,12,20,0,20,20,27]"
ta32,1103,"[0,2,1,2,3,3,2,3,3,1,2,2,1,1,0,1,3,2,3,2,0,1,3,0,2,1,0,0,1,0]","[17,26,6,14,24,26,21,4,11,4,21,5,19,9,9,28,4,15,13,13,23,29,20,13,10,23,26,1,5,11,5,7,20,1,29,15,28,1,6,25,21,20,2,3,18,13,21,9,10,26,2,7,7,0,16,6,22,28,11,21,1,0,16,25,10,26,0,16,11,28,14,8,6,14,13,12,1,12,28,5,6,2,17,29,0,27,19,0,28,20,7,12,19,3,4,21,1,0,3,11,17,13,22,29,22,13,21,2,6,20,29,29,0,8,13,26,10,22,16,15,20,27,10,11,8,26,14,21,23,4,5,17,1,29,11,11,14,8,27,29,16,8,5,25,12,12,3,4,27,26,7,9,7,12,5,27,22,22,28,0,15,10,14,28,5,24,8,9,18,23,17,6,14,18,19,19,15,25,2,4,1,3,2,22,25,19,24,4,24,4,27,18,12,23,7,16,4,3,0,2,10,20,18,14,3,15,7,28,27,23,6,14,15,21,2,21,2,19,15,13,7,8,23,2,18,25,24,8,5,11,16,5,1,16,16,25,10,29,27,5,19,20,19,3,3,19,24,23,18,11,11,27,9,18,24,12,14,9,29,8,0,9,3,29,24,22,28,23,3,17,3,27,2,28,1,17,0,12,5,15,2,19,25,27,20,8,7,26,17,20,3,24,15,6,11,24,27,18,12,7,17,28,22,3,22,28,24,29,20,2,4,7,26,13,18,9,17,20,7,14,10,4,16,10,22,5,22,10,5,10,8,12,11,26,24,25,15,17,24,23,4,16,21,1,18,25,10,6,25,18,16,1,26,26,13,14,9,16,11,22,16,27,8,13,23,19,23,1,17,9,4,12,26,6,15,9,15,19,15,16,9,1,25,25,22,6,13,5,17,23,19,0,20,6,6,13,2,13,17,17,11,21,7,2,9,29,0,29,25,23,6,27,8,7,21,25,14,27,29,0,28,21,14,1,19,9,18,24,15,4,28,12,18,8,10,26,3,23,10,20,18,8,12,24,21,0,14,12,22,20]"
ta33,1086,"[2,2,1,3,2,0,0,0,0,2,0,2,1,3,1,1,0,1,0,3,1,2,3,2,3,2,3,2,1,3]","[8,5,29,11,19,22,18,28,21,20,13,1,25,22,13,29,1,16,11,9,24,15,22,2,9,11,29,12,10,2,18,17,7,20,14,15,7,14,27,0,27,27,16,2,14,9,6,18,27,5,5,10,4,29,9,17,21,10,18,15,1,18,9,23,29,28,6,0,8,2,19,15,25,3,19,7,7,28,21,2,21,28,24,15,21,0,4,24,24,3,14,12,4,26,13,22,7,22,19,23,18,13,3,24,8,16,19,23,7,10,0,21,20,21,23,23,15,5,15,25,27,20,22,14,0,25,6,23,23,12,27,16,16,27,4,11,4,0,16,2,10,6,11,12,13,27,13,7,0,29,19,0,20,26,3,11,3,5,2,16,16,29,12,29,19,25,9,21,28,8,23,6,14,26,8,26,7,20,22,22,19,8,8,18,4,0,9,5,25,11,25,26,14,3,29,28,13,4,9,13,21,8,25,6,21,23,8,8,2,5,19,26,5,21,20,24,24,18,3,26,4,7,14,19,26,14,28,17,18,1,11,17,28,3,24,6,13,28,11,12,16,19,13,10,9,27,15,23,2,20,8,17,0,4,5,0,1,14,1,11,6,20,25,3,15,1,16,13,10,12,6,12,9,10,7,27,14,15,20,16,3,14,27,27,7,2,11,21,13,15,13,15,17,1,17,5,22,19,26,23,3,29,21,24,12,4,12,9,24,15,0,28,4,2,9,0,28,28,12,21,0,17,10,17,14,18,24,9,15,11,12,27,6,4,10,11,19,29,23,1,16,12,4,10,4,18,21,28,3,20,29,1,22,7,4,8,26,18,18,29,14,24,17,25,17,11,22,0,10,17,14,8,10,20,13,8,19,22,10,7,10,2,28,24,25,29,29,1,15,16,25,1,17,8,22,18,11,27,18,26,1,26,5,23,27,16,1,13,17,25,9,6,2,5,25,26,24,20,19,22,20,6,28,7,22,16,7,26,3,5,6,23,9,6,20,23,1,25,17,3,26,5,3,12,6,24,5,12,2,2]"
ta34,1075,"[2,1,3,2,1,0,0,0,1,2,3,2,0,3,3,3,0,3,0,2,1,1,1,1,2,3,0,3,0,3]","[20,7,17,22,11,15,24,14,9,13,22,13,0,8,0,29,26,1,26,18,19,27,29,10,27,22,22,4,9,29,8,6,29,9,4,8,24,3,8,12,12,25,26,21,16,7,25,1,29,23,27,18,29,11,20,13,15,13,15,0,17,5,13,15,7,6,19,2,14,4,24,7,4,22,27,2,23,27,6,16,10,8,9,6,7,8,5,6,20,5,26,21,7,11,2,19,20,21,21,24,24,25,4,15,20,27,23,18,15,15,2,3,0,14,0,23,17,15,16,22,1,6,15,28,27,17,10,11,23,29,2,13,21,26,26,5,3,1,21,2,29,25,7,0,1,10,7,19,5,9,4,12,0,24,17,10,1,28,13,18,5,15,1,4,25,0,21,12,25,2,13,19,8,1,7,12,17,16,17,8,27,28,17,11,23,11,2,27,4,3,29,25,13,3,17,11,26,17,10,26,25,20,16,9,25,11,7,20,27,27,3,21,12,1,19,18,6,0,26,28,16,23,20,28,17,9,29,27,22,12,18,15,5,19,17,14,28,29,14,10,12,15,9,27,10,22,21,18,14,20,11,26,5,24,23,2,20,24,8,8,5,10,16,5,0,10,4,21,16,20,14,28,18,22,8,0,13,25,19,16,24,1,3,10,7,11,11,20,24,7,28,0,19,2,13,10,28,12,3,7,18,18,9,5,22,6,16,25,21,12,11,7,6,5,21,6,28,29,3,1,11,21,18,4,29,18,12,3,12,28,1,19,20,23,19,1,17,18,5,16,4,8,17,6,28,25,28,26,6,21,7,5,24,20,0,2,19,2,22,18,12,12,23,10,9,23,14,14,14,22,0,22,14,23,3,8,13,1,14,20,24,29,4,0,14,15,8,16,2,9,19,2,23,16,9,14,9,26,27,10,28,28,3,19,14,25,3,13,9,24,2,26,9,23,15,17,15,4,26,1,29,12,27,13,3,5,6,23,10,24,25,6,16,11,26,8,24,16,21,11,22,25,4,22,18,6,3,13,4,19]"
ta35,1081,"[1,2,1,3,2,3,1,3,0,0,1,3,2,1,0,1,0,3,3,3,2,0,2,2,1,2,0,3,2,1]","[25,12,2,18,2,1,24,7,28,17,24,22,11,22,7,29,1,6,27,21,17,21,26,3,6,22,28,1,14,16,17,0,6,10,15,16,13,8,2,28,3,11,29,18,3,28,20,13,16,9,7,20,29,1,14,4,5,12,1,15,26,5,14,6,18,26,1,7,28,5,17,9,25,11,23,6,21,14,24,28,25,15,21,28,26,6,26,0,2,23,4,13,6,22,7,10,3,13,23,19,1,12,25,23,9,19,11,11,16,25,3,2,12,20,25,4,19,12,26,4,23,27,9,27,17,3,25,7,17,9,12,8,10,11,18,1,8,8,20,5,13,10,13,0,8,13,20,19,3,25,1,19,13,25,0,21,5,22,19,10,25,22,5,4,11,16,28,27,21,0,14,24,21,23,20,8,22,22,26,3,17,13,11,12,17,19,15,12,6,5,18,2,14,7,14,2,0,25,23,27,19,10,3,2,15,11,25,19,27,6,27,24,19,29,0,24,19,12,15,27,16,3,17,18,21,13,3,22,10,24,4,24,0,29,25,18,18,20,26,5,13,24,10,8,22,27,19,12,8,18,3,9,19,5,7,14,14,10,9,17,15,2,23,27,21,28,26,17,16,18,1,8,29,29,11,4,12,10,15,13,7,4,9,20,22,6,24,24,11,15,4,0,26,29,9,8,15,24,4,27,10,19,11,28,5,9,14,23,29,7,27,6,21,10,5,2,0,14,0,28,20,10,3,3,4,24,12,14,1,20,27,28,3,21,15,8,22,14,15,1,29,4,14,27,2,12,11,15,29,8,18,1,20,6,16,29,5,16,13,8,4,6,17,2,16,5,2,2,0,2,17,17,1,10,26,16,23,23,8,16,9,6,12,7,20,22,8,5,25,6,0,4,25,7,15,16,18,24,9,1,15,9,11,29,10,14,28,18,29,21,21,11,23,28,23,7,9,5,29,13,26,26,13,17,27,16,23,7,0,21,19,20,24,7,4,18,23,16,26,12,18,20,0,26,22,22,20,9,28,21]"
ta36,1113,"[3,0,0,3,3,2,3,1,0,2,2,0,3,2,0,0,3,3,0,1,2,1,0,1,2,1,1,2,2,0]","[19,23,16,21,10,18,4,2,3,11,20,10,9,7,8,22,16,17,3,9,29,12,2,28,21,13,22,24,27,27,1,26,16,8,26,3,8,29,3,10,26,17,12,24,24,0,25,14,24,10,18,11,20,25,15,5,27,21,28,21,21,28,23,6,24,27,9,20,10,28,9,2,29,21,13,15,12,21,0,23,4,3,13,10,11,22,12,19,26,21,9,19,1,14,13,2,18,1,6,5,28,10,5,6,13,25,14,1,20,5,27,25,29,22,8,16,17,6,18,2,19,12,23,16,5,29,28,17,28,25,29,18,0,4,11,29,11,6,13,27,0,16,10,0,6,19,26,24,9,4,11,13,12,27,3,2,7,24,3,19,18,20,6,11,16,18,1,18,7,16,4,6,0,0,12,20,23,25,14,19,22,21,25,13,18,1,13,23,11,2,26,25,19,23,0,1,21,14,12,3,28,21,20,7,14,14,29,2,12,27,6,9,17,21,5,4,28,0,20,16,23,4,11,17,20,8,26,15,17,14,5,29,17,27,23,8,11,15,20,15,18,16,4,6,15,19,7,8,4,29,11,9,4,29,26,19,27,16,26,14,14,5,23,24,28,6,13,18,23,28,10,2,12,22,24,23,1,10,25,21,21,1,29,28,13,23,18,14,22,15,1,15,22,24,24,27,9,3,13,0,0,10,22,5,19,17,13,8,23,9,2,8,14,15,24,15,11,1,28,22,27,9,28,10,7,8,15,5,22,7,2,1,13,20,6,2,24,20,7,10,11,27,25,25,19,12,20,8,22,12,27,3,26,20,9,17,8,22,7,8,9,14,6,17,3,16,7,0,22,27,21,5,14,29,18,19,12,10,0,11,12,29,15,22,20,3,1,3,5,19,4,7,5,1,18,4,7,1,15,0,6,10,28,5,15,4,3,24,7,26,9,25,2,26,24,17,29,17,0,25,8,25,9,7,14,17,18,16,13,7,19,3,12,17,4,11,26,25,26,15,6,2,4,26,8,2,16,5,16,23]"
ta37,1121,"[3,3,1,1,3,0,2,1,2,0,0,0,3,3,2,2,2,3,1,2,2,1,0,0,3,1,0,3,1,1]","[15,25,3,4,2,18,13,26,1,1,26,23,2,23,24,15,8,4,4,9,23,11,9,4,14,0,6,29,16,3,0,6,10,20,12,25,8,4,13,1,22,16,14,3,12,15,29,12,15,22,10,2,8,9,18,11,2,8,26,6,20,17,8,1,7,27,29,24,5,12,13,6,15,27,21,28,19,13,0,0,16,24,27,3,3,1,10,18,7,24,23,8,11,11,23,21,19,20,0,12,16,25,11,27,15,29,19,0,21,16,27,10,16,27,9,29,24,28,29,21,15,28,20,6,20,21,20,0,19,21,9,24,22,7,25,1,26,25,7,22,22,27,6,12,6,1,27,6,21,15,9,2,5,26,13,15,2,7,3,19,28,7,18,14,28,17,17,1,16,20,1,18,27,7,5,10,20,14,16,14,8,11,27,6,25,9,28,12,19,10,3,17,4,23,29,22,5,6,13,14,10,28,5,0,8,2,21,8,22,25,5,1,23,5,22,15,6,26,28,12,24,15,25,22,25,12,28,29,18,4,2,25,11,5,13,1,25,9,20,29,2,29,3,11,7,15,11,20,8,18,22,4,18,20,28,4,5,21,29,19,0,4,14,27,27,11,7,22,20,29,13,27,3,14,26,2,25,19,7,8,26,24,7,12,19,27,25,7,22,17,28,21,16,26,21,18,23,3,23,1,14,24,24,2,8,18,17,4,17,23,12,26,24,9,11,0,14,15,17,13,20,4,13,0,9,16,3,18,0,21,3,8,13,5,1,0,8,9,5,28,17,18,17,26,20,14,26,24,15,5,1,21,2,9,23,28,27,10,10,11,14,10,29,19,0,16,18,13,17,22,2,9,22,19,3,13,3,11,6,28,18,22,13,17,28,17,10,4,16,7,0,29,25,16,29,21,25,7,26,19,11,4,12,2,11,15,8,23,18,14,10,21,9,9,19,24,5,13,16,4,24,14,23,12,23,10,2,3,19,14,17,5,20,5,1,10,26,6,17,23,24,26,6,12,6,19,16,12,7,10]"
ta38,1087,"[2,1,2,2,1,2,1,1,0,0,1,2,0,0,3,0,2,3,1,1,3,3,0,3,2,0,3,2,1,3]","[12,4,21,14,29,15,23,29,4,7,17,3,18,2,21,9,11,17,17,6,29,14,18,8,28,3,12,24,19,20,2,25,29,10,5,21,18,15,16,9,21,18,16,1,5,25,26,10,16,3,0,7,6,2,12,8,16,0,28,6,23,1,29,15,12,10,13,16,2,4,21,29,25,13,6,21,23,5,8,16,9,19,26,10,15,2,26,15,2,18,16,24,13,10,27,4,28,14,19,13,14,7,20,27,29,22,9,26,4,8,29,5,27,3,19,11,4,23,10,10,24,21,27,18,12,17,15,7,5,16,28,23,27,1,14,22,25,19,10,6,29,10,5,18,26,6,17,29,6,7,28,11,28,0,26,12,27,3,28,1,0,5,27,26,22,22,23,1,18,2,7,22,1,13,5,1,6,8,20,21,26,5,9,16,22,17,8,18,23,8,10,0,19,9,21,21,11,22,17,10,9,29,3,8,2,1,20,2,11,14,17,29,22,27,16,8,24,28,3,13,23,5,22,12,21,16,19,17,22,29,22,13,14,7,1,0,16,20,29,20,23,3,19,6,8,4,3,26,24,10,28,2,14,0,12,28,28,7,28,23,27,1,15,19,15,17,21,11,24,11,4,3,2,25,12,0,6,18,24,24,3,4,13,17,8,7,20,11,26,12,11,1,20,23,23,12,15,25,27,6,21,25,14,20,3,10,24,4,25,4,0,0,14,0,17,9,19,28,0,26,15,27,24,14,15,20,6,25,13,7,1,26,20,29,13,26,19,2,14,25,19,11,7,11,9,18,11,0,16,4,5,27,27,28,12,9,27,15,13,17,9,14,9,18,7,22,1,25,24,4,16,13,25,22,19,6,23,17,18,0,5,14,22,25,21,2,25,23,12,8,4,8,10,26,7,23,15,2,18,6,9,2,20,3,18,28,24,3,26,22,3,12,24,17,25,7,11,13,10,6,13,15,8,7,19,24,5,1,27,4,16,12,9,5,8,9,15,24,19,20,14,20,11,0,1,5,13,21,20,11]"
ta39,1067,"[3,3,0,2,2,1,0,0,3,0,0,2,1,2,0,2,1,1,2,2,1,1,3,3,0,3,1,0,3,3]","[24,22,13,23,16,7,19,28,5,11,1,19,9,27,1,17,19,5,16,15,14,26,27,18,22,3,1,8,18,21,19,15,18,28,8,26,29,19,6,2,26,2,25,18,7,16,14,17,11,1,7,21,21,20,25,16,17,3,6,18,2,26,12,4,11,10,21,17,23,9,19,21,23,24,7,7,22,11,25,5,10,4,14,25,17,0,6,19,7,20,13,20,3,26,27,14,16,20,0,2,4,21,13,9,3,24,23,18,24,22,5,25,12,1,20,1,14,3,5,23,15,18,17,17,29,0,28,27,9,28,27,2,10,15,7,24,21,26,5,17,22,16,18,9,2,17,13,28,14,11,24,23,10,12,12,29,28,11,3,8,14,22,18,28,21,6,22,11,12,29,29,20,1,8,8,4,1,14,14,26,9,12,11,28,6,19,0,4,13,22,29,26,4,29,8,18,22,25,11,7,6,9,10,7,6,25,20,5,27,15,0,19,1,10,8,0,15,25,4,12,24,0,29,14,2,5,12,27,11,14,16,28,6,26,8,29,23,28,25,28,10,4,20,23,17,17,13,4,10,14,13,10,4,18,27,25,15,1,24,27,8,22,4,12,26,0,24,16,6,13,1,0,2,29,16,24,1,20,27,15,13,27,29,15,24,16,13,11,0,26,19,18,8,9,7,14,23,15,26,5,24,22,29,11,5,13,21,5,23,7,18,9,5,6,13,23,29,21,12,2,26,15,14,8,25,23,19,20,21,3,8,3,11,7,12,12,3,19,26,29,28,1,17,18,0,22,3,12,24,1,6,27,19,5,10,22,18,23,9,9,6,8,29,9,15,0,12,12,20,0,21,0,17,16,21,13,8,2,7,9,6,23,14,20,2,4,13,27,23,3,1,17,10,9,28,3,8,24,3,2,16,5,3,20,21,6,0,11,25,26,3,20,19,15,10,24,28,10,4,15,9,11,27,25,2,6,22,7,7,4,20,13,15,22,16,10,17,28,2,16,19,21,16,25,2,25,27,4,5,10]"
ta40,1077,"[0,2,3,2,2,3,1,1,2,3,0,1,0,0,0,1,3,0,3,0,3,2,2,1,2,1,1,0,3,1]","[5,24,17,4,20,22,29,18,20,9,29,27,9,13,3,5,24,16,0,21,6,22,23,1,25,27,15,14,12,11,2,5,18,27,10,29,18,2,17,25,21,21,1,11,15,9,24,28,26,21,1,23,25,27,26,27,12,29,13,8,26,0,1,5,8,26,23,6,11,29,23,29,22,22,19,11,23,2,2,16,9,16,14,3,15,10,25,7,0,14,28,2,19,6,7,14,8,18,4,6,24,23,14,6,29,7,12,16,8,6,13,19,6,1,20,10,0,13,28,14,20,24,24,29,7,20,0,13,12,28,12,25,6,18,14,0,17,27,7,18,8,9,24,11,29,17,8,3,12,22,23,19,17,23,25,16,14,7,13,21,14,27,23,19,1,26,6,9,26,15,0,11,27,21,19,15,12,11,7,6,5,10,5,22,4,8,5,16,2,8,6,24,21,22,15,25,24,6,5,17,1,11,20,4,28,25,21,21,28,17,24,9,27,15,21,8,28,24,8,28,10,11,28,7,26,28,3,26,21,20,18,25,22,28,15,2,9,7,5,1,19,5,19,8,16,9,16,5,10,18,21,12,12,8,3,19,25,1,23,18,20,15,11,12,10,4,0,5,15,20,0,4,6,4,7,12,20,10,6,15,13,18,13,4,16,18,3,4,28,7,24,9,27,23,18,19,26,2,14,24,14,16,17,11,26,10,20,14,0,7,22,9,5,14,16,12,8,10,9,27,3,3,9,18,0,4,19,11,25,6,11,4,17,16,1,27,21,0,3,29,10,27,29,12,25,3,26,16,29,13,3,1,13,26,3,17,4,2,13,20,29,11,10,21,26,2,12,0,8,3,19,25,22,17,3,1,11,25,22,25,13,26,29,4,19,0,20,15,2,18,2,10,1,13,24,2,13,17,17,15,27,5,7,17,14,14,9,29,24,8,19,16,18,5,15,22,28,17,22,9,23,4,7,22,23,20,28,10,2,26,4,23,3,21,22,10,0,20,1,1,27,28,2,19,12,23,13,7,15,16]"
ta41,1376,"[2,0,0,3,2,1,1,3,2,3,2,3,1,0,1,3,0,0,2,3,2,0,1,0,2,1,3,1,0,1]","[23,5,19,2,10,0,22,0,21,20,5,28,15,24,1,9,25,21,27,4,14,26,29,14,19,5,16,1,26,18,20,19,3,29,20,1,6,2,1,20,7,0,26,21,25,18,11,27,10,17,25,20,27,10,7,1,27,11,18,11,14,23,3,20,0,12,17,12,0,8,12,17,1,23,1,12,28,26,17,20,2,24,7,7,16,7,13,26,11,16,23,8,14,27,15,6,28,20,24,3,10,7,23,18,1,2,15,18,14,23,21,21,22,26,6,14,25,13,7,9,9,7,3,3,24,20,19,13,23,9,11,27,15,8,19,16,2,15,13,7,13,18,4,23,27,12,6,14,15,4,22,6,25,0,23,12,25,8,6,16,8,29,4,13,20,8,18,9,11,4,21,10,2,4,3,9,16,22,26,14,4,23,27,16,2,4,29,9,6,19,16,24,20,29,18,10,17,22,15,10,22,3,4,3,11,12,28,17,17,20,28,28,6,8,6,0,28,21,9,9,8,17,28,24,17,24,1,11,14,7,13,27,15,26,19,28,10,21,24,6,10,20,20,21,26,0,13,10,12,1,29,22,0,25,20,15,3,12,20,25,1,25,10,18,2,2,20,17,4,11,29,21,11,9,22,2,3,29,19,9,5,3,12,24,21,15,16,25,8,27,3,25,21,28,18,5,22,9,24,18,4,18,7,15,0,28,23,8,5,13,17,22,18,22,27,23,16,3,24,8,0,11,10,1,0,9,26,5,19,26,23,12,2,20,29,29,11,22,0,4,10,21,14,19,11,13,13,13,6,8,15,4,19,5,17,18,15,11,6,2,14,12,14,15,16,27,28,8,27,19,11,16,12,18,25,21,25,13,17,1,29,21,16,1,16,7,22,22,1,7,28,10,29,6,22,5,23,27,27,19,7,15,23,13,17,29,5,0,5,28,9,19,14,10,7,21,27,18,24,5,0,26,25,12,8,1,4,3,8,4,26,9,25,16,2,6,24,23,7,24,25,23,22,19,27,9,25,26,15,14,2,18,8,5,15,15,19,1,19,28,28,25,23,26,16,2,9,4,7,26,14,6,28,9,13,19,17,4,16,20,3,0,12,7,2,15,26,0,6,16,3,26,22,26,7,24,4,11,19,0,5,14,14,3,24,23,28,29,25,11,6,27,13,4,29,16,17,21,5,10,14,8,17,6,10,5,21,20,1,19,5,10,29,16,12,24,27,8,5,1,22,25,2,2,13,6,28,2,0,12,22,23,29,7,9,10,1,11,15,18,6,18,12,21,29,3,29,17,9,28,24,24,14,11,13,27,8,22,18,3,12,11,8,14,17,10,17,4,13,26,2,5,13,0,21,3,24,5,29,12]"
ta42,1353,"[0,1,3,2,2,2,3,1,0,0,3,3,0,2,1,3,2,0,0,1,1,2,0,1,3,3,2,1,0,3]","[3,28,7,21,23,19,4,27,2,10,14,24,12,25,4,19,18,5,27,13,11,11,20,29,13,25,7,25,15,10,1,1,11,21,28,26,5,4,27,17,9,15,29,15,7,12,16,14,10,29,26,5,28,11,26,0,24,26,21,15,19,25,10,17,20,27,22,23,6,29,12,20,8,16,6,8,26,12,24,23,6,7,19,11,5,2,3,11,17,4,11,8,16,22,25,29,28,20,15,20,6,21,20,3,5,16,6,18,19,6,19,19,5,8,29,27,12,15,20,4,20,0,15,24,10,25,13,13,4,18,28,7,3,28,24,12,20,2,2,24,4,20,28,23,28,27,0,3,8,20,21,21,24,8,8,17,28,17,26,2,9,16,5,1,19,9,9,21,17,24,1,16,7,23,0,5,0,20,1,29,22,15,21,0,13,18,16,7,3,8,1,25,28,29,2,7,7,27,14,15,8,10,24,22,10,11,7,12,2,14,3,24,26,1,19,0,6,10,16,18,15,2,20,0,10,18,10,21,28,14,22,18,11,0,3,12,9,27,11,19,25,15,21,28,22,13,4,22,20,14,0,27,26,11,7,5,5,19,4,0,9,25,4,29,7,11,18,18,5,2,12,1,6,27,13,24,16,11,10,2,3,0,22,26,18,18,29,29,8,24,29,8,27,2,18,2,25,24,13,25,7,15,16,1,27,25,26,6,0,8,12,14,2,13,17,3,16,1,5,17,3,4,18,9,22,11,14,17,23,0,2,29,20,4,14,3,23,26,5,26,25,22,18,4,14,8,14,12,23,20,20,12,21,6,28,19,16,13,16,4,5,5,6,11,25,9,9,16,16,14,24,15,2,23,19,1,29,7,17,4,14,10,17,13,23,13,14,27,10,22,0,17,21,13,6,8,12,8,7,27,23,2,13,21,26,15,9,13,19,11,1,29,8,22,8,14,12,24,14,15,16,9,9,15,28,1,23,5,14,10,3,10,9,12,17,27,1,3,22,9,29,23,29,12,25,26,20,6,2,27,17,24,5,12,26,24,20,6,6,22,25,3,8,13,0,7,5,23,7,3,13,28,19,23,19,7,24,6,3,21,25,23,21,21,14,2,23,24,17,28,9,10,1,23,21,29,27,22,19,17,13,26,4,11,3,16,10,22,12,17,10,11,17,8,9,1,9,22,9,27,6,0,6,7,10,15,26,14,22,9,4,1,0,11,16,26,6,12,23,1,1,28,28,2,18,26,6,28,4,3,2,17,5,22,18,4,18,17,29,19,25,15,28,11,9,0,16,13,27,14,24,25,15,18,3,8,12,26,16,13,20,7,27,1,21,22,29,23,21,19,10,15,0,4,18,18,21,25,5,19]"
ta43,1329,"[0,3,3,1,3,0,3,1,2,0,1,3,2,3,1,1,0,3,1,0,2,2,0,2,1,0,1,3,0,1]","[10,11,6,26,21,25,26,14,25,18,5,9,4,28,4,19,4,17,14,14,21,2,4,13,28,20,16,15,29,25,20,26,16,21,11,25,19,19,8,24,22,6,20,8,17,16,1,16,1,24,13,4,14,21,9,0,16,7,3,9,24,16,20,23,6,22,3,4,12,1,13,8,14,20,12,27,3,26,28,5,5,26,10,21,24,12,8,5,0,19,21,22,2,16,19,1,7,15,11,13,7,15,20,25,16,2,23,23,27,9,11,27,5,25,1,1,20,24,13,17,9,2,4,21,6,26,10,20,1,11,8,27,7,16,11,18,15,12,3,10,16,28,14,18,16,29,21,10,25,7,26,17,23,18,14,6,10,20,23,1,11,25,19,2,0,20,2,19,29,8,9,1,17,2,8,15,18,3,23,23,7,8,3,5,12,22,23,11,12,15,3,16,7,8,23,0,13,26,20,4,3,25,6,25,25,13,28,24,9,14,7,8,27,28,26,17,9,2,19,3,12,11,7,24,26,18,17,9,5,16,26,15,28,21,3,20,19,8,12,27,19,12,26,12,29,25,20,4,24,11,23,25,1,0,11,6,28,9,21,14,0,7,18,16,4,22,11,4,28,19,29,5,24,13,23,2,10,13,13,22,23,5,12,2,22,8,3,0,3,6,10,22,19,0,8,17,2,1,8,24,26,15,0,10,28,15,15,12,29,22,19,27,22,15,26,25,29,22,9,27,18,17,2,21,10,3,10,17,22,10,7,13,7,10,12,20,25,21,27,27,0,29,7,19,17,26,11,4,13,26,4,3,29,2,26,27,27,6,8,13,6,5,29,7,14,2,3,5,14,29,15,8,18,8,5,19,28,8,13,14,18,11,29,16,10,1,12,0,26,27,1,2,20,3,24,14,0,27,24,6,23,2,22,14,24,3,16,23,17,10,6,13,0,9,9,6,14,1,12,7,1,0,3,28,2,4,0,7,24,15,14,16,15,12,9,14,19,21,28,23,3,3,28,10,19,27,9,11,27,29,22,23,2,0,29,11,29,15,5,0,16,5,6,10,18,19,15,11,1,22,29,10,29,4,12,23,11,8,19,4,28,4,28,7,16,18,26,24,2,1,24,0,18,18,22,5,27,10,25,29,18,21,28,10,14,8,20,17,18,13,11,22,6,11,21,22,15,21,15,6,5,24,12,5,25,16,18,21,17,21,23,4,28,5,21,27,24,24,20,25,0,17,20,21,17,28,29,1,27,14,13,6,25,15,23,14,1,19,17,4,0,9,26,7,18,9,9,12,13,5,6,27,18,15,20,22,24,22,9,13,13,9,5,18,2,17,20,6,7,29,1,6,4,12,23,28,17,25,7,17]"
ta44,1347,"[3,3,1,0,3,1,3,3,3,1,2,1,2,0,2,1,2,2,3,0,3,0,1,0,2,2,0,1,1,2]","[15,19,29,21,5,14,0,22,24,22,28,21,17,29,6,17,4,1,0,17,17,12,17,16,10,12,0,9,15,24,26,2,13,28,23,26,24,11,11,13,6,8,5,5,13,9,3,20,7,17,14,12,2,15,23,8,5,28,28,16,15,26,20,26,18,27,29,19,14,5,18,29,2,25,23,14,16,15,29,5,12,25,16,21,24,0,0,25,29,29,17,8,18,0,21,0,22,10,25,22,15,2,20,23,12,14,27,4,10,4,17,26,14,13,16,9,13,18,17,23,11,27,5,27,12,2,22,7,27,21,10,23,3,11,15,7,12,16,20,13,3,2,15,23,13,14,6,2,6,11,17,20,10,13,4,3,18,15,6,2,23,24,14,13,12,8,26,25,19,11,16,21,7,2,3,7,18,13,10,25,20,17,13,5,28,26,13,24,6,15,26,15,27,1,22,0,28,19,29,19,27,22,7,15,0,10,8,17,2,19,4,23,18,28,22,12,26,17,10,21,10,28,9,9,8,8,22,4,11,16,14,25,21,1,3,26,0,3,23,12,2,6,27,20,4,25,13,4,22,4,2,3,28,12,18,21,2,1,14,13,1,9,1,26,19,25,2,9,3,28,19,29,15,28,13,11,6,8,0,0,9,23,4,12,24,20,27,25,3,12,15,9,22,5,24,25,20,19,16,12,29,24,11,9,9,24,16,16,29,0,25,19,23,28,26,10,22,1,4,27,8,18,16,27,18,20,3,8,25,3,29,14,12,6,22,4,16,1,14,20,11,27,23,17,8,1,27,6,29,29,24,24,8,3,4,10,20,6,24,7,26,3,4,1,11,3,22,18,11,10,18,29,27,25,5,9,12,7,22,2,19,5,20,10,14,14,16,5,28,11,17,6,21,10,29,9,13,20,1,1,27,20,5,8,23,19,8,7,14,26,28,9,6,7,9,25,28,20,25,5,21,9,3,24,9,0,7,18,27,2,5,14,2,19,17,12,10,27,6,2,23,13,6,23,9,1,8,1,21,0,6,16,1,5,6,21,25,16,29,13,21,24,5,24,0,14,18,15,26,11,10,11,16,29,19,27,18,19,25,8,23,7,5,13,19,21,10,15,0,0,4,0,1,24,7,9,27,13,23,11,24,28,11,22,26,21,18,21,26,7,11,22,2,1,18,14,18,7,14,25,29,4,18,19,17,3,15,14,20,8,0,7,4,6,23,29,11,8,17,19,12,21,21,7,19,10,3,1,12,5,12,26,8,27,4,15,28,24,3,2,11,4,9,1,23,6,24,10,7,16,22,22,21,22,25,10,16,26,15,17,28,7,20,5,28,28,15,7,20,1,19,26,20,4,16,18,17,6,8,3]"
ta45,1359,"[0,1,2,3,2,1,0,1,3,0,3,1,2,2,2,3,1,3,0,2,3,0,2,0,2,2,0,3,1,1]","[11,26,26,21,21,13,23,5,4,1,0,22,25,21,22,18,24,7,13,21,29,3,27,25,14,19,18,7,18,16,25,23,16,23,12,16,4,12,22,4,13,28,8,10,25,25,21,11,26,12,26,16,28,29,3,5,14,12,2,10,27,27,24,2,26,29,28,27,17,5,13,8,15,1,0,20,7,11,16,20,3,8,4,12,6,12,9,9,21,28,6,24,27,13,17,22,7,3,18,22,17,8,25,20,7,10,4,24,26,25,2,15,12,13,10,21,23,13,12,24,1,26,8,20,11,13,1,16,17,3,9,19,9,15,24,11,15,23,14,26,5,8,4,4,18,9,15,25,16,2,8,22,21,20,1,21,17,13,1,15,15,19,18,3,0,13,2,0,13,0,23,19,25,5,24,18,6,0,1,11,16,14,7,12,17,5,21,13,16,6,24,28,11,7,14,0,9,27,24,3,11,1,9,10,17,17,29,0,9,10,4,0,6,19,15,21,13,29,29,14,20,6,22,16,2,18,8,27,22,17,0,8,28,20,14,7,18,17,28,24,23,21,19,14,17,17,21,29,13,19,23,16,12,20,1,19,22,25,20,14,6,28,27,3,0,2,1,8,11,11,14,10,8,5,11,3,25,12,22,28,7,10,20,13,22,18,28,27,22,13,4,10,27,7,11,14,11,2,2,5,5,15,24,4,11,23,1,28,25,7,27,22,16,4,10,25,18,15,26,7,18,2,3,8,1,5,3,15,2,18,29,4,29,19,9,25,16,3,13,17,10,19,12,9,16,6,15,18,21,6,20,14,20,18,27,19,26,27,18,1,26,23,12,7,29,24,12,21,18,3,12,4,29,19,27,5,1,8,10,13,23,4,28,10,5,28,9,17,8,5,6,15,28,14,24,15,1,21,6,20,8,0,18,25,19,11,27,6,19,27,22,29,27,1,5,16,6,1,8,27,16,15,28,12,29,16,7,8,6,8,3,29,22,7,9,16,10,9,25,11,29,29,13,23,19,26,2,5,15,0,9,6,7,4,4,12,20,9,8,0,26,12,25,18,0,5,17,22,25,23,0,7,28,26,19,2,5,15,11,6,29,17,3,11,2,13,26,28,3,11,24,2,21,22,4,2,3,23,29,22,4,4,1,15,20,28,10,23,3,10,21,23,9,18,15,19,16,24,27,10,28,22,0,9,14,20,23,17,0,4,14,10,28,20,26,24,7,11,19,19,25,20,10,2,24,1,3,2,7,1,9,22,16,3,21,5,5,21,10,14,6,14,8,6,23,20,24,26,24,9,17,20,29,15,2,25,5,2,29,6,6,0,14,26,0,27,7,19,17,12,14,23,17,26,23,12,14,9,26,24]"
ta46,1383,"[0,1,0,2,3,1,0,3,2,1,1,2,2,2,3,0,3,3,1,0,0,0,1,2,3,2,2,3,3,2]","[4,18,10,26,16,25,25,18,19,0,14,8,27,23,14,24,3,7,21,28,1,23,6,22,7,29,5,1,4,8,27,13,11,22,14,23,17,26,2,10,9,1,20,21,8,9,29,1,16,22,21,16,6,10,18,14,4,15,7,18,21,14,13,0,26,11,29,4,28,3,17,21,17,23,22,14,25,28,25,24,12,8,16,23,1,29,25,27,12,16,5,16,10,0,20,2,11,2,19,3,3,2,21,8,10,8,0,24,9,6,6,13,29,28,5,22,26,27,6,4,15,25,0,3,22,15,16,25,2,7,4,3,27,28,8,27,24,10,3,1,27,3,13,9,14,15,20,28,15,27,0,27,26,21,3,7,1,16,10,28,12,3,5,20,26,13,1,4,10,15,17,3,28,17,21,17,18,20,19,15,15,4,7,20,21,6,17,23,28,16,25,14,4,24,10,20,18,7,1,13,26,11,29,19,9,23,19,28,7,7,22,2,6,0,7,9,4,28,27,0,4,16,18,26,14,8,1,0,25,29,19,13,17,6,25,1,25,18,7,8,22,15,5,19,0,2,16,0,27,1,19,2,15,3,22,13,10,12,21,29,12,2,23,18,20,21,11,21,5,8,13,27,21,23,18,9,20,20,7,8,6,26,12,29,18,4,29,11,19,12,17,26,7,11,14,6,12,26,1,4,9,23,2,6,18,15,27,29,13,22,2,18,12,1,19,19,22,21,17,6,0,13,2,19,4,28,24,14,12,16,5,24,3,15,21,2,29,1,3,12,27,9,5,26,2,5,23,1,25,18,8,11,17,15,9,14,7,20,8,27,5,12,0,24,2,23,20,2,29,27,5,11,26,17,15,9,18,23,28,2,24,12,9,21,25,4,12,5,9,11,15,9,0,18,4,26,13,27,7,19,3,25,23,24,3,8,18,8,8,26,12,20,1,22,9,23,8,16,6,28,22,19,10,26,6,10,4,22,16,17,15,3,6,5,12,24,20,11,23,28,20,11,18,0,5,17,20,17,26,25,5,9,26,12,29,18,27,25,11,24,23,1,0,16,7,13,0,23,29,29,29,28,15,11,19,10,14,29,22,29,21,19,24,22,15,18,9,8,17,14,2,10,11,8,16,12,9,22,17,24,15,17,19,7,20,23,4,17,6,14,14,26,3,1,4,3,28,24,24,12,6,21,11,9,28,13,20,4,28,10,3,19,0,10,11,9,24,16,25,22,29,14,2,12,6,13,13,10,13,6,21,7,7,13,10,5,25,27,1,11,14,0,13,10,13,24,17,16,25,22,5,26,24,15,19,21,25,6,14,28,16,5,27,10,22,5,7,5,16,19,2,20,0,11,23,14,11,20,24,8]"
ta47,1334,"[2,2,2,0,3,2,3,3,2,0,0,2,0,3,1,1,1,0,3,0,3,3,0,3,0,1,1,2,1,2]","[4,6,23,10,2,10,10,29,27,5,24,28,27,23,19,9,9,5,8,15,14,5,3,1,0,4,11,22,20,20,18,18,4,26,7,12,3,6,3,1,22,26,28,6,22,28,25,0,9,14,6,13,25,29,5,3,7,18,27,19,6,19,23,1,0,7,8,10,8,24,5,29,23,15,18,14,7,4,28,23,26,11,24,18,21,11,25,0,9,13,25,2,22,12,12,25,26,27,8,20,1,17,1,24,5,17,24,25,8,8,23,12,2,12,8,19,16,20,10,7,0,4,15,5,4,1,13,1,15,10,25,15,6,6,27,14,21,7,0,26,2,10,6,12,28,8,3,14,16,12,21,27,1,4,29,17,18,15,17,4,17,29,16,2,6,20,7,27,9,3,17,26,14,24,20,25,11,26,3,14,7,16,11,13,2,11,19,25,24,9,10,10,6,20,28,0,11,14,27,16,19,21,21,29,16,22,14,4,22,12,6,5,22,12,14,16,4,6,16,3,3,14,20,26,2,3,10,22,9,13,8,5,1,11,2,19,25,21,1,25,11,3,18,15,20,24,12,9,20,27,15,0,23,17,1,7,14,0,27,2,25,24,26,19,18,23,11,16,4,15,17,29,4,14,29,18,23,4,11,1,5,1,17,21,14,17,28,16,20,25,7,20,5,11,7,2,0,0,18,5,18,13,28,24,19,18,12,17,14,16,6,0,10,18,10,16,9,3,10,24,12,29,12,6,23,29,1,27,0,12,24,8,3,9,19,8,4,13,7,2,10,23,8,21,21,13,19,4,20,11,19,11,0,14,16,5,21,28,26,29,24,21,24,1,5,12,4,26,26,27,7,2,26,3,4,21,15,25,18,5,12,26,13,21,5,24,2,19,15,3,21,14,5,13,27,8,1,6,13,17,3,14,13,22,9,22,24,15,9,2,7,6,16,13,8,29,28,0,16,11,29,28,21,1,23,6,6,16,13,22,13,16,23,2,8,27,15,27,8,18,2,17,21,18,22,24,2,7,19,9,22,22,25,28,28,10,3,13,28,23,0,14,7,6,9,27,25,26,21,17,25,7,12,7,9,17,6,29,11,10,20,29,19,26,24,2,17,0,23,23,21,8,17,9,14,25,8,8,25,12,15,11,3,22,9,1,15,29,24,5,17,15,13,18,5,28,2,9,5,4,4,19,19,21,13,0,7,28,27,18,15,26,20,28,4,16,11,18,28,24,28,22,26,0,15,20,7,20,22,11,26,19,13,22,10,27,22,17,20,3,9,20,22,17,23,21,16,20,19,18,27,11,19,12,23,1,29,2,16,10,23,1,27,8,10,15,3,13,0,28,23,15,10,29,9,25,29,26,12,29]"
ta48,1286,"[1,3,3,3,0,3,3,2,2,3,1,2,1,2,1,0,2,0,2,1,2,1,3,0,2,0,1,0,0,3]","[21,15,6,29,17,4,20,7,10,7,23,27,22,6,24,19,23,10,10,21,24,17,24,22,1,24,17,3,10,2,3,5,11,7,8,23,18,15,1,10,7,1,2,19,5,18,2,9,19,24,11,5,1,25,9,11,14,11,10,8,19,28,6,27,23,1,24,1,26,8,11,21,14,27,29,10,15,17,0,10,28,18,9,24,24,6,18,22,0,14,17,26,14,2,3,12,3,25,6,24,18,14,20,5,9,27,25,28,5,25,28,10,29,22,9,12,13,8,13,6,15,29,24,14,4,13,26,14,27,27,20,20,22,5,12,20,23,8,11,6,23,27,14,4,18,1,25,15,17,12,16,2,13,0,1,22,16,16,27,21,18,16,25,16,20,6,1,3,17,3,2,20,7,0,1,8,4,14,18,17,26,12,29,15,11,16,15,11,21,4,7,0,10,1,23,9,14,0,0,28,10,26,5,6,2,3,28,7,4,20,28,19,19,12,24,10,11,3,22,9,10,5,2,16,21,5,15,23,15,19,0,26,25,20,8,2,5,14,5,13,15,10,29,7,7,12,23,2,12,29,2,0,28,14,6,29,21,8,27,25,24,6,11,28,25,28,4,21,16,9,17,22,9,29,21,5,19,4,6,13,9,29,3,22,14,9,7,26,29,16,16,25,11,14,17,18,3,6,22,9,23,23,8,8,28,23,5,16,9,28,27,13,10,27,28,15,4,11,8,4,26,17,23,19,15,0,24,15,18,22,2,26,13,21,3,19,25,3,2,20,12,18,18,0,27,15,10,26,24,17,1,15,16,23,25,27,27,19,3,8,20,21,11,17,12,10,29,1,20,25,18,11,21,15,24,26,1,27,28,2,0,16,6,18,29,3,29,6,0,22,13,22,5,17,26,16,13,11,20,4,12,9,19,13,16,2,26,23,13,24,4,22,8,18,7,26,21,23,0,20,4,15,28,28,23,14,25,7,4,18,4,2,3,4,2,28,2,1,29,27,12,5,11,3,6,7,12,18,4,15,9,20,13,26,25,3,1,25,13,9,0,29,7,14,28,0,23,13,9,21,21,10,17,20,29,13,6,21,16,16,28,23,7,0,20,3,17,19,14,13,29,1,9,13,12,9,7,19,26,26,22,7,26,8,4,19,24,1,19,25,13,19,17,18,6,9,3,14,12,6,11,3,0,17,17,12,2,26,24,24,22,25,1,12,28,4,25,22,27,12,4,29,7,2,10,12,15,11,21,19,5,24,0,5,14,14,25,11,12,27,16,20,5,8,8,23,19,20,21,29,16,7,11,21,6,20,1,5,13,8,19,22,22,17,7,18,26,27,21,15,8,27,8,22,0,5,8,10,16,18]"
ta49,1323,"[0,3,3,2,2,3,0,1,1,1,2,1,0,2,0,0,3,1,0,3,0,2,1,0,0,1,2,3,1,3]","[2,28,0,7,22,1,16,4,11,17,8,21,10,9,9,13,25,0,26,12,14,22,3,3,13,25,23,11,17,12,9,14,7,9,19,14,18,6,5,12,18,13,19,0,12,18,1,26,5,20,25,2,12,22,24,8,4,14,26,22,11,29,2,27,13,3,17,21,25,5,16,2,1,27,19,7,5,11,0,4,2,11,7,14,22,4,7,6,10,4,21,23,26,26,24,15,22,12,7,7,21,3,26,22,21,10,9,3,29,19,4,22,2,11,8,26,1,9,5,11,10,23,11,14,4,2,12,14,23,19,10,15,18,27,22,1,5,26,25,22,28,27,20,17,6,1,28,14,15,2,24,7,1,13,18,2,8,6,22,5,25,21,12,3,9,15,28,16,1,23,4,23,24,23,28,10,8,6,11,5,14,27,20,11,2,21,26,17,19,15,27,7,12,29,2,20,18,0,15,18,24,3,18,15,15,14,15,20,0,27,16,0,17,5,11,7,0,10,29,14,17,4,9,9,6,6,5,17,11,7,29,16,17,15,3,14,4,23,19,4,2,1,0,11,28,28,12,9,25,13,27,28,8,1,2,1,2,1,21,1,0,4,6,24,3,8,1,23,29,21,19,20,26,27,20,24,25,16,6,9,18,3,8,7,21,10,18,24,2,0,3,23,12,21,11,26,11,15,20,23,26,2,19,5,28,11,8,18,23,9,15,27,13,8,7,24,27,1,18,22,16,25,28,17,27,10,2,13,1,28,28,5,16,1,24,19,5,16,16,25,23,29,19,24,8,7,28,9,29,29,26,13,23,1,15,8,21,29,14,4,18,20,9,7,29,21,27,6,3,22,10,5,25,0,25,8,12,17,14,28,13,29,20,21,22,25,27,25,0,3,20,10,6,24,17,4,29,24,13,13,23,27,21,17,13,26,3,29,5,10,25,24,22,19,29,12,27,16,3,20,3,14,15,16,16,21,6,17,14,4,6,3,16,16,27,28,26,12,20,20,29,15,15,8,0,22,12,26,6,24,4,22,28,26,25,23,21,7,28,29,24,27,8,19,11,0,15,19,9,19,17,18,27,14,24,6,15,10,22,17,17,0,12,14,7,16,3,25,13,5,25,16,17,10,6,10,12,28,19,2,8,9,13,9,4,4,12,3,13,7,8,16,18,5,6,5,29,16,10,20,19,9,26,23,17,10,18,28,6,1,13,21,10,13,29,19,16,19,6,12,23,4,21,0,8,15,20,14,4,19,18,0,20,13,2,23,20,15,24,2,13,11,29,26,9,0,8,20,22,18,24,7,7,9,6,5,27,24,22,18,11,1,18,8,11,25,26,20,3,14,17,10,0,10,21,23,28,25,12,5]"
ta50,1335,"[3,0,1,3,1,1,2,2,2,0,0,3,2,3,2,2,1,1,0,0,0,2,0,2,0,1,1,1,3,3]","[22,2,14,9,1,1,7,13,12,16,16,15,20,16,11,4,17,24,17,4,13,5,27,27,4,17,4,6,27,3,22,3,3,26,19,25,24,26,10,27,10,24,26,19,12,0,29,13,11,18,13,12,6,16,20,3,29,24,26,7,19,23,5,21,26,22,11,12,11,5,26,24,26,14,4,22,4,22,16,28,23,21,11,0,25,10,11,4,12,15,3,21,19,23,10,8,25,10,8,26,14,27,26,0,8,18,12,18,7,15,11,17,4,23,6,26,21,3,5,6,15,12,28,27,29,14,20,2,18,18,13,6,11,0,12,29,14,17,12,0,15,25,22,6,9,28,2,1,12,11,24,18,20,1,5,9,13,19,21,19,23,7,19,19,8,24,11,5,25,24,18,7,7,23,21,4,9,22,10,0,7,22,24,17,25,14,1,13,7,24,6,13,5,15,2,7,2,1,3,4,4,28,0,4,1,26,19,5,24,27,14,21,20,18,19,21,29,20,16,17,20,17,13,6,27,25,17,25,21,5,18,18,22,15,5,1,25,16,14,25,11,0,11,3,2,13,3,12,2,10,17,8,9,10,9,20,28,11,13,19,19,22,29,10,25,8,20,0,22,6,26,18,10,27,16,26,29,24,26,3,27,10,3,7,1,28,17,9,16,16,1,26,15,0,24,2,8,28,15,11,21,29,15,10,9,11,8,3,7,0,14,10,23,14,12,28,25,19,6,18,22,22,14,0,22,24,21,14,28,6,17,17,29,21,27,2,14,23,7,23,2,24,18,9,3,28,15,16,25,20,6,13,28,3,2,1,5,2,16,14,9,17,2,20,15,14,1,25,7,3,4,18,23,25,4,8,20,29,21,19,28,15,5,15,27,19,9,15,18,14,22,26,12,13,23,2,10,8,17,8,10,9,0,28,1,29,17,0,0,23,21,29,7,0,28,14,1,29,16,16,29,27,7,6,16,8,18,6,29,3,13,23,28,14,20,7,18,9,29,29,22,15,5,3,24,23,13,6,8,0,24,28,11,29,22,16,21,21,19,21,27,13,22,6,22,1,27,9,13,15,25,0,23,24,8,9,6,8,3,9,5,26,2,8,20,16,0,0,25,25,12,18,20,17,12,28,12,23,20,18,27,1,24,4,22,28,8,6,15,8,5,12,1,6,1,10,15,20,16,13,25,7,28,4,19,26,27,1,2,2,27,27,11,5,4,9,28,5,3,11,10,20,23,19,5,4,13,20,9,19,23,10,7,23,12,13,3,7,17,18,16,6,12,5,12,21,23,25,21,8,26,11,2,4,2,24,26,1,8,10,9,21,14,27,16,29,2,7,19,20,15,4,9,10,17,29,11,5,17,14]"
ta51,1341,"[0,2,0,0,2,0,3,3,1,1,1,2,3,1,1,2,0,2,2,2,3,3,2,2,0,0,2,3,3,1,0,1,3,3,3,2,2,1,0,1,1,1,1,3,0,1,0,1,2,3]","[21,0,11,43,18,12,31,26,8,9,9,41,44,48,4,43,16,32,42,10,38,32,14,37,28,15,1,8,20,11,29,36,4,3,38,30,16,40,39,9,20,24,20,40,48,0,34,45,44,7,2,39,24,19,32,17,46,29,10,38,10,27,18,28,34,6,33,21,25,26,14,17,1,36,24,28,11,1,4,46,17,48,48,23,33,33,23,39,33,19,20,13,20,42,12,41,10,36,34,40,35,25,42,44,17,15,31,30,7,29,41,0,7,11,8,25,2,27,10,48,11,37,39,14,40,25,11,27,16,25,48,43,7,5,30,8,13,43,34,4,22,4,43,0,48,27,37,2,24,3,48,1,40,35,2,18,5,31,24,0,47,40,12,25,28,27,8,46,2,25,39,16,31,1,30,20,30,13,40,18,49,11,28,13,23,7,46,3,36,16,17,46,7,23,2,0,15,28,44,27,6,8,14,46,23,39,30,29,6,18,7,20,25,47,22,44,46,44,3,15,23,21,38,8,4,21,31,46,14,35,47,43,16,19,15,42,31,14,19,37,48,6,31,24,26,45,43,8,17,47,40,6,34,37,18,6,41,8,29,23,34,14,47,28,13,27,17,36,15,44,3,7,12,45,34,20,9,25,34,40,25,41,10,28,22,45,21,11,46,29,13,16,6,31,5,27,32,4,11,27,38,21,36,3,45,38,35,49,39,30,21,15,47,20,3,13,24,29,6,36,12,25,35,3,1,12,18,38,24,11,12,7,49,2,33,19,29,22,37,48,14,10,32,11,22,8,27,32,0,16,21,28,30,24,26,0,6,3,49,49,7,10,34,34,13,2,15,23,19,42,41,7,5,45,2,37,15,6,0,46,49,43,14,35,33,6,15,37,5,13,42,19,40,29,17,12,24,39,10,19,5,18,20,12,46,11,4,14,22,49,37,22,32,31,38,7,0,29,29,3,19,18,27,35,31,41,28,13,21,45,17,16,23,14,33,14,46,38,4,40,18,36,43,40,6,45,12,17,44,38,19,21,35,30,1,43,43,9,40,10,44,22,36,32,8,30,41,33,8,12,37,25,29,12,37,10,41,36,9,28,42,33,9,28,14,38,16,39,34,32,35,41,1,45,33,27,17,35,16,15,39,21,36,2,39,25,30,47,47,35,24,47,10,49,41,49,22,7,44,47,36,26,13,21,38,0,12,49,7,27,37,1,2,13,11,35,39,43,13,9,4,22,42,20,33,47,30,11,33,26,43,23,15,2,4,46,38,0,26,3,24,16,5,48,35,3,26,45,49,32,22,26,18,12,41,36,5,6,32,5,14,45,43,45,34,9,27,38,19,45,40,34,48,7,17,18,1,29,1,9,41,12,32,2,20,26,13,8,5,15,24,19,9,9,30,9,46,41,4,26,45,35,22,20,44,2,9,42,23,5,42,44,26,11,34,26,32,37,10,31,39,2,37,8,3,4,0,25,17,49,5,47,0,45,24,21,22,30,35,30,42,10,39,34,15,29,17,1,16,17,48,49,33,13,44,49,47,26,38,21,41,47,42,15,6,16,27,1,19,4,22,0,42,23,23,42,4,14,26,23,47,16,5,19,25,48,5,33,21,37,23,3,22,36,31,39,28,49,33,32,9,1,44,1,8,20,24,43,20,3,31,28,18,44,18,29,46,18,6,32,19,31,5,31,48,42,40,28,10,36]"
ta52,1283,"[0,0,2,0,3,0,3,0,0,3,2,3,3,0,2,3,2,3,1,2,2,2,2,1,1,1,3,1,0,0,3,2,1,3,2,3,1,1,2,3,0,0,1,3,1,2,0,1,1,0]","[34,26,49,26,13,39,21,37,26,37,18,40,26,38,49,37,37,10,0,32,17,47,23,33,21,4,39,8,20,43,46,27,6,45,29,11,14,19,48,0,43,48,22,3,46,17,45,37,33,15,42,19,17,29,16,5,47,12,3,16,9,49,16,1,20,15,27,32,41,49,39,30,31,38,6,31,0,23,2,2,22,28,39,44,30,24,35,46,37,30,25,28,34,21,30,17,44,31,18,23,37,5,20,23,43,41,11,32,30,2,42,32,3,49,28,12,16,35,17,7,35,8,9,33,48,8,20,39,35,41,25,14,44,15,9,7,45,5,45,12,35,13,38,48,42,29,23,44,40,2,16,36,47,44,27,46,14,9,49,0,49,39,49,40,47,28,4,14,32,4,26,6,46,47,47,35,41,12,0,15,27,0,5,16,45,24,46,4,37,44,12,2,25,12,31,1,22,39,0,17,36,6,12,1,39,40,22,17,36,11,4,40,27,34,14,34,35,37,33,30,32,28,5,17,21,2,1,27,36,22,8,4,39,27,8,26,3,29,8,29,49,4,37,31,9,7,31,6,18,35,36,6,35,19,19,5,1,24,42,29,24,6,0,2,21,33,2,33,40,28,22,3,47,14,22,41,11,17,30,21,25,48,2,14,37,25,41,24,11,18,0,31,33,30,36,27,18,41,10,20,2,26,31,28,16,22,8,45,45,44,20,32,42,47,14,13,3,39,15,29,26,21,40,13,42,20,32,31,15,48,1,14,38,5,18,20,19,19,10,38,23,43,42,36,18,41,11,48,15,35,16,40,23,35,21,9,38,20,25,27,8,39,12,35,1,28,4,18,10,41,26,48,22,6,7,17,46,24,22,34,23,9,18,8,12,48,36,25,11,44,22,7,15,26,43,23,41,7,48,28,11,26,38,0,46,19,11,32,25,19,43,47,49,46,49,34,15,1,35,30,41,10,14,46,4,6,14,23,21,16,47,45,21,30,1,32,31,12,7,15,38,24,24,49,25,42,25,7,49,15,39,19,47,7,45,1,42,16,31,16,20,10,3,47,13,29,8,11,12,1,44,40,34,15,33,31,34,29,11,42,23,21,41,41,9,20,13,5,36,6,40,0,47,9,9,12,10,40,9,4,4,8,17,43,32,6,7,12,44,48,33,45,49,33,39,14,43,28,28,36,7,27,11,4,44,20,10,44,33,3,17,36,3,38,0,9,20,27,17,24,15,20,14,36,7,33,25,6,21,42,25,13,24,33,28,1,14,34,42,30,15,45,32,1,13,7,24,47,16,40,15,43,34,19,8,13,41,13,17,48,2,30,27,13,29,1,23,19,2,42,0,43,23,31,38,0,7,21,29,45,18,5,48,2,46,13,34,16,46,34,46,35,30,38,26,43,18,5,27,26,45,9,44,10,9,5,2,22,38,31,10,19,7,49,40,48,24,36,5,40,23,4,43,10,10,5,46,3,10,22,37,6,45,37,18,43,31,20,46,13,32,6,18,4,23,19,28,11,42,41,29,10,38,40,11,21,25,13,35,3,45,24,34,26,22,10,24,26,39,25,9,33,42,21,8,34,32,38,12,36,8,32,29,27,33,3,43,19,16,18,37,38,13,17,30,36,1,27,43,11,6,8,3,48,16,34,44,12,3,30,14,19,0,3,44,29,5,47,24,22,25,39,2,5,37,28,18,29,4,28]"
ta53,1244,"[0,0,2,1,3,3,2,1,1,2,1,1,1,1,3,3,2,3,3,3,0,0,0,1,3,0,0,1,2,0,1,3,2,2,3,2,2,1,0,2,3,1,0,3,2,3,2,0,0,3]","[8,12,35,27,30,22,14,32,44,25,15,31,20,32,43,25,23,24,38,36,40,44,17,6,18,45,3,4,1,19,6,33,15,20,32,7,34,17,35,49,48,41,18,12,20,18,17,38,0,44,44,29,3,31,24,1,31,0,15,6,2,45,10,28,11,48,8,24,1,22,4,27,11,6,40,37,27,17,21,11,0,37,33,37,28,48,28,30,12,38,18,20,45,38,27,42,9,45,38,40,43,21,0,13,31,14,5,1,27,40,43,47,32,32,15,3,41,18,46,31,25,41,49,15,16,42,5,29,23,33,18,45,16,11,23,20,34,6,47,26,25,2,9,34,12,31,23,5,26,24,25,30,49,41,48,41,23,19,5,45,42,39,14,23,35,48,22,10,13,45,2,8,15,3,15,3,22,36,23,13,23,20,29,3,10,25,37,8,29,35,8,49,11,48,9,2,40,8,33,14,7,30,26,2,26,46,1,17,43,6,18,13,31,8,46,7,40,3,47,27,4,11,3,30,27,41,32,26,6,21,39,9,46,39,3,48,2,32,11,39,13,7,8,29,20,22,20,13,43,40,49,44,3,29,14,45,18,41,30,25,23,21,31,36,36,47,14,9,43,13,36,41,36,18,14,13,1,15,43,22,22,24,4,22,21,44,7,26,49,16,42,39,16,37,46,17,40,27,47,17,48,24,13,3,32,47,45,22,4,43,34,7,13,35,4,38,11,43,33,10,21,33,28,15,26,4,2,44,31,26,37,9,42,2,43,35,41,46,12,37,5,42,0,19,20,7,47,32,30,14,1,7,45,37,16,6,45,15,30,29,27,34,35,37,14,20,42,19,1,19,46,37,12,5,22,48,25,38,39,19,49,10,36,5,0,42,19,23,9,10,11,26,30,31,47,41,33,28,21,14,39,22,7,35,25,13,0,49,20,14,42,16,44,36,16,39,27,9,16,19,24,21,19,47,43,1,41,26,9,16,42,46,36,22,35,8,33,0,29,7,12,35,21,29,10,24,10,44,25,40,22,18,46,38,24,34,17,46,5,30,25,38,8,26,1,6,9,40,24,28,14,12,9,27,30,32,31,28,40,7,23,4,48,46,10,34,24,13,36,21,31,0,26,25,25,44,37,39,17,37,37,30,10,6,32,47,35,16,4,15,6,2,19,48,11,29,33,34,49,38,4,5,10,28,31,45,13,6,33,28,15,16,5,20,33,44,21,1,48,32,18,32,41,16,47,25,4,49,21,15,12,12,45,30,20,19,44,19,36,4,34,20,4,46,39,3,1,33,19,18,39,0,6,39,0,19,36,45,42,38,33,7,8,17,43,18,27,33,43,34,42,27,45,34,44,39,28,5,16,24,9,8,44,35,28,28,18,19,49,34,47,49,23,28,8,47,41,48,18,0,4,2,3,32,28,1,41,35,21,10,38,49,12,9,48,0,37,35,22,12,11,36,35,26,29,14,31,11,7,10,46,2,25,46,9,23,9,15,5,5,21,2,5,43,40,21,11,16,29,29,0,20,4,7,42,34,46,1,3,49,2,11,28,26,26,6,12,41,40,24,3,10,8,27,17,30,13,5,38,32,48,12,14,31,17,2,30,14,7,10,43,8,42,33,11,40,29,40,47,38,1,17,44,49,36,39,23,6,39,17,47,22,13,38,34,36,2,42,16,12,29,24,23,24,17,27,34,37,15,0]"
ta54,1296,"[3,0,1,0,2,2,2,3,1,0,1,1,3,2,2,0,2,2,1,3,1,1,3,0,1,0,3,0,1,3,1,3,1,0,3,2,3,1,0,1,1,3,2,1,2,2,2,0,3,2]","[8,18,20,35,34,16,5,40,4,16,47,48,46,48,21,3,5,31,43,26,23,43,34,3,33,35,48,20,25,39,24,43,0,38,18,12,21,21,0,14,23,40,16,11,17,7,21,1,41,20,23,17,9,16,27,41,8,14,11,49,36,20,2,3,39,48,9,20,10,7,22,21,14,42,49,36,45,28,7,17,45,12,46,49,37,18,46,7,19,19,25,44,37,34,36,40,36,43,49,11,22,30,7,29,43,23,49,40,39,9,33,18,0,19,25,37,7,1,41,13,16,47,8,41,37,33,41,41,24,47,20,46,6,24,11,42,25,22,47,13,48,21,9,16,14,4,39,49,26,48,19,20,45,6,24,43,2,5,43,35,46,13,38,32,32,17,48,13,34,28,13,33,12,47,15,32,39,22,33,49,41,22,46,41,15,42,45,35,33,45,8,14,19,7,24,20,6,4,13,42,4,21,1,4,47,3,12,2,44,6,30,6,20,24,41,15,27,16,22,31,30,20,5,6,33,1,7,0,44,0,12,48,34,35,36,6,7,31,10,23,8,14,16,14,20,32,40,12,2,6,44,29,23,24,3,6,14,16,15,21,45,17,32,33,42,32,1,42,25,39,25,46,2,30,47,37,9,4,13,10,45,27,3,21,25,17,24,37,10,3,12,27,39,23,5,2,41,17,49,23,26,26,48,23,30,33,22,44,35,6,25,32,5,38,45,10,42,12,22,24,27,33,29,3,1,5,10,21,39,28,11,14,16,0,35,20,11,24,37,41,7,47,13,17,24,18,39,2,4,0,10,12,18,15,36,19,14,4,34,49,4,13,31,34,28,11,26,23,35,13,16,34,34,26,6,42,10,38,5,9,31,13,8,25,40,31,0,44,27,47,46,46,45,29,1,40,24,10,15,30,47,25,23,38,44,3,4,37,23,34,19,42,18,36,18,28,27,41,0,21,29,18,12,31,49,17,41,43,6,27,11,42,2,8,44,18,3,34,4,15,5,15,38,22,13,31,36,23,6,1,26,2,38,39,33,9,37,35,30,14,36,5,36,39,47,33,1,9,0,34,2,36,44,16,49,31,5,42,43,11,18,1,5,23,15,27,4,40,9,16,11,32,28,10,15,4,8,11,9,4,47,22,27,35,49,47,33,28,19,37,39,15,36,9,24,28,22,2,43,3,38,29,10,9,32,25,12,33,44,48,12,3,13,46,48,9,45,3,40,43,48,32,12,40,7,38,29,28,29,17,2,7,45,45,22,30,0,15,17,10,48,27,25,35,30,36,5,16,28,8,26,31,19,44,19,16,19,11,31,42,32,38,43,1,45,34,30,38,17,28,8,26,14,18,45,29,10,22,15,3,25,49,0,1,2,26,8,30,8,15,35,19,49,0,12,31,40,0,8,30,18,32,27,18,10,43,19,47,31,15,29,38,2,12,6,43,9,42,32,25,20,34,28,40,10,17,18,32,39,40,22,26,22,2,13,11,46,20,8,29,8,30,37,29,0,47,13,48,37,49,7,33,14,42,39,44,5,48,17,30,19,28,34,30,38,39,21,38,35,27,44,17,19,40,28,24,3,44,1,35,41,26,29,25,42,21,27,46,1,21,1,6,14,41,38,32,46,26,40,29,14,46,28,37,36,26,26,20,37,31,43,11,27,45,4,36,24,44,5,9,37,21,7,31,11,29,7,35,46,23]"
ta55,1356,"[3,0,0,1,2,3,3,3,3,1,2,1,3,0,0,0,2,1,3,0,3,1,0,2,2,1,2,2,3,3,0,3,3,1,2,1,0,2,3,1,3,0,2,1,1,1,0,2,1,0]","[22,19,35,8,26,4,25,43,14,0,14,13,12,8,22,49,27,7,23,1,43,40,47,13,23,49,46,48,49,38,42,12,13,38,8,43,31,16,15,19,1,36,21,37,21,14,42,19,45,32,17,1,10,41,17,19,8,11,19,8,37,10,40,17,41,47,23,0,28,0,41,12,38,37,39,23,41,43,16,0,10,36,42,2,43,3,30,28,8,44,17,46,9,11,30,6,22,32,4,8,25,48,41,44,0,25,5,48,17,13,38,26,47,31,7,14,13,48,4,31,42,36,42,7,44,36,45,8,36,17,48,41,27,36,40,35,15,45,47,13,37,0,9,45,23,34,35,22,28,20,37,10,4,27,40,40,21,1,37,1,3,37,18,22,15,33,11,4,31,39,20,20,16,38,37,3,10,33,20,2,1,34,22,21,46,24,44,38,44,26,25,20,48,17,43,45,23,34,25,19,20,41,12,15,7,24,20,46,39,26,15,49,30,6,40,1,8,9,11,14,46,10,17,5,48,28,15,0,0,19,27,33,29,5,0,29,48,32,1,18,32,35,26,7,7,49,43,22,15,14,0,11,40,34,3,24,11,29,6,31,24,36,2,27,45,30,24,28,1,33,31,27,38,45,12,32,45,28,35,7,16,49,29,21,0,20,5,20,28,15,2,45,28,9,35,4,24,18,44,17,48,32,17,16,17,30,47,32,27,49,16,21,21,33,18,48,7,39,33,33,4,37,3,30,39,14,34,21,23,16,26,34,36,2,43,4,40,12,49,36,5,14,6,9,37,19,30,46,48,26,44,20,46,42,47,7,41,40,22,23,3,5,14,23,48,40,25,42,15,47,17,32,1,43,17,32,8,45,13,26,19,39,12,29,40,18,12,32,46,43,1,30,9,25,25,37,27,43,4,13,9,49,5,2,36,5,34,1,14,11,22,5,27,13,38,32,19,20,1,47,35,46,8,0,30,21,7,16,40,8,18,27,23,34,47,30,19,24,7,33,43,4,1,4,42,3,42,21,12,0,24,25,10,27,38,34,9,15,39,16,14,44,41,23,45,2,36,9,49,30,12,46,49,15,24,15,16,29,39,35,33,7,32,18,11,2,3,9,43,24,44,11,39,36,6,38,24,15,29,25,25,2,49,18,19,5,20,38,13,17,44,47,42,26,11,34,25,37,13,23,10,42,5,38,39,11,11,41,40,25,49,36,44,19,39,26,6,9,45,48,13,22,18,12,29,6,10,24,36,30,35,34,45,0,6,35,9,3,47,5,48,33,11,46,3,9,35,30,45,4,19,25,3,6,28,39,28,21,31,2,13,12,3,34,31,42,28,11,32,27,22,45,33,9,33,14,36,2,26,10,28,47,10,37,18,6,24,46,27,39,16,48,16,29,3,27,46,31,15,26,16,35,6,40,44,42,41,13,41,31,29,29,14,10,44,12,38,2,38,46,7,8,22,8,7,26,8,18,6,15,47,32,24,9,20,42,49,12,29,10,14,23,33,2,21,39,47,49,21,28,26,21,18,38,6,40,3,41,16,35,35,33,5,32,43,18,21,31,7,13,23,1,42,18,34,4,28,34,30,3,31,47,2,6,23,25,35,20,17,4,22,29,43,46,30,10,14,5,34,27,6,39,18,16,26,22,2,37,33,29,31,41,11,31,22,24,28,44,5,41,20,29,19,4,31,37,10,12,0,44]"
ta56,1316,"[0,3,0,1,2,0,2,2,2,1,1,2,1,3,3,0,1,0,1,0,3,3,1,0,0,3,3,0,3,1,3,2,2,1,1,3,0,2,2,3,0,3,2,1,0,3,2,1,2,1]","[10,47,4,3,13,24,31,15,18,19,32,22,29,8,15,5,48,49,33,31,36,48,9,15,45,31,7,21,0,12,18,17,41,2,30,45,20,47,16,34,5,20,24,44,25,35,27,33,9,39,3,33,41,31,18,42,23,41,32,30,45,1,6,46,45,40,37,7,24,14,34,23,11,15,42,20,44,11,32,27,44,21,13,14,4,26,4,7,11,8,24,14,20,23,10,15,23,20,35,45,1,34,7,9,19,42,40,49,4,25,37,21,18,7,17,14,10,40,8,42,47,40,35,40,46,8,3,18,49,28,36,10,42,11,42,1,0,2,27,4,34,2,49,30,38,12,14,20,15,22,29,0,26,25,6,13,43,17,0,22,48,5,22,23,11,45,26,32,25,27,26,39,0,36,13,45,3,38,15,40,9,36,18,42,19,22,17,26,1,15,4,22,43,9,46,28,25,20,28,21,18,16,46,34,42,18,47,3,20,47,37,37,29,9,14,26,6,39,1,34,14,5,17,43,23,29,40,40,26,3,46,23,40,32,31,21,40,13,41,33,21,6,41,38,32,30,30,47,16,28,14,13,38,41,42,19,29,46,17,8,44,4,12,8,39,32,24,15,25,45,28,12,6,37,47,18,46,16,13,25,24,2,15,17,21,32,10,19,30,18,12,31,11,48,12,22,6,32,47,44,25,3,14,27,19,4,21,27,13,48,6,22,0,11,27,13,49,15,0,30,49,24,11,41,38,24,19,48,16,21,47,8,15,5,42,34,45,24,4,1,36,49,16,17,2,19,12,29,38,18,39,41,35,38,2,16,10,40,14,48,27,35,41,35,29,8,19,19,6,35,34,10,17,8,2,8,21,45,43,30,14,27,36,5,9,28,9,27,49,39,30,7,37,43,10,29,27,39,29,37,27,48,12,19,13,46,12,44,45,23,35,45,31,11,42,16,4,33,30,28,33,5,36,10,1,8,2,44,29,9,4,32,2,43,27,25,22,14,17,25,23,11,46,34,43,7,24,26,0,3,37,5,23,5,14,19,16,26,26,25,1,36,37,49,49,33,43,37,0,7,10,25,2,13,36,23,20,3,17,38,11,44,35,26,42,28,6,20,9,16,43,0,29,1,7,17,45,33,41,32,43,2,42,48,35,26,32,6,39,39,34,38,46,13,3,23,31,9,26,47,15,38,38,21,22,11,20,12,49,20,21,22,4,26,21,31,35,48,5,48,14,7,41,34,6,41,31,9,46,37,24,49,49,33,20,31,44,34,18,18,25,5,7,15,44,40,0,30,39,28,28,1,23,38,18,30,26,23,24,12,47,1,30,42,38,24,36,19,31,3,33,14,33,47,35,32,3,3,47,36,22,16,35,5,19,42,43,7,22,49,13,43,22,33,41,28,49,24,6,1,39,16,6,18,11,44,40,25,37,4,17,46,44,11,44,40,48,28,29,12,36,1,46,16,31,28,8,35,13,2,20,22,39,36,19,21,15,4,34,6,7,41,44,33,3,30,5,10,5,36,43,34,10,5,24,32,27,44,32,47,29,11,0,28,33,9,35,25,38,29,0,7,2,10,0,13,43,36,45,16,6,38,40,1,48,39,47,37,28,2,16,48,31,17,39,4,7,43,33,8,39,27,48,46,9,17,37,41,12,29,8,9,31,46,12,12,3,30,23,2,45,10,21,10,20,34,8,37,0,1]"
ta57,1340,"[0,3,3,3,2,1,1,3,0,3,1,1,0,0,1,3,0,2,1,0,0,2,3,1,0,3,0,1,2,2,0,2,2,2,3,3,2,2,3,1,2,0,3,1,2,0,3,2,1,0]","[49,22,14,18,43,16,3,7,42,38,31,2,22,5,15,2,28,47,8,24,49,10,26,33,32,7,45,45,34,47,23,19,13,11,36,24,30,3,35,36,18,15,4,24,32,19,2,34,1,3,15,9,30,7,35,18,26,44,26,19,31,47,6,29,43,24,23,41,35,26,29,40,29,11,7,19,22,21,13,15,15,21,41,44,26,37,2,46,21,37,48,25,10,1,42,32,20,16,22,30,45,32,18,43,11,29,35,4,16,41,32,41,20,49,12,42,25,9,31,8,47,35,26,43,25,30,36,29,5,42,21,44,40,16,48,32,29,15,16,6,1,40,3,4,38,49,12,18,5,27,16,5,45,39,20,11,23,33,5,12,39,17,39,4,11,25,33,26,23,13,17,6,29,7,0,38,4,1,2,10,44,47,43,18,38,36,32,1,40,44,38,16,42,25,0,8,5,22,28,3,39,7,16,12,32,29,35,11,28,6,19,10,36,43,31,41,13,37,31,44,27,7,9,12,34,31,28,15,14,24,18,38,17,30,21,45,34,20,26,36,38,2,46,35,20,16,27,9,48,1,37,13,0,24,38,15,1,31,11,14,0,48,24,30,17,5,6,19,35,48,22,34,45,17,44,22,41,5,28,7,15,33,14,32,39,18,0,45,2,22,3,41,27,46,17,47,48,8,11,1,49,11,8,12,17,14,10,0,44,25,21,20,39,23,48,37,37,26,41,39,46,44,49,8,33,6,42,34,27,47,46,4,31,25,21,35,44,32,17,2,20,39,6,28,30,33,32,24,25,6,31,49,31,38,40,45,21,45,13,44,40,14,26,3,19,13,30,23,48,9,38,36,46,35,8,9,9,23,15,42,49,43,46,3,3,48,34,8,43,40,0,34,29,29,43,10,5,47,33,19,28,8,33,45,45,16,1,44,18,43,4,1,18,6,11,33,5,22,23,47,13,48,9,22,24,0,45,7,36,8,16,37,34,28,16,21,36,43,21,8,23,25,46,45,44,36,20,33,47,26,11,25,23,9,17,49,39,15,10,6,13,9,3,29,31,28,12,27,10,33,24,42,31,40,42,38,4,4,28,31,40,17,36,49,44,21,22,10,8,38,18,21,44,43,41,0,28,27,30,22,37,10,48,7,1,25,1,13,19,2,28,32,19,6,30,31,20,0,13,47,27,48,32,40,37,42,41,30,38,10,3,27,15,6,8,12,0,24,17,25,26,6,39,2,9,41,35,22,17,17,11,16,4,46,8,40,46,42,23,20,12,41,24,27,11,13,30,37,19,39,27,27,19,41,21,39,24,3,35,3,5,29,46,0,32,12,39,18,1,39,9,9,17,14,36,12,6,32,40,19,34,7,12,7,10,29,21,25,48,42,30,18,22,37,4,23,1,12,47,13,3,0,33,42,33,4,14,4,10,48,41,14,3,13,6,10,14,36,40,15,12,25,26,18,40,23,20,11,34,33,2,1,38,5,28,26,26,5,38,35,18,47,14,29,20,24,0,34,14,2,45,5,40,20,5,22,20,43,20,35,2,49,42,15,28,21,27,45,43,11,30,49,49,49,0,8,24,47,30,19,14,33,47,4,19,34,16,39,27,7,16,7,23,41,2,37,36,25,15,48,46,9,17,35,49,29,46,37,28,14,31,43,37,37,4,42,36,46,34,9,27,2,10,12,34,46,7,23,13,14]"
ta58,1312,"[1,1,0,1,3,0,2,1,0,2,1,1,3,2,1,3,3,1,3,2,2,2,3,0,2,0,1,3,0,1,3,2,2,3,3,3,2,1,3,1,2,0,3,0,2,0,0,0,1,0]","[0,17,38,34,27,21,48,4,16,37,8,25,32,18,3,1,16,40,43,24,35,39,30,13,23,27,21,46,34,16,19,38,11,19,2,34,2,3,49,49,42,10,15,8,46,35,47,41,26,34,22,47,37,14,41,33,24,42,45,24,26,9,11,49,25,49,0,47,45,36,5,1,25,17,42,17,44,3,5,5,44,31,45,19,7,28,15,2,47,19,33,4,0,7,26,34,11,41,39,37,23,16,31,34,4,10,27,39,48,6,23,32,29,26,4,34,25,11,8,46,49,10,13,43,21,4,24,19,44,13,13,21,12,36,29,3,5,15,16,14,42,40,1,41,24,20,27,24,43,20,23,26,20,30,16,46,15,17,7,33,33,9,14,4,36,40,0,40,46,14,32,39,27,12,36,10,42,10,4,46,18,35,44,7,13,5,27,9,37,46,20,15,44,2,20,19,31,37,30,29,14,25,49,9,14,39,45,10,0,22,42,31,22,31,29,5,18,34,41,15,29,42,6,44,35,22,43,29,42,11,33,49,42,4,47,5,1,47,7,12,1,10,36,21,1,45,29,32,3,3,15,23,10,23,11,35,0,33,35,20,44,43,38,3,4,32,40,49,11,10,38,31,11,39,45,44,45,30,48,36,41,27,18,49,23,2,47,43,21,20,5,21,12,41,38,13,30,22,16,42,32,14,34,33,17,2,23,0,31,33,9,0,47,10,31,15,9,41,21,32,36,28,38,28,39,7,37,3,17,21,41,46,5,43,16,38,23,31,13,6,46,29,16,30,28,46,33,12,36,48,5,32,1,8,45,30,39,11,14,8,20,48,36,22,14,41,38,37,20,22,13,47,30,48,38,32,36,48,9,21,25,32,24,22,40,27,44,16,7,12,40,31,19,36,8,26,49,26,16,1,27,46,42,22,2,10,14,19,17,25,43,3,40,22,34,11,47,20,18,40,45,30,6,14,11,30,3,11,18,6,8,21,24,16,46,7,18,38,37,49,48,11,37,12,26,24,5,7,9,40,23,48,28,45,24,4,9,13,30,39,9,2,32,49,28,37,37,7,19,28,25,27,26,8,13,6,13,44,38,35,11,29,22,10,49,23,15,18,48,10,17,33,35,9,8,41,18,6,33,12,12,14,25,20,23,42,12,19,31,30,35,43,9,1,12,47,20,4,25,11,24,17,28,27,39,6,8,45,45,0,31,28,12,15,41,44,29,35,13,28,0,34,14,12,46,35,5,2,37,1,31,5,2,5,32,6,14,18,23,12,4,25,47,12,0,42,40,18,18,15,26,7,10,41,34,1,17,23,39,49,33,26,38,7,32,6,30,1,20,40,4,18,22,30,21,38,19,0,4,43,8,44,20,19,37,35,14,9,38,26,39,43,10,6,3,35,17,1,7,2,29,40,47,15,8,8,28,8,3,28,6,28,47,33,44,5,44,17,27,43,39,13,29,22,26,27,43,34,9,46,48,49,3,2,25,31,15,34,15,1,37,1,8,44,17,38,26,40,42,29,48,39,31,7,21,32,40,3,25,43,6,37,7,48,16,23,18,9,48,24,18,28,15,32,47,27,19,0,19,39,16,2,24,24,0,48,25,27,21,33,25,46,22,41,29,26,33,2,2,45,35,35,22,0,21,36,30,6,19,3,36,6,13,4,43,45,36,34,45,17,29,28,42,20,13,24,36,17,41,16]"
ta59,1356,"[0,3,2,2,0,1,0,3,2,3,2,2,2,3,0,3,1,3,0,2,1,3,2,1,2,0,0,0,0,1,1,2,3,1,0,1,3,2,2,1,0,0,2,0,0,1,3,1,1,1]","[45,4,21,3,39,26,39,18,27,29,34,22,49,18,31,11,11,8,12,33,6,14,38,0,30,4,10,33,49,40,7,45,24,42,38,9,42,38,16,27,36,26,39,46,38,34,5,2,3,21,5,5,33,14,45,8,24,43,46,21,22,4,17,15,12,23,35,8,43,40,27,45,17,47,20,17,40,9,40,40,49,24,23,13,31,33,36,6,45,49,11,43,19,17,47,0,22,43,2,7,8,5,44,5,28,37,0,15,31,44,12,44,44,6,30,5,0,39,4,42,24,21,16,48,41,29,40,11,18,29,13,25,23,46,3,13,44,48,17,48,12,14,11,2,4,1,37,29,25,14,5,13,30,39,18,14,16,2,30,5,10,47,32,44,45,5,5,11,43,17,39,35,25,46,16,41,15,34,28,22,18,11,9,27,33,39,43,1,15,28,11,13,27,12,12,42,36,7,23,31,4,15,33,21,3,35,19,35,38,37,24,27,18,19,48,16,26,38,20,36,19,41,18,9,21,15,9,34,4,41,8,15,5,20,13,10,9,48,46,26,34,8,9,48,1,49,3,7,14,6,37,0,26,29,8,13,47,38,0,7,48,26,34,24,5,7,8,47,40,35,49,34,10,7,23,17,45,23,17,22,31,3,33,38,46,29,17,49,27,11,7,1,10,7,32,16,18,6,43,10,16,40,21,44,45,25,3,43,3,20,24,8,14,23,31,1,15,44,32,7,19,20,23,28,10,0,16,44,34,23,39,42,35,30,8,18,46,25,37,23,8,23,7,7,34,24,9,42,41,13,49,2,23,6,7,43,30,31,4,34,36,11,27,44,27,41,15,28,1,12,30,46,6,13,49,0,32,45,14,41,0,29,22,36,23,43,38,19,3,6,33,43,1,9,20,20,4,37,0,22,27,38,17,47,15,47,46,39,19,13,41,12,37,42,46,47,29,6,12,21,49,30,19,48,35,1,18,6,46,8,22,45,19,2,35,4,37,4,0,25,22,30,44,30,21,20,36,45,37,26,48,25,15,12,16,31,3,36,36,23,42,37,36,35,47,2,4,38,15,10,30,29,28,39,17,12,38,25,45,17,24,49,46,12,31,45,30,47,42,25,29,3,48,38,9,20,39,32,11,14,21,46,21,40,20,48,32,13,32,26,44,46,10,37,14,48,12,43,39,33,4,20,32,14,37,48,7,5,41,42,24,40,26,6,2,2,25,42,21,28,22,2,34,31,42,48,9,40,10,44,18,47,13,41,48,19,9,18,24,12,19,29,31,25,27,45,26,38,22,47,32,47,35,27,35,47,28,24,6,24,6,31,35,36,19,8,18,23,16,1,49,27,8,25,21,36,35,1,2,2,22,33,26,40,6,36,29,3,43,21,20,17,14,10,32,29,44,11,37,7,22,26,41,27,26,34,40,15,32,18,20,33,1,42,28,28,1,12,33,2,14,22,31,37,11,42,21,28,3,24,28,14,9,13,15,10,28,41,33,29,9,20,36,38,33,11,24,1,31,31,0,28,1,34,16,41,40,27,17,33,15,39,25,10,14,9,39,2,0,41,49,49,25,4,39,16,18,19,30,41,25,49,10,13,46,16,29,28,32,16,16,45,32,6,4,10,26,32,47,26,5,22,30,34,17,44,37,2,35,19,42,40,3,5,8,43,3,32,0,35,20,30,36,13,43,1,34,11,0,19]"
ta60,1321,"[2,0,1,3,0,3,1,1,0,1,2,1,3,0,3,2,3,2,2,0,2,3,1,1,0,3,0,2,1,1,3,0,2,1,0,0,0,1,2,3,3,1,2,2,2,0,3,3,2,0]","[23,31,9,6,2,7,49,24,46,18,11,3,15,38,46,34,24,6,35,48,12,13,32,23,7,41,2,16,20,2,24,13,38,1,30,45,5,4,14,33,48,42,48,32,30,20,13,25,7,5,4,42,26,18,20,40,21,33,42,24,29,26,33,9,13,24,34,44,46,13,29,41,38,39,21,43,32,27,43,10,6,4,15,2,6,45,5,42,4,29,11,6,12,12,6,48,15,10,11,35,26,39,31,15,42,31,40,22,5,17,5,2,10,41,11,37,37,36,28,44,1,5,27,17,32,28,47,14,0,23,25,25,20,13,31,40,43,8,49,14,11,31,37,35,46,0,32,19,44,43,8,15,16,29,5,1,49,1,47,22,48,27,0,21,12,33,28,26,19,19,42,32,11,34,43,6,46,31,17,28,37,42,40,32,8,36,44,42,14,12,27,47,36,34,3,38,0,34,45,49,20,39,48,1,2,20,26,28,8,9,19,37,39,19,30,12,34,45,47,23,8,41,30,41,16,41,29,39,49,4,17,16,14,39,29,23,46,34,11,45,12,10,31,45,0,30,46,43,33,23,49,11,44,27,13,23,41,3,18,46,18,37,34,4,26,38,8,33,38,16,43,29,35,9,22,8,14,48,3,22,25,1,24,15,9,16,38,37,38,36,17,14,30,6,1,11,47,28,22,49,35,2,7,10,7,5,21,7,33,21,27,31,2,5,14,21,46,47,1,30,32,28,36,38,3,22,10,12,39,44,15,44,0,47,41,14,7,41,18,24,25,36,11,25,3,0,23,24,6,37,40,10,2,26,46,10,4,32,20,3,39,25,18,12,3,20,13,33,34,5,36,28,20,6,24,3,22,13,27,14,20,39,47,5,35,9,37,19,23,29,8,47,27,4,49,30,10,20,1,9,40,26,21,25,35,9,17,32,47,39,5,12,20,38,26,45,27,23,49,24,34,4,9,6,48,21,16,14,34,7,8,20,1,41,26,45,19,16,7,16,27,1,1,0,26,5,4,3,46,33,18,40,8,35,40,31,29,9,38,38,12,45,27,18,26,35,28,35,17,0,2,2,16,40,43,9,19,14,37,3,1,8,25,13,47,42,49,35,37,35,49,35,42,47,22,40,6,21,41,43,18,36,48,9,43,0,23,48,17,25,46,33,27,33,29,5,30,39,1,34,27,45,23,7,29,12,38,23,22,32,21,9,24,18,10,10,31,41,42,20,19,35,17,33,44,36,30,31,10,16,41,3,5,15,28,20,32,38,19,11,0,38,9,30,39,49,34,15,45,7,24,46,43,21,6,3,4,36,8,15,16,44,15,37,42,16,17,32,6,25,33,22,37,2,45,47,37,11,24,10,39,8,46,39,36,13,25,43,18,48,31,47,46,36,44,15,17,29,47,27,14,29,14,40,9,25,28,45,22,34,31,17,21,2,3,13,49,26,48,28,32,30,19,33,23,27,25,7,14,30,16,44,48,0,21,2,13,25,15,45,39,42,22,48,31,36,10,22,22,8,36,40,24,21,26,4,30,33,44,0,31,15,17,6,19,26,12,44,37,8,10,7,18,11,44,19,13,4,3,4,13,29,36,12,44,48,0,45,21,49,43,4,17,17,1,19,28,43,41,11,18,28,11,32,7,43,40,40,28,22,34,23,18,49,35,29,42,30,42,0,24,16,7,18,19,12,41,40,2,15]"
ta61,1581,"[3,3,3,0,0,2,3,2,2,0,1,1,2,2,3,3,1,1,1,3,2,3,3,3,0,1,0,1,3,0,1,0,0,0,0,1,3,2,2,2,3,1,2,2,2,1,2,1,0,3]","[44,49,13,43,28,48,33,33,22,46,26,16,21,13,15,4,25,38,37,26,24,17,27,36,44,31,2,16,0,19,9,22,46,13,12,24,43,12,28,30,4,36,27,19,25,24,22,40,13,40,39,2,11,34,19,43,36,0,19,31,35,5,7,2,16,26,15,37,18,38,14,45,30,20,14,24,5,3,0,6,37,40,19,36,17,4,24,42,20,49,7,46,11,19,26,21,48,49,2,41,31,41,49,32,13,15,37,6,27,30,0,10,41,26,10,30,13,16,39,11,9,20,31,17,20,24,17,48,2,4,32,12,1,20,37,26,44,8,8,0,46,48,27,10,49,19,26,1,24,28,0,37,14,28,41,0,32,26,12,15,45,0,1,6,12,2,11,0,26,9,7,23,5,17,36,44,36,29,47,14,31,16,22,28,17,43,23,30,15,18,36,4,7,36,48,19,10,23,33,4,46,49,7,37,3,40,18,37,30,2,30,1,38,6,33,47,14,42,33,16,2,45,21,18,21,27,1,8,33,7,16,4,4,30,22,39,9,34,33,6,21,42,49,15,17,47,15,28,11,48,31,11,6,19,41,34,42,25,38,21,17,44,3,5,3,42,30,30,24,47,9,18,18,5,1,1,44,33,22,39,31,0,10,36,18,10,12,28,34,16,35,16,17,0,30,34,27,32,15,11,0,23,7,43,49,29,7,1,43,22,46,33,27,37,18,12,7,4,18,37,11,43,20,19,19,26,2,35,33,43,32,30,29,48,44,21,24,31,5,22,41,36,8,44,32,18,10,12,10,29,7,37,11,14,14,20,4,35,34,31,38,13,34,4,23,42,17,25,33,14,5,28,20,47,1,18,22,34,18,3,2,40,26,29,12,27,42,44,28,13,22,26,18,14,3,40,6,40,42,38,30,47,22,32,44,49,41,2,45,1,46,38,23,39,39,3,47,48,26,31,9,46,21,49,13,21,2,48,32,5,13,1,46,41,7,30,6,35,5,46,42,43,32,21,21,21,13,9,14,26,14,15,29,27,11,20,8,8,48,34,35,38,11,49,37,33,16,10,21,45,9,38,8,36,9,27,41,35,40,9,45,48,34,48,8,10,29,5,39,45,6,1,12,35,42,11,46,0,14,0,20,15,6,17,44,21,16,16,47,48,29,36,48,5,37,8,49,37,29,8,2,11,8,17,42,43,46,5,5,26,32,11,13,24,45,27,15,29,24,22,40,12,21,9,6,35,16,3,28,49,5,10,44,36,20,13,42,25,29,39,45,1,10,37,32,27,6,15,6,47,13,43,25,1,14,4,39,11,6,9,32,39,41,42,25,14,35,0,39,40,27,47,5,15,32,41,46,35,35,15,12,7,46,23,41,9,14,13,40,21,27,16,44,2,43,29,10,28,23,25,38,20,31,8,37,39,47,6,15,7,1,28,23,4,28,28,24,24,22,9,5,19,7,17,4,15,34,33,21,44,16,43,17,36,33,9,36,12,46,24,5,27,8,17,19,32,46,46,45,38,28,4,2,35,43,44,19,12,47,21,37,4,27,22,38,28,31,6,42,46,21,49,1,27,30,24,6,41,18,41,5,3,23,4,13,25,33,22,5,26,32,25,40,25,34,35,31,16,36,44,3,22,37,43,29,41,44,13,8,29,38,12,13,3,2,22,8,11,3,24,47,8,9,39,42,39,3,41,36,3,23,49,3,10,2,23,41,45,21,34,31,20,27,42,32,48,31,25,40,47,7,41,35,13,19,3,23,32,27,34,9,15,34,14,33,7,28,11,16,29,39,34,44,11,10,47,32,47,17,24,1,42,20,49,7,1,40,40,8,12,45,49,25,20,40,36,45,30,0,38,30,18,27,48,9,39,34,10,33,18,31,30,32,45,47,42,7,24,12,17,30,23,31,19,9,4,18,23,46,4,39,35,35,25,14,25,18,41,22,29,12,8,14,25,18,40,1,38,20,26,43,29,20,24,48,23,29,17,23,5,31,35,25,0,14,38,31,6,20,2,17,15,14,0,35,44,19,15,0,26,47,36,41,49,28,3,7,39,49,35,48,40,20,22,25,28,12,30,20,16,33,47,40,29,2,34,31,45,16,8,6,39,32,38,19,10,45,38,23,9,43,48,25,38,15,34,3,37,40,34,33,1,42,24,11,45,36,44,19,0,37,10,2,47,38,8,11,49,22,10,45,13,42,46,18,19,45,25,29,33,39,12,23,16,43,28,48,6,23,17,7,3,43,3,45,4,26,10,26,43]"
ta62,1702,"[2,1,0,1,1,1,1,0,3,3,2,1,0,0,0,2,3,2,1,2,2,1,3,2,1,0,1,1,1,1,2,2,3,0,3,0,2,2,2,0,2,3,3,1,1,0,3,3,3,0]","[1,41,24,32,24,3,31,25,16,46,31,26,25,38,33,48,0,22,4,45,0,6,22,20,37,26,31,26,34,20,35,15,29,6,19,16,39,27,1,14,49,29,7,12,44,48,26,49,29,26,39,15,38,33,9,14,32,6,44,30,32,43,45,46,26,27,22,18,4,35,47,37,1,39,29,46,11,2,14,25,21,20,16,38,49,3,47,4,47,4,44,28,16,27,41,30,13,16,40,2,1,8,24,32,9,5,31,2,31,41,23,19,36,31,45,44,24,22,17,10,43,43,33,27,16,1,46,20,24,49,43,40,28,42,30,5,29,28,22,49,16,41,41,34,15,42,45,18,4,15,18,31,40,37,11,9,36,47,27,19,15,40,4,11,39,34,41,44,15,14,10,21,39,33,5,23,46,1,42,1,6,28,34,0,24,26,33,31,37,47,37,36,19,15,38,29,35,36,46,5,42,3,40,24,17,2,28,36,7,34,49,42,19,44,35,0,36,44,25,38,1,38,7,47,5,37,27,36,3,33,3,39,2,34,6,6,9,9,22,43,17,11,21,9,49,43,44,6,28,48,12,20,11,12,3,28,17,44,32,10,3,48,7,14,25,48,37,49,29,3,19,39,42,19,17,6,44,45,2,16,6,17,37,29,24,31,10,38,2,3,37,48,41,3,22,28,16,29,48,5,33,30,30,4,4,13,31,1,8,22,29,1,27,23,19,32,17,25,14,42,23,16,41,42,21,16,16,26,45,38,25,20,20,16,9,43,14,15,23,1,33,6,46,28,37,48,45,32,48,29,14,33,6,1,19,47,42,13,7,33,26,12,40,12,14,30,27,27,48,11,17,7,32,35,36,7,30,25,49,18,30,26,13,33,48,36,48,33,24,12,13,10,38,18,33,36,45,35,23,0,29,12,44,21,27,45,24,29,33,39,15,48,17,13,45,47,17,33,18,1,24,48,15,46,11,37,4,24,34,6,2,9,4,34,19,1,23,20,17,46,19,9,12,6,5,19,33,45,37,40,31,47,35,30,2,38,47,32,43,18,7,16,16,32,48,39,27,8,41,46,30,39,49,1,22,40,16,20,23,5,49,8,35,2,47,18,10,3,22,47,23,39,12,23,38,12,41,13,18,22,21,18,32,7,10,13,49,30,24,31,32,23,20,31,12,11,18,6,23,21,10,36,14,34,39,14,5,2,22,34,6,10,39,46,21,6,21,12,42,36,8,38,45,11,11,8,39,29,7,7,15,21,42,35,29,24,42,14,13,4,16,48,35,25,26,43,5,0,25,12,40,15,17,18,20,47,7,20,43,11,24,5,11,13,8,2,31,10,1,28,44,8,22,7,2,10,30,49,26,34,38,13,5,3,27,7,40,45,43,29,20,28,23,47,10,47,25,49,43,26,11,0,11,36,8,13,34,7,40,9,24,11,28,27,48,21,47,4,26,22,36,2,41,34,8,42,10,9,43,0,32,13,46,15,15,30,48,34,10,20,3,36,33,30,40,21,21,37,49,23,35,8,8,0,45,32,27,43,0,30,21,29,44,35,8,32,49,21,3,3,42,13,28,39,30,43,48,19,9,14,1,4,44,0,8,49,32,45,36,12,32,10,29,43,0,14,42,42,30,5,19,0,31,4,3,19,5,37,0,7,28,22,34,31,41,1,30,38,25,25,23,34,35,14,17,40,4,26,6,37,8,23,40,8,23,13,23,41,41,42,47,5,34,33,25,41,15,38,9,40,41,17,32,24,20,18,17,20,49,27,18,43,43,8,0,15,15,36,35,19,49,35,45,38,18,12,2,18,24,5,22,25,31,35,6,21,22,16,4,31,2,5,28,16,3,44,40,46,48,11,0,45,9,21,37,7,33,28,16,43,36,17,1,4,14,43,40,46,31,18,8,20,17,22,12,37,9,34,14,38,39,28,0,10,35,2,7,38,2,26,32,46,19,24,39,31,15,39,5,29,8,9,25,2,44,8,14,49,17,35,3,27,20,6,35,11,41,22,12,39,44,36,21,42,42,41,46,27,12,3,41,46,26,47,12,47,21,26,10,13,28,19,38,4,11,27,20,0,37,9,10,23,26,32,7,45,13,40,3,46,22,36,13,40,11,37,21,20,25,35,1,10,40,34,28,23,14,15,14,24,41,5,45,18,15,4,26,39,27,12,25,34,0,42,9,44,7,30,46,17,11,28,38,25,18,46,44,25,47,0,27,18,19,37,6,45,19,29,13,2,44,13,17,33,5,9,30,9,10,4]"
ta63,1567,"[1,0,2,3,1,2,0,2,0,3,0,0,1,3,1,3,3,2,1,3,3,0,2,2,3,2,3,3,2,3,3,2,2,0,1,0,0,1,0,1,2,3,0,1,1,2,2,1,0,3]","[43,11,30,26,49,7,3,36,17,33,16,1,1,41,31,11,23,10,7,21,35,0,15,28,47,48,47,44,43,44,9,26,49,22,36,11,17,11,5,11,3,9,20,19,36,41,41,40,2,35,33,7,3,20,18,35,32,4,13,5,32,45,35,19,36,39,33,14,27,32,15,5,19,33,27,1,12,1,17,14,10,25,39,35,29,28,3,16,44,30,45,40,37,28,1,48,36,37,44,31,24,0,48,41,35,24,27,2,43,7,26,8,39,36,11,11,10,21,44,34,22,22,8,1,43,21,43,10,33,25,31,12,41,39,20,22,37,28,6,16,37,20,21,2,8,17,11,36,49,22,32,41,25,20,14,22,12,1,18,26,6,19,13,6,46,20,10,12,19,37,23,23,35,29,22,1,22,19,24,47,12,16,43,20,23,30,5,8,20,40,42,24,33,38,22,49,31,41,35,30,19,41,29,20,43,34,46,25,41,23,11,30,42,39,18,4,34,39,1,36,29,24,38,44,18,42,31,31,24,4,40,5,22,8,32,20,17,46,47,24,5,25,0,40,37,35,49,27,31,29,41,49,8,29,21,1,15,9,33,21,6,38,28,14,27,15,25,46,0,9,17,34,44,14,33,27,16,37,23,11,17,28,4,37,24,7,30,17,25,24,30,25,6,0,33,28,38,21,14,7,27,37,3,14,13,37,30,37,14,16,44,35,19,28,33,38,45,6,40,11,19,34,15,18,23,9,19,34,42,39,2,29,44,14,45,8,12,1,26,33,19,42,22,8,0,48,20,3,42,40,18,25,9,48,47,1,12,17,4,16,26,45,21,6,35,10,32,8,37,3,11,29,15,21,41,0,35,47,47,28,18,16,20,3,1,48,18,34,27,35,42,35,15,17,7,42,1,35,45,34,22,22,17,46,32,49,6,34,37,8,24,39,34,28,44,31,22,27,26,6,5,9,9,3,27,20,33,4,30,31,39,22,10,37,29,15,35,23,41,21,36,9,1,36,27,36,0,24,14,46,40,2,38,41,19,11,9,33,21,24,30,35,43,32,16,3,33,23,25,34,43,45,39,4,27,32,49,8,28,13,29,2,7,15,2,0,40,16,41,49,4,45,23,12,10,34,14,47,29,43,9,21,49,8,23,26,41,4,45,43,28,39,34,24,42,13,14,4,9,19,46,43,2,25,21,21,6,39,44,39,9,24,21,40,45,49,8,47,5,5,12,12,5,6,44,41,29,30,4,26,0,6,47,3,3,10,26,14,49,24,34,38,18,17,6,17,2,3,20,3,13,27,22,41,6,4,15,10,1,16,49,6,7,14,32,25,30,43,0,13,26,46,21,38,47,19,42,40,45,37,46,45,25,1,32,47,39,0,46,38,47,44,32,42,16,15,42,33,5,49,15,0,6,1,20,18,8,8,31,43,8,16,23,11,25,2,48,19,34,48,37,18,46,3,16,25,20,31,26,12,35,48,33,11,10,18,30,48,44,15,17,5,7,17,47,24,40,14,13,10,31,26,43,2,23,29,21,3,9,31,49,17,17,15,36,44,48,7,28,5,2,7,7,29,16,32,46,9,46,7,31,29,36,47,18,19,44,10,2,38,27,4,0,42,15,42,18,49,30,28,38,26,20,22,7,18,40,28,39,6,7,8,12,34,15,18,34,30,0,23,12,39,15,32,8,45,42,4,2,10,0,28,48,46,40,11,46,42,13,3,38,38,42,27,38,26,34,36,45,12,46,45,38,27,42,41,32,4,43,6,37,36,2,28,15,28,48,26,7,26,48,48,40,14,19,20,29,49,33,45,36,9,21,13,40,16,45,11,47,47,3,45,27,31,38,44,14,30,23,5,45,46,32,24,44,14,10,48,47,37,2,27,39,22,47,13,22,41,31,43,25,13,49,20,3,38,40,17,18,9,31,43,34,17,25,32,4,25,32,2,49,13,8,44,13,2,0,15,39,38,12,32,42,5,48,29,22,40,5,12,16,12,19,24,39,23,32,14,13,13,8,45,23,42,48,10,35,37,12,1,5,15,33,9,43,44,10,10,0,18,13,3,30,2,9,36,7,11,13,38,7,19,27,1,16,31,16,4,11,21,4,36,23,33,10,18,26,46,12,0,38,27,46,4,48,47,40,20,25,26,30,17,28,31,19,33,16,26,13,31,21,4,5,43,13,36,28,48,29,40,2,9,14,23,37,35,25,41,29,5,7,49,24,34,23,30,29,6,5,10,36,6,12,39,24,11,0,18,46,30]"
ta64,1551,"[2,2,3,0,1,1,3,2,3,1,0,1,0,2,3,0,0,2,0,1,2,3,1,0,2,1,1,3,2,3,0,2,1,3,3,3,1,0,0,2,0,2,1,2,0,1,1,1,3,2]","[10,48,16,0,22,10,38,49,12,19,17,5,47,6,1,3,18,29,25,25,44,5,21,24,37,39,31,39,15,13,44,49,27,48,13,8,3,14,13,1,29,5,41,47,31,17,5,44,48,32,33,19,25,25,45,16,26,3,15,22,40,49,15,47,44,25,45,43,20,21,38,32,16,44,4,7,39,47,10,32,26,23,27,41,22,47,40,29,22,18,18,29,36,24,4,5,2,18,24,2,15,31,21,13,47,27,49,7,39,7,49,7,23,28,48,38,15,6,34,45,47,28,31,36,0,1,19,42,35,18,38,36,28,7,6,4,33,20,41,44,42,29,33,39,6,24,3,26,12,27,27,18,43,17,19,1,14,5,3,41,6,4,15,22,9,42,43,33,0,28,35,20,30,45,20,21,11,49,6,30,15,40,12,4,39,9,23,35,32,40,40,10,4,47,2,2,26,5,3,6,33,16,1,41,4,7,17,48,40,39,28,19,19,28,40,41,41,40,24,46,1,45,45,32,2,25,18,9,1,23,45,46,34,6,35,43,38,23,35,30,43,37,26,33,28,40,16,13,37,2,42,8,24,9,46,13,38,0,21,1,30,46,48,17,42,41,37,27,17,18,5,44,5,11,14,8,25,6,9,14,37,6,42,36,24,32,49,2,29,46,11,7,13,25,19,34,9,18,21,13,9,38,23,49,49,31,29,46,18,6,35,4,38,35,16,31,2,8,24,15,15,2,11,22,29,28,29,38,22,38,36,35,36,21,46,37,8,19,13,7,0,2,33,24,34,19,25,43,16,48,10,30,39,25,49,11,27,30,4,10,36,18,13,17,35,24,36,49,8,42,15,48,35,40,11,0,19,16,2,37,39,20,10,21,47,11,0,9,17,32,30,39,0,15,33,30,16,42,13,3,16,26,14,15,32,27,31,44,33,9,42,9,11,23,43,0,47,46,27,38,19,21,13,22,12,26,28,24,13,33,10,31,42,40,46,31,41,41,1,21,10,7,17,3,27,8,16,10,35,42,14,45,6,1,44,33,28,30,6,15,33,15,20,48,20,9,18,12,12,4,2,33,23,39,46,37,46,21,23,37,24,23,20,33,41,43,20,23,28,44,28,32,15,47,23,8,36,34,23,30,42,14,0,34,13,21,27,12,40,11,26,19,44,0,8,28,3,48,16,17,8,1,48,29,46,8,5,4,46,46,20,36,0,28,34,49,30,9,12,39,38,9,18,20,35,29,43,13,4,32,43,37,20,31,49,40,36,17,11,42,43,26,19,5,30,7,11,32,40,37,38,9,3,31,13,22,32,14,13,39,11,22,20,2,23,20,7,24,43,12,8,6,35,27,26,22,44,44,11,47,22,41,45,28,9,34,45,5,29,3,25,34,32,5,24,29,0,47,40,5,22,10,49,23,8,26,16,12,36,3,17,10,12,29,4,45,6,14,24,26,29,45,0,37,33,42,46,12,28,35,31,47,41,6,4,5,38,9,12,28,19,5,30,48,5,12,38,48,4,24,37,21,21,17,6,37,8,44,14,36,49,43,47,10,31,4,18,42,47,44,43,27,37,10,45,47,4,46,7,43,31,0,14,39,33,23,23,23,40,36,36,20,7,15,17,2,28,34,22,8,8,26,19,16,21,42,16,43,10,6,11,1,26,47,27,10,32,11,14,22,29,34,48,42,40,21,27,11,39,17,38,9,46,30,30,39,3,31,34,41,24,44,7,24,12,25,32,3,6,17,31,44,1,38,36,21,19,33,27,15,27,26,2,3,4,8,34,36,17,31,32,38,45,13,23,21,20,7,14,4,8,49,36,30,25,3,45,1,41,2,0,18,17,19,45,29,3,7,23,31,43,41,43,25,22,14,44,43,19,18,30,42,41,26,25,11,2,35,27,1,48,46,26,36,37,41,43,22,7,34,13,5,30,8,35,10,14,48,24,1,3,1,9,32,1,29,38,9,1,18,20,40,16,28,25,18,46,12,14,49,45,26,40,45,25,15,16,13,35,2,22,34,8,14,11,22,17,33,30,41,34,12,39,27,19,49,26,12,1,42,5,0,28,33,9,33,24,31,14,16,47,35,29,26,49,10,34,36,25,37,7,41,34,11,21,46,20,40,21,48,19,39,48,3,45,4,15,16,48,18,37,35,39,20,7,31,34,49,38,15,10,44,2,39,35,11,2,7,32,3,25,12,16,17,29,0,42,14,32,27,0,10,5,32,34,30,18,45,25,20,47,0,37,37,48,22,44,14,6,12]"
ta65,1585,"[3,1,1,1,3,2,0,1,2,3,0,0,0,1,2,0,3,0,2,1,3,2,0,0,1,3,3,2,2,3,1,0,0,1,2,1,0,1,0,3,2,2,1,2,0,1,0,3,2,3]","[43,3,29,5,6,0,36,19,43,23,45,23,14,16,46,32,34,3,41,20,0,6,9,48,14,41,47,24,9,28,5,27,22,38,33,33,45,22,31,27,40,44,28,47,29,30,18,34,48,41,22,48,11,46,32,34,36,42,28,3,5,1,21,31,26,32,4,49,32,22,8,43,42,47,15,3,42,17,29,33,15,36,25,9,7,29,48,2,10,43,18,27,33,22,40,10,38,37,26,16,0,44,19,24,12,19,8,44,46,45,8,13,20,30,26,22,38,47,22,5,32,21,18,17,23,49,48,43,41,19,18,49,39,9,28,10,15,5,35,45,0,30,23,43,17,9,36,39,8,36,19,13,41,13,22,49,45,41,1,29,2,49,36,4,13,32,31,3,20,19,6,10,1,28,1,15,2,29,10,9,11,42,6,28,27,12,33,44,8,25,43,16,9,26,2,28,22,44,24,42,33,27,20,40,14,16,46,1,12,20,21,29,1,38,9,3,30,35,8,8,16,11,37,44,40,18,26,13,1,33,24,45,48,46,48,25,37,48,10,46,18,5,39,40,19,4,33,4,23,43,40,28,45,48,9,36,34,17,24,21,10,21,31,19,13,9,33,34,20,45,33,26,2,2,30,34,0,2,39,9,40,40,40,1,7,25,30,33,11,6,28,28,19,47,42,24,26,39,13,1,48,5,3,37,13,25,32,40,34,46,35,34,27,27,23,26,5,19,5,35,44,41,16,35,7,27,37,11,34,39,1,49,42,28,29,36,38,36,46,29,31,18,47,9,27,32,30,10,43,3,33,10,8,17,47,8,14,36,49,14,6,37,25,32,15,34,7,36,24,18,31,24,5,15,7,17,33,1,39,12,12,44,42,11,29,48,30,7,9,13,12,39,26,35,7,43,43,30,44,18,3,7,38,3,25,23,36,16,43,37,38,41,22,30,27,40,28,5,6,17,43,11,18,41,48,43,27,8,25,19,17,24,0,43,42,0,11,42,32,0,45,34,16,3,10,19,1,18,36,13,7,22,3,4,6,49,18,8,43,11,39,26,12,14,0,18,20,6,49,4,49,38,39,7,48,48,1,8,7,31,15,14,27,2,29,40,17,44,15,7,33,4,29,29,13,29,13,45,18,13,24,7,41,30,42,12,6,10,34,37,13,16,17,46,48,2,49,0,46,44,6,9,21,11,25,31,16,46,23,31,4,24,41,21,42,2,20,36,10,25,17,22,44,29,25,40,22,19,6,28,47,28,32,22,20,42,14,5,19,24,48,19,5,35,8,37,34,6,11,21,34,8,3,15,2,31,11,7,42,16,11,29,42,23,25,6,13,1,0,39,45,6,28,8,15,37,36,17,17,36,0,47,4,4,14,30,3,23,27,15,41,45,34,19,45,2,20,40,45,8,46,49,11,39,28,17,37,45,31,21,4,40,45,38,45,38,46,16,19,2,0,12,4,7,34,33,43,3,47,5,10,11,12,47,38,46,21,11,26,33,15,14,3,14,2,17,14,27,39,20,5,49,47,48,46,39,31,35,47,32,6,44,21,30,12,37,15,11,11,48,37,30,40,17,38,4,23,5,44,21,35,49,5,39,9,44,33,35,3,20,25,16,2,21,42,41,23,35,40,20,21,0,26,38,45,46,23,21,0,28,7,33,26,31,21,14,42,30,16,24,6,18,29,31,0,44,18,15,25,31,16,38,49,20,41,31,1,7,35,26,25,9,35,12,16,4,12,39,19,32,27,27,36,2,25,26,3,30,14,13,36,0,49,37,0,24,24,5,19,20,21,22,1,4,10,10,12,23,18,36,3,10,11,47,28,29,33,26,4,37,41,20,1,32,48,38,15,17,27,25,37,5,37,20,34,22,45,24,24,41,31,23,35,35,12,32,42,26,45,23,37,35,19,49,43,32,17,5,27,49,46,30,43,49,9,6,22,7,14,13,46,4,32,41,15,4,3,0,25,42,34,34,7,15,16,16,39,12,18,8,34,20,8,29,46,17,12,42,25,38,14,2,47,48,47,13,32,44,49,12,23,23,33,9,44,31,32,43,28,24,2,35,24,1,22,17,44,30,10,40,2,1,9,35,15,1,14,11,47,38,18,15,14,40,41,20,31,0,36,16,30,8,47,39,10,25,9,16,35,37,14,31,10,38,14,27,21,39,20,4,12,4,26,12,23,21,18,41,24,38,32,13,22,47,37,35,7,47,28,41,44,26,23,10,6,22,27,38,2,21,15,8,6,30,46,26,39,40,29,13]"
ta66,1563,"[3,0,0,2,2,1,1,3,0,2,0,2,1,3,2,2,0,1,0,1,1,3,3,0,2,3,3,2,0,3,0,0,3,3,2,1,2,1,3,0,0,2,3,1,1,3,1,0,0,2]","[37,41,2,32,16,18,21,12,17,14,20,47,20,45,5,31,38,33,23,39,13,7,43,21,44,45,24,6,4,22,16,34,15,46,26,3,32,27,29,17,44,16,24,2,3,49,27,17,33,7,19,47,27,22,40,8,37,33,21,17,45,49,46,38,3,48,9,24,35,38,21,0,36,39,29,43,2,20,40,4,19,14,24,27,10,28,30,39,4,15,43,23,21,31,39,1,7,28,8,9,21,19,29,0,9,31,3,26,41,42,33,0,7,37,16,7,30,31,24,15,16,42,34,30,29,27,16,5,20,47,12,10,18,23,9,42,49,47,9,17,6,13,42,3,5,22,1,37,19,7,22,30,49,46,48,46,36,17,26,18,33,25,11,41,21,46,8,10,8,18,39,2,23,13,28,9,21,8,41,41,16,37,35,15,22,41,48,25,47,7,12,36,46,14,24,43,36,45,17,37,23,25,2,10,3,5,27,36,27,14,15,23,3,39,20,40,36,24,10,0,5,31,19,47,43,35,20,13,28,29,35,22,4,0,0,8,8,1,3,18,16,13,9,47,41,0,17,37,41,31,34,48,30,35,10,2,1,19,32,43,12,49,23,25,37,10,41,34,29,21,14,44,13,45,34,21,15,47,20,21,42,46,22,25,26,6,39,21,36,13,14,36,28,7,19,2,49,38,6,10,35,46,7,47,40,24,6,20,44,1,19,40,4,24,34,13,41,3,5,47,8,40,44,46,1,25,9,35,5,11,1,15,15,18,25,5,26,4,49,17,21,28,32,20,37,2,7,46,2,10,26,19,33,19,5,17,35,31,13,12,26,30,16,1,16,30,20,6,33,23,44,8,30,26,15,29,14,7,38,7,27,46,5,32,12,44,15,48,21,14,34,48,42,1,32,31,39,15,23,22,22,30,35,44,44,23,9,29,44,29,45,15,23,10,42,42,9,38,48,11,16,31,6,16,3,30,22,2,25,11,10,38,24,18,14,11,26,20,49,3,6,29,29,10,26,37,18,11,44,31,32,2,16,31,49,4,6,49,20,34,41,40,22,48,13,44,12,11,45,38,43,37,37,45,39,48,13,33,23,0,4,30,22,38,16,33,36,39,26,14,30,39,47,32,10,48,39,49,18,34,4,40,7,23,38,26,35,32,40,8,22,36,3,48,8,46,29,11,25,28,24,32,46,28,1,22,41,29,44,5,3,22,8,4,0,11,9,34,40,31,14,34,41,17,42,28,13,25,12,40,12,32,32,43,24,4,5,11,42,46,3,13,13,14,14,20,45,1,5,13,12,27,16,28,35,29,15,47,17,19,4,25,3,43,48,17,11,47,20,45,3,42,42,49,25,33,42,37,4,30,25,6,24,40,15,17,6,11,39,32,0,15,6,48,8,48,4,21,3,33,33,12,7,23,41,43,36,18,9,26,17,46,39,12,49,20,1,42,33,42,0,1,48,23,37,26,10,47,14,43,12,23,27,21,45,49,31,38,22,11,28,4,20,47,36,27,5,44,11,0,0,23,40,21,26,37,13,3,12,46,17,46,24,9,23,1,27,14,40,43,19,38,28,27,15,46,32,19,20,32,20,10,11,47,22,32,44,14,1,25,47,31,2,30,28,6,33,6,28,27,45,46,27,24,18,0,15,31,3,30,16,25,45,15,40,22,5,6,43,27,21,28,31,43,38,2,6,28,18,35,40,35,10,29,4,35,49,16,10,36,45,24,20,19,27,9,32,39,22,42,18,41,0,43,29,4,6,44,41,4,34,8,47,17,26,8,11,2,34,9,14,37,49,30,9,23,32,19,22,12,36,28,36,11,33,38,43,42,14,35,16,31,25,36,28,16,33,19,39,47,35,48,48,27,26,0,2,4,7,39,29,36,8,48,35,1,31,8,24,39,44,37,45,9,41,13,29,10,12,11,19,15,13,5,21,18,33,26,48,1,40,38,12,38,44,7,42,24,25,26,46,7,1,1,2,41,24,28,3,37,19,40,13,43,34,45,35,39,41,49,32,44,12,2,45,11,34,18,35,16,6,8,44,7,34,18,2,33,41,30,20,27,0,8,4,0,49,31,33,15,7,29,5,1,37,43,39,43,35,6,33,38,34,23,36,34,2,10,9,0,45,24,7,17,19,2,18,28,30,17,34,5,45,14,14,47,42,38,0,26,31,38,19,27,17,49,42,40,9,12,45,10,5,40,36,30,11,12,32,25,49,48,21,5,37,18,36,34,18,25,9,30,8,18,25,6,43,38,13,29]"
ta67,1593,"[0,2,2,0,0,2,0,3,3,0,3,1,2,3,2,1,0,3,2,3,3,0,1,1,2,3,3,1,2,3,0,1,1,2,3,1,1,0,2,0,1,1,0,2,3,2,2,3,0,1]","[24,40,12,37,15,32,44,24,30,16,31,25,47,4,22,33,30,16,2,26,41,16,41,4,7,34,31,16,3,5,8,8,8,9,3,46,14,48,40,25,43,38,6,6,33,43,28,42,6,26,39,31,13,46,6,3,9,40,17,42,23,1,31,19,23,5,42,2,4,12,11,25,21,9,38,5,45,35,25,45,30,11,35,29,41,26,46,20,34,10,10,31,49,36,28,9,36,39,4,29,7,2,9,8,22,5,25,12,48,21,27,14,2,46,33,27,13,14,43,32,44,34,18,11,16,0,26,40,47,22,29,34,25,32,35,23,7,35,6,27,18,36,4,33,48,15,17,46,48,13,29,34,7,49,33,48,35,31,20,49,21,19,39,6,30,8,48,48,28,3,49,47,21,9,0,41,29,48,25,9,31,6,36,38,34,4,3,20,17,23,44,20,33,3,45,9,8,15,12,29,49,2,44,35,35,5,14,44,44,38,15,2,22,2,32,3,12,39,2,49,21,13,15,45,11,25,29,16,18,23,49,39,9,17,28,20,1,38,4,47,21,1,47,45,37,19,16,17,45,30,49,39,33,26,43,17,34,39,14,31,37,37,27,11,41,9,27,26,41,47,11,34,19,20,49,32,39,13,7,18,24,34,5,33,30,20,23,3,40,16,14,13,41,15,30,37,29,33,20,5,31,3,47,27,25,3,11,26,17,3,24,0,10,31,6,18,36,49,8,22,12,41,33,21,38,44,43,31,12,42,46,41,20,22,29,28,29,40,29,44,15,40,1,49,18,41,26,27,37,24,39,11,27,35,3,28,10,39,26,34,15,46,10,36,31,23,22,45,37,8,38,26,33,15,20,36,11,24,13,45,35,44,13,23,11,46,5,28,21,21,29,12,41,7,6,12,24,7,13,33,39,45,16,31,21,33,42,3,11,10,26,20,4,0,12,15,18,16,48,38,1,41,23,39,42,35,7,38,46,49,0,36,41,39,37,34,28,28,4,49,27,26,32,0,24,3,43,5,7,15,9,7,22,32,11,15,46,42,43,12,26,0,39,23,44,31,28,23,30,30,8,43,2,21,44,42,10,14,40,4,25,43,14,48,31,12,10,19,47,23,17,37,44,33,0,14,45,30,23,11,33,10,1,4,7,19,47,40,19,31,45,19,7,32,19,1,13,35,36,40,12,39,45,24,49,43,8,27,37,6,12,27,2,37,30,0,24,13,30,15,38,16,26,45,14,40,0,26,20,20,18,33,2,24,32,14,7,38,24,43,22,35,48,18,45,47,1,13,39,22,19,32,8,36,16,36,6,0,15,23,15,30,6,42,20,19,28,37,3,1,41,29,10,43,23,17,28,10,8,41,10,5,25,48,10,43,34,39,22,44,14,4,21,18,0,1,42,46,18,40,37,22,32,30,1,27,48,31,29,30,28,46,3,15,4,37,45,2,8,30,9,6,45,20,34,38,21,4,12,34,47,11,4,5,32,23,42,20,0,8,32,27,32,16,35,42,38,47,37,40,19,14,21,36,0,12,44,11,17,18,44,35,14,2,1,9,38,38,13,2,32,6,3,19,26,1,46,28,9,27,37,4,37,8,14,47,17,17,11,2,22,3,47,16,10,31,28,46,47,49,27,6,15,46,33,27,34,24,9,35,36,42,17,17,38,14,35,49,6,46,19,20,40,12,33,20,17,11,34,12,19,10,29,2,1,48,36,11,4,41,7,5,40,10,18,25,23,19,34,13,8,41,41,36,48,26,3,36,19,43,49,2,27,48,42,15,13,11,14,25,28,42,2,32,43,16,2,5,36,39,24,12,19,0,1,9,38,18,30,44,48,38,10,43,24,17,38,29,36,40,5,14,35,42,4,13,10,0,16,17,48,44,48,14,46,45,40,28,5,19,47,27,29,8,35,15,27,40,25,48,8,45,42,16,21,21,21,30,35,40,22,47,37,24,3,25,9,28,32,25,24,8,46,4,15,11,41,39,13,7,34,49,20,23,32,30,24,42,43,29,5,8,13,45,28,33,44,18,18,25,21,47,9,19,28,37,22,21,31,43,22,13,5,32,6,18,47,7,9,6,44,41,0,22,43,0,42,0,24,18,13,7,22,1,7,46,25,16,17,36,26,49,6,25,23,49,21,37,42,5,1,32,1,1,29,22,18,39,7,10,5,26,26,16,34,14,0,29,25,30,2,43,4,24,6,40,9,36,1,31,20,17,47,35,44,33,5,45,38,17,7,12,34,10,27,16,23,18,46,22]"
ta68,1582,"[2,3,1,0,2,1,1,0,1,2,2,0,1,3,2,2,3,3,1,3,3,2,0,3,1,3,2,1,3,1,3,0,0,0,0,3,2,2,2,1,1,2,1,1,2,1,0,0,0,3]","[12,49,17,40,12,20,16,23,9,44,17,23,14,40,5,39,3,0,32,9,9,9,39,3,35,17,49,42,21,48,44,11,30,2,46,33,33,22,25,43,22,2,49,42,8,47,24,33,26,42,28,27,11,9,28,0,30,25,46,46,9,1,39,48,36,40,5,38,19,41,47,20,16,27,4,36,17,23,41,48,37,47,32,48,34,38,35,3,30,37,11,49,20,47,19,13,43,4,15,16,15,42,38,3,0,13,38,29,4,23,5,47,7,26,2,39,2,7,16,30,9,37,46,24,10,48,0,34,29,21,42,31,7,0,42,22,13,31,34,11,43,21,16,14,44,19,4,37,30,19,29,18,1,23,8,14,17,40,18,24,1,6,21,3,12,41,45,6,44,6,4,13,15,12,14,47,10,19,32,30,26,46,6,22,38,7,29,47,3,0,23,48,20,37,42,27,29,10,36,35,33,23,4,42,0,21,45,17,33,8,35,42,3,30,17,43,18,7,47,39,12,35,39,6,39,42,17,2,3,19,13,46,15,2,38,16,12,7,4,36,45,15,28,18,14,49,33,41,2,22,23,42,32,7,27,24,31,32,25,4,14,29,14,1,24,18,37,23,34,45,8,24,29,33,9,16,17,34,17,32,25,46,46,9,0,43,12,3,0,20,4,25,44,32,46,45,33,6,44,21,3,47,45,31,21,47,18,40,8,38,27,18,6,8,27,14,19,29,23,34,25,14,48,36,43,45,9,32,35,36,14,32,26,16,6,46,43,42,31,24,26,9,13,47,6,25,45,16,40,31,36,36,16,38,7,17,45,12,38,28,7,1,7,14,26,18,2,6,18,47,3,20,41,10,28,27,48,10,1,33,41,28,39,28,8,24,32,22,31,35,15,31,13,23,47,1,20,7,14,11,22,20,45,23,41,27,2,32,3,12,1,22,22,25,21,49,49,21,30,6,3,44,25,19,29,1,29,11,6,19,18,36,41,40,25,5,11,30,8,10,27,37,0,31,14,32,40,3,4,46,0,32,17,11,29,6,25,34,20,16,28,12,31,18,49,38,43,44,30,41,13,48,11,7,22,31,10,44,33,31,48,20,33,15,33,43,19,16,16,30,36,15,37,0,45,12,24,25,48,46,46,46,40,25,30,28,2,27,48,30,36,22,5,35,16,35,5,17,34,21,19,29,21,0,26,14,16,6,7,45,32,2,41,39,35,31,9,14,14,8,4,19,2,12,15,32,28,8,29,37,46,31,24,8,23,43,32,37,27,12,2,13,13,12,41,19,11,37,46,12,9,42,15,20,47,7,15,4,31,25,11,39,4,48,44,13,16,11,18,29,37,41,34,49,41,44,21,38,30,49,43,17,28,24,28,27,35,11,28,26,43,15,48,11,45,39,20,44,1,26,45,34,23,41,22,43,12,47,16,40,20,39,24,47,49,26,4,21,4,8,21,5,46,2,49,41,11,15,26,29,25,36,31,26,43,42,39,36,41,0,36,1,10,3,26,34,5,1,37,33,9,27,44,1,7,7,40,20,45,5,32,33,45,35,30,22,34,23,16,31,7,26,9,24,44,44,41,1,22,10,8,13,32,10,47,44,9,32,10,35,32,12,1,13,17,38,49,43,26,4,22,19,10,34,37,10,23,24,40,19,5,17,11,38,4,28,41,35,19,18,20,5,18,40,31,48,36,17,29,35,13,21,25,7,0,39,36,27,30,38,0,44,10,31,20,49,39,2,15,38,6,29,2,38,24,11,10,16,7,2,44,42,38,49,48,29,44,37,10,25,1,33,45,3,13,40,39,17,37,14,41,48,40,15,40,27,19,12,27,35,1,14,41,36,42,30,30,4,28,30,33,6,20,49,20,9,28,49,22,13,34,49,42,46,19,24,14,26,48,8,29,43,4,45,40,18,44,5,38,23,26,0,27,49,18,5,31,15,28,33,25,40,8,46,5,5,5,28,20,24,26,17,5,37,9,26,18,34,24,8,13,8,0,5,10,15,15,34,12,42,33,21,22,33,37,33,23,16,0,47,43,3,34,43,34,15,43,22,48,37,13,49,2,12,46,6,38,35,28,5,11,40,27,23,21,34,47,22,6,39,2,35,18,27,8,1,45,42,18,38,15,3,26,9,4,29,6,17,23,19,10,34,37,1,21,48,1,6,21,9,7,39,10,18,39,3,24,20,11,14,25,39,5,13,8,8,36,35,22,36,30,45,13,27,42,35,2,10,19,43,21,25,11,36,3,47,24,0,40,28]"
ta69,1592,"[3,1,2,3,1,3,1,2,0,0,2,3,0,0,0,2,1,0,3,1,1,2,0,1,3,1,1,1,0,0,3,0,2,3,0,3,0,2,2,3,1,0,2,3,3,1,2,2,3,1]","[5,1,37,15,6,22,28,4,0,39,29,37,7,27,6,21,17,27,9,4,46,0,48,13,3,22,12,46,8,7,30,17,38,48,16,40,45,7,44,17,45,46,21,10,32,41,32,22,34,39,1,46,11,24,29,45,20,11,11,18,12,43,2,4,24,2,2,9,20,30,20,2,21,7,36,27,41,10,19,45,31,37,25,45,33,23,18,34,48,47,17,38,0,47,20,46,39,12,36,7,48,28,21,44,4,5,1,22,23,47,13,31,30,40,9,39,39,23,12,33,14,4,14,34,37,24,28,24,48,29,20,42,16,3,30,13,8,22,39,13,14,4,18,40,46,23,25,3,22,31,15,35,31,41,7,32,47,33,38,46,25,32,2,24,26,26,28,45,49,37,9,47,19,17,41,44,48,4,39,47,8,4,29,0,27,43,38,19,34,4,19,41,19,7,31,10,29,19,6,10,20,19,14,8,43,27,20,40,12,7,24,21,30,4,7,25,9,9,23,10,16,35,25,49,14,16,24,18,33,20,12,33,15,19,10,32,42,12,38,13,40,42,20,29,0,44,39,28,42,13,44,12,47,27,23,45,16,35,39,5,31,46,45,23,14,32,1,28,48,29,13,33,35,10,49,42,7,11,26,6,11,17,17,36,45,0,46,8,0,43,40,14,22,43,22,23,11,9,31,3,19,18,0,48,26,34,21,32,41,34,36,1,17,31,9,2,17,31,48,12,49,36,9,44,38,21,6,3,5,22,4,42,49,2,2,38,7,43,5,23,43,36,22,9,15,32,37,23,45,6,44,48,30,10,18,8,10,1,37,34,10,25,13,27,2,15,41,17,48,6,34,47,35,44,41,14,40,3,8,41,47,12,1,42,49,21,32,43,1,16,39,11,25,11,1,5,17,8,26,38,2,9,36,46,8,10,46,24,18,2,20,20,42,43,38,35,28,44,13,19,27,0,8,49,23,41,37,43,40,10,3,3,12,3,0,47,44,32,39,28,32,29,15,13,3,14,34,44,13,35,4,42,4,40,2,5,22,27,35,26,4,26,10,7,49,17,38,24,43,6,23,37,33,24,24,1,16,28,37,41,12,25,40,49,13,21,41,40,43,7,45,45,24,34,36,18,7,2,31,36,30,40,8,27,32,33,41,32,16,3,37,37,44,11,11,43,31,24,32,41,39,19,7,10,33,41,39,14,35,16,8,41,49,37,31,20,37,33,30,22,16,14,7,17,31,27,4,31,26,46,18,28,26,18,0,23,37,33,9,49,22,16,4,48,16,24,49,44,47,27,25,14,30,23,5,20,0,15,40,31,36,48,5,40,39,44,38,42,16,21,40,1,37,9,26,47,47,30,35,21,15,27,6,16,41,47,34,0,14,48,49,48,44,27,2,5,13,29,47,7,28,23,13,0,11,35,20,29,27,19,45,35,45,30,25,32,3,8,4,29,26,35,19,28,15,15,40,16,18,17,26,7,24,47,13,34,17,30,30,41,12,5,12,39,42,38,38,38,23,37,28,34,15,6,0,41,38,36,15,28,36,43,38,8,49,11,33,19,45,34,13,23,42,10,35,35,36,43,13,37,6,30,32,24,19,27,11,11,38,48,20,21,9,46,16,33,2,2,16,33,47,33,1,18,43,20,1,21,21,30,22,20,13,36,48,15,26,26,18,12,1,39,21,5,15,39,49,25,35,6,9,16,6,42,11,1,36,22,6,17,3,5,25,24,31,49,44,46,44,26,1,8,18,25,25,43,39,34,10,6,28,17,20,12,47,45,42,7,14,0,29,27,43,40,25,3,31,9,45,25,14,46,42,28,1,36,3,44,34,23,16,34,9,33,13,8,12,2,40,33,5,29,38,14,10,29,2,22,24,14,18,11,2,11,9,21,35,18,12,41,14,7,5,1,25,29,12,29,43,0,46,8,42,26,46,36,21,31,8,5,24,35,14,15,4,5,4,9,25,6,22,8,26,29,19,20,30,47,29,37,0,8,27,18,15,6,23,46,40,48,10,38,28,48,3,25,34,6,49,31,18,28,36,26,26,3,10,11,43,22,5,20,34,48,19,30,26,6,49,34,45,32,5,37,22,32,42,2,17,25,15,21,17,44,32,10,14,29,33,19,11,30,45,11,42,1,31,47,39,6,15,45,49,44,46,33,33,5,12,9,19,21,39,36,32,4,13,35,17,42,0,38,3,21,29,28,27,36,1,30,16,3,23,35,19,3,22,42,40,49,27,0,24,46,15,18,18,30,15,28]"
ta70,1646,"[0,2,0,3,3,1,0,1,3,3,0,1,1,2,2,2,1,3,0,3,2,2,2,2,1,2,1,1,0,1,0,2,1,2,0,3,0,3,2,3,0,0,1,1,0,3,3,3,2,3]","[49,25,40,19,17,33,30,40,18,34,38,25,35,13,30,45,34,46,41,47,26,9,34,28,30,41,23,15,26,16,42,48,44,0,38,4,32,48,36,39,4,26,42,10,12,28,17,38,6,10,41,10,7,35,28,2,1,32,47,46,25,2,19,8,23,31,23,13,13,46,34,29,46,8,22,3,15,34,29,33,24,35,5,24,15,36,12,43,13,0,14,49,46,24,23,39,7,47,21,32,1,43,41,32,28,32,17,44,45,41,5,7,8,35,10,28,1,34,37,13,6,5,45,16,0,19,37,47,10,37,23,13,23,48,18,49,49,36,45,3,41,4,36,33,47,8,20,38,16,49,7,27,31,45,35,45,47,35,18,28,31,32,49,12,33,40,25,48,13,25,24,10,14,5,41,15,37,23,16,24,9,43,0,27,2,11,49,47,6,22,49,43,32,16,48,27,44,49,22,27,43,23,46,42,38,45,45,48,22,7,49,34,27,34,21,9,42,43,39,25,29,42,41,25,39,20,14,1,44,46,7,41,6,1,42,27,40,9,0,4,39,31,44,20,1,15,36,20,47,40,20,48,13,34,45,44,39,3,39,48,26,22,23,11,12,45,42,33,33,16,11,20,12,20,38,21,43,6,5,33,13,12,21,46,41,12,26,39,20,16,22,23,9,46,7,32,19,7,12,45,38,45,43,20,28,38,33,43,6,40,1,8,22,9,14,26,37,38,3,23,19,39,30,1,8,26,41,17,29,13,25,9,10,18,37,29,30,14,26,27,41,5,46,31,21,27,44,31,37,36,48,37,2,33,26,28,43,14,29,25,36,38,0,25,17,35,1,2,13,5,29,49,15,6,8,18,19,11,23,10,17,9,15,0,19,28,42,27,30,31,22,26,1,17,44,35,2,11,9,45,20,4,26,7,32,26,42,31,15,45,14,7,8,28,24,36,4,15,14,35,18,44,46,2,6,14,0,30,8,1,26,48,13,21,44,12,4,44,29,36,19,37,40,39,17,19,2,11,8,4,29,4,25,21,9,43,33,22,46,16,10,18,21,11,31,34,34,36,3,36,15,8,49,43,35,27,38,23,15,19,5,2,35,23,35,40,16,25,14,30,34,48,9,42,21,28,0,25,5,16,4,2,9,7,37,44,39,1,1,2,26,36,17,18,15,5,49,32,13,15,42,34,13,10,42,48,25,0,6,12,39,40,38,41,3,47,17,1,11,0,29,40,3,21,2,9,27,18,22,11,30,38,27,49,22,19,6,47,13,25,20,7,48,7,17,26,17,20,12,10,49,32,20,25,47,17,32,19,24,40,44,27,20,16,47,1,37,27,29,31,10,6,10,36,48,18,6,49,35,40,5,14,33,29,6,3,16,8,23,23,31,12,21,11,34,13,43,5,15,9,4,18,19,10,37,32,47,39,40,31,27,17,33,33,22,46,44,21,29,19,48,12,46,18,15,47,32,33,15,5,21,28,45,18,38,42,24,9,38,21,22,11,45,46,39,8,29,9,33,36,36,11,1,7,35,14,8,32,33,49,34,6,1,17,31,6,6,25,2,18,30,20,19,43,46,13,44,30,37,23,27,5,22,38,17,24,36,36,13,28,22,5,21,8,22,0,33,35,26,18,24,9,40,38,0,8,35,12,34,12,24,42,47,12,31,3,4,40,30,8,39,17,37,16,24,3,47,43,28,14,30,20,2,12,5,3,32,37,41,32,17,35,37,41,19,49,30,38,24,42,11,48,29,28,35,0,33,42,41,8,20,40,47,9,3,30,26,29,39,38,29,26,38,3,21,30,21,17,10,10,18,48,15,12,31,21,4,9,19,20,6,30,25,6,42,4,34,24,23,3,28,40,40,24,41,2,4,39,47,4,1,19,36,22,14,12,16,31,24,42,15,44,6,14,34,28,8,3,4,2,39,27,22,39,14,28,10,14,43,3,11,34,2,31,30,3,48,24,26,0,0,16,3,0,5,30,26,7,47,15,11,29,30,41,29,44,4,0,10,36,37,28,45,3,19,49,16,25,31,3,20,6,45,44,49,27,16,22,43,0,14,0,11,2,2,11,45,20,29,48,15,10,7,41,46,4,14,42,16,45,16,33,18,11,44,21,24,27,28,18,12,9,34,35,43,7,1,32,44,7,13,4,46,23,7,43,16,46,47,42,33,24,5,11,19,10,23,7,37,17,37,22,43,13,32,2,14,35,5,31,5,24,18,18,32,11,41,8,40,27,46,36,31,39,21,25,48,40,1,37]"
ta71,2186,"[2,3,0,0,2,2,3,1,1,1,0,2,0,0,2,3,3,1,1,0,1,3,3,1,2,0,3,1,3,3,0,2,1,0,2,1,3,0,2,3,3,3,0,3,3,2,3,3,0,3,1,0,0,2,1,1,0,0,2,3,3,1,0,1,2,2,1,2,2,1,0,3,2,1,1,1,2,0,3,1,3,1,0,1,1,2,3,2,0,2,0,2,2,3,0,0,1,2,0,2]","[11,10,28,74,9,98,15,23,39,84,13,28,51,61,43,52,15,75,22,28,80,88,75,27,75,79,4,18,96,70,4,22,11,7,29,8,18,72,64,25,29,55,11,64,80,51,74,0,99,81,52,9,14,85,2,15,66,7,32,98,73,54,69,99,30,5,2,83,52,26,13,45,96,99,51,39,77,90,78,39,66,96,90,93,31,18,77,58,73,53,30,71,55,83,50,2,80,33,74,46,57,36,12,90,34,88,36,5,1,74,83,75,58,27,25,72,15,90,43,78,76,64,85,38,74,19,16,26,63,75,11,90,72,29,0,4,99,95,71,92,20,60,86,38,48,28,46,57,62,63,53,30,39,74,84,6,45,35,4,98,99,79,8,13,77,69,38,40,12,67,54,46,87,16,75,73,72,58,53,28,92,89,78,69,79,30,98,9,58,36,94,62,85,22,79,31,57,58,25,30,69,77,38,3,80,21,71,56,62,47,5,1,55,35,42,78,10,54,44,15,92,20,48,32,57,52,99,16,33,76,94,91,60,24,14,23,50,69,0,82,96,80,72,40,75,37,53,71,18,67,41,46,43,5,36,13,17,10,79,58,25,0,67,51,28,13,56,44,57,30,56,71,66,30,78,17,33,47,41,44,90,9,43,26,88,95,1,37,81,74,75,53,3,96,75,88,34,40,39,37,37,50,1,21,34,22,60,34,81,55,3,60,39,83,23,11,31,95,64,47,87,21,63,1,3,52,40,10,84,5,44,30,29,33,71,94,26,1,45,79,21,1,63,17,85,13,59,44,44,25,26,38,5,80,0,49,88,77,97,80,23,87,34,65,4,92,17,77,78,90,43,6,86,1,6,72,94,57,39,52,76,49,17,75,15,56,95,91,34,62,58,94,61,53,31,11,32,93,44,55,42,41,76,68,88,59,43,24,21,8,40,21,28,74,42,49,70,24,20,67,20,59,2,29,35,62,13,42,2,11,58,94,68,19,24,47,75,65,36,22,48,10,95,40,69,10,94,23,19,42,8,0,86,14,13,77,89,96,48,55,20,22,87,35,32,28,38,16,64,56,11,60,27,8,54,20,14,83,85,75,3,60,52,96,86,76,59,77,28,13,73,64,6,71,48,62,10,19,15,36,89,63,17,57,85,84,96,11,92,47,50,26,80,54,3,13,41,57,82,59,7,75,49,35,95,17,91,7,96,3,85,79,5,68,75,48,82,56,14,17,49,42,68,52,80,35,68,85,35,79,19,18,39,68,80,7,6,87,59,18,66,93,69,9,27,52,33,24,22,79,33,89,95,50,15,59,37,5,67,43,88,52,76,57,57,14,38,12,81,63,63,86,55,47,34,67,98,90,72,91,41,91,89,70,31,76,31,48,72,74,6,54,6,55,13,68,42,8,84,65,26,12,9,69,80,97,34,9,49,9,32,30,8,56,47,97,42,32,45,6,48,36,78,66,42,93,64,40,61,48,28,50,63,8,51,66,16,33,54,55,87,86,67,19,4,68,97,8,43,75,31,41,94,16,18,77,52,81,32,73,80,55,18,45,1,16,53,48,17,82,20,87,72,57,29,32,70,14,48,0,31,36,47,32,91,36,88,57,89,41,25,86,24,3,22,39,26,35,61,29,96,19,95,61,4,30,82,40,49,61,64,80,98,34,79,1,59,97,93,16,3,8,91,7,55,53,85,0,42,81,85,88,67,50,66,94,87,45,8,63,34,60,2,0,41,66,29,35,82,68,91,21,83,44,46,11,49,42,36,67,93,16,76,35,0,10,61,34,94,1,71,81,52,20,43,99,38,55,28,34,64,65,73,96,25,92,87,48,74,78,3,13,2,50,9,29,50,82,32,63,84,77,14,83,36,9,89,5,37,36,24,5,44,64,64,45,32,15,83,97,31,82,17,34,12,45,83,73,41,17,1,45,5,7,3,72,33,22,39,12,70,82,56,79,16,99,13,71,53,29,7,57,16,88,39,89,54,33,75,73,16,56,77,84,35,79,44,97,14,83,53,18,14,36,86,30,56,32,90,47,71,9,18,53,99,1,32,20,65,74,54,22,36,15,69,3,5,41,82,76,51,56,25,61,26,16,91,54,78,12,21,94,93,60,49,63,95,99,15,44,62,98,54,23,88,3,41,99,13,81,45,20,51,65,74,64,95,71,19,78,46,21,26,22,92,44,7,53,18,99,42,45,54,26,8,96,63,21,3,19,45,62,88,62,92,78,37,45,74,58,15,72,62,50,40,73,21,10,56,70,90,58,99,28,87,3,45,27,55,92,27,73,30,19,59,13,60,23,4,92,99,86,79,46,38,23,23,71,88,70,62,24,53,8,28,35,95,60,7,86,46,99,10,94,72,93,31,67,91,17,13,84,3,46,60,30,90,0,33,51,77,20,68,43,65,53,25,12,88,26,15,65,89,29,8,76,2,30,61,22,1,65,59,49,95,52,27,65,83,6,2,0,56,76,24,62,25,69,52,4,64,91,7,4,3,41,2,45,50,68,4,40,57,60,48,51,27,73,8,60,88,4,66,37,76,44,96,4,24,45,83,89,97,37,21,28,92,4,18,95,70,92,38,78,41,95,42,98,81,85,4,60,91,15,71,93,82,61,75,18,96,89,70,27,1,34,65,87,98,38,37,36,41,18,36,77,89,31,19,64,62,97,67,80,81,25,39,49,44,10,50,24,14,28,11,82,95,52,47,82,39,5,92,35,79,14,54,15,63,93,93,64,36,30,67,8,86,46,40,3,58,11,66,59,84,28,96,87,60,79,28,5,97,9,22,17,33,12,0,16,29,67,71,71,69,27,12,89,67,72,65,71,79,9,31,65,84,24,52,76,83,24,40,88,42,98,31,78,5,4,31,23,22,78,89,91,6,74,98,17,99,96,21,77,91,76,37,58,14,87,53,52,23,96,84,51,37,40,31,35,35,64,23,38,76,5,66,26,39,91,80,46,6,54,82,71,80,51,7,25,81,65,41,49,72,83,46,89,73,86,2,87,30,59,39,61,29,29,34,15,46,78,60,23,25,38,9,68,61,88,74,22,90,90,16,84,61,12,49,51,56,2,50,62,80,63,33,6,20,11,54,86,97,2,98,10,68,84,46,87,59,29,21,32,45,89,33,93,33,21,5,73,97,41,67,25,47,97,56,47,66,82,72,50,87,77,72,48,21,20,81,24,57,90,38,69,62,34,74,93,52,10,68,79,38,10,70,37,34,50,2,4,35,61,94,62,70,30,73,11,27,90,93,98,85,71,18,37,47,12,70,58,23,64,17,67,13,86,68,22,90,23,69,66,38,66,9,20,70,80,44,45,50,61,61,55,95,17,53,16,29,4,70,76,73,19,94,11,5,59,51,26,6,24,52,56,49,94,8,79,51,14,30,33,71,78,81,3,61,54,68,19,46,58,55,91,91,76,14,66,67,50,25,41,77,30,85,78,16,16,5,93,39,31,88,71,50,32,43,31,1,18,51,90,29,48,69,84,32,46,70,18,34,55,51,74,25,27,78,31,9,65,48,86,57,10,43,40,25,92,77,47,22,9,10,64,99,7,6,47,81,77,34,29,68,58,21,88,85,43,91,21,94,35,39,13,22,73,17,80,84,60,27,70,46,42,59,4,90,93,92,69,47,18,84,51,26,54,42,41,12,81,36,79,35,99,74,50,22,94,83,40,12,43,81,81,0,40,66,39,86,58,85,10,86,98,84,41,47,14,60,59,47,86,92,11,63,72,33,35,36,27,20,37,1,27,67,94,59,14,91,23,7,43,92,42,97,19,6,59,65,12,20,89,60,26,43,73,69,67,63,19,17,82,63,62,82,11,24,4,45,57,83,7,31,58,33,12,72,86,53,2,17,26,61,2,73,20,76,27,97,62,70,43,49,96,75,70,96,62,23,69,21,98,95,48,85,64,10,7,25,73,84,7,44,31,56,55,97,6,80,9,58,69,67,66,35,65,38,64,75,93,97,81,59,22,90,65,85,33,97,52,38,7,87,5,38,98,6,97,37,15,11,24,12,15,91,1,84,44,57,76,89,74,28,27,98,28,49,0,92,42,20,10,63,96,9,72,16,19,68,69,13,54,0,50,54,83,27,11,6,43,44,95,2,26,83,49,82,19,81,48,85,24,79,0,44,58,43,66,93,49,99,51,98,61,39,29,1,33,30,77,39,0,65,37,23,19,8,53,25,77,87,6,38,33,70,40,20,95,37,83,89,74,49,92,2,12,94,23,45,13,83,36,24,40,56,42,37,14,87,99,20,26,17,41,1,8,51,34,46,76,46,47,56,63,92,32,97,51,55,11,23,12,40,54,68,62,9,18,98,44,75,14,73,16,19,43,15,66,82,32,72,66,29,47,85,55,15,84,42,86,32,57,93,7,82,58,27,3,53,48,37,25,7,85,60,94,55,2,19,6,70,27,21,56,93,12,40,46,8,53,63,81,48,10,89,87,61,49,68,78,32,65,18,90,98,0,2,95,0,28,57,24,69,59,14,78,26,88]"
ta72,2161,"[2,1,1,0,0,1,1,3,3,1,3,0,0,2,3,3,3,1,3,0,2,3,1,3,0,0,2,1,0,2,3,0,3,2,3,3,1,0,1,1,0,2,0,2,0,0,1,1,2,2,2,1,2,2,3,0,3,2,1,3,0,0,0,3,0,2,2,3,2,1,3,0,2,2,3,3,1,1,0,2,3,2,2,3,1,2,0,1,1,1,1,1,3,0,2,3,1,3,0,1]","[25,34,64,55,25,63,4,80,69,70,8,99,77,99,29,40,11,80,73,3,21,0,43,78,67,46,13,86,12,86,17,5,19,89,11,60,20,62,68,52,96,82,82,90,77,56,34,70,85,34,28,62,15,97,16,31,4,24,63,34,25,95,55,99,65,50,31,74,57,75,29,75,5,62,17,34,7,35,5,23,41,54,12,15,65,49,5,78,77,82,49,59,73,56,73,54,74,1,70,17,34,73,89,26,70,91,98,61,31,52,99,32,51,20,65,29,84,45,14,44,14,88,69,14,0,78,7,2,60,78,61,51,13,71,54,99,43,82,6,35,46,66,39,68,80,53,86,44,76,49,37,40,98,34,95,29,78,7,16,64,88,32,25,33,99,86,55,19,59,14,19,7,68,87,39,53,17,47,99,68,62,6,72,63,72,33,31,71,85,37,14,50,97,78,52,87,56,42,36,7,59,71,0,4,50,66,80,51,13,35,18,38,4,87,59,15,97,27,89,45,22,66,24,75,94,35,23,4,1,73,22,7,59,35,44,18,22,16,20,80,27,50,57,19,29,63,73,72,85,11,43,40,45,69,18,6,2,50,76,26,31,34,76,40,32,84,43,29,26,50,70,31,84,22,46,6,52,86,49,79,68,12,77,36,24,92,78,84,35,45,73,57,53,48,91,11,7,74,93,9,72,36,71,25,63,57,14,39,35,86,24,0,77,27,63,26,71,44,42,38,56,44,8,30,16,24,17,82,37,16,89,1,34,63,77,8,84,31,40,88,82,13,64,89,95,59,86,3,20,84,3,31,85,88,87,16,29,56,45,10,36,71,13,36,56,2,45,58,11,71,57,24,62,85,62,18,49,45,98,95,63,14,75,77,28,37,40,9,7,75,4,69,62,10,2,12,93,61,41,9,15,87,97,37,1,99,52,38,69,94,14,90,8,18,76,96,52,85,82,72,62,14,88,30,62,16,57,97,49,41,71,96,25,86,50,12,67,28,29,34,10,44,67,31,55,58,73,72,45,66,57,99,98,19,59,22,40,13,38,45,71,16,76,0,33,96,1,33,32,78,81,5,6,58,47,63,1,83,77,46,33,63,23,76,65,0,65,3,55,94,45,94,41,51,79,91,97,9,29,15,42,16,66,29,57,63,48,89,67,96,94,49,54,88,65,36,60,19,95,67,32,53,79,67,5,11,95,6,75,98,94,24,90,10,76,82,30,57,97,59,83,7,15,76,33,81,69,28,60,23,90,90,72,40,76,3,17,7,81,34,60,62,92,15,18,96,46,58,86,99,94,77,11,51,40,61,42,1,1,74,70,85,14,71,1,27,9,13,95,37,44,24,70,90,9,42,0,4,28,48,98,32,72,7,15,18,25,38,48,52,40,10,61,15,70,98,99,36,36,58,48,43,99,36,93,23,55,32,88,59,61,57,33,51,95,90,33,80,26,41,46,33,25,73,96,29,95,28,21,9,53,30,5,22,13,57,80,58,8,19,98,93,58,42,2,27,26,54,79,87,27,70,1,50,11,94,82,75,12,24,79,50,52,48,69,50,38,13,56,18,25,33,39,97,24,58,93,91,65,70,98,64,38,73,23,69,35,67,26,70,44,79,78,69,79,95,81,30,62,56,80,1,23,29,44,56,77,36,27,81,91,42,81,71,44,30,47,74,82,19,11,5,84,0,1,70,28,87,76,51,46,19,51,92,13,30,62,15,7,49,89,21,59,10,38,31,26,40,66,79,3,84,93,91,7,20,25,88,3,71,45,47,96,42,43,65,1,61,96,61,74,17,65,81,53,93,4,90,97,95,82,88,96,2,85,73,62,5,79,69,6,52,0,62,41,10,54,52,52,74,68,19,96,25,41,70,68,68,4,37,91,51,48,74,41,31,43,83,16,16,13,84,2,57,25,37,91,44,6,67,44,50,52,91,59,68,63,5,21,65,84,35,30,7,97,13,88,23,40,72,55,77,81,94,39,83,81,63,98,8,0,25,21,95,32,89,9,71,47,23,85,55,20,26,80,78,51,6,21,46,95,85,6,74,75,1,55,38,66,73,99,32,54,95,19,98,31,29,98,85,41,28,51,92,60,75,91,47,94,14,80,9,22,39,14,17,93,10,67,90,17,93,47,85,44,60,49,93,0,43,87,60,41,30,98,69,65,8,80,57,72,36,17,79,10,12,61,65,16,53,73,83,85,4,17,76,62,80,72,14,54,64,15,12,64,9,36,65,78,20,37,74,48,52,39,18,10,43,83,81,69,12,33,54,79,52,45,71,30,89,12,37,60,21,95,49,27,55,52,48,37,34,83,76,28,62,71,31,24,61,96,83,38,61,35,31,49,90,7,21,96,70,6,66,89,78,43,86,65,82,98,3,81,69,9,49,63,3,99,13,91,6,13,58,57,46,12,61,45,66,21,43,22,0,92,66,75,77,4,55,12,84,23,87,49,87,62,77,35,64,10,27,94,74,4,1,33,94,40,80,36,63,92,75,52,33,14,66,64,83,87,38,35,76,20,53,49,18,21,56,26,86,58,17,81,53,17,23,93,92,12,61,22,56,2,93,9,75,26,67,86,59,9,22,60,12,17,79,97,71,92,47,57,68,76,79,99,23,39,4,46,57,30,96,25,5,36,75,72,48,73,53,44,81,76,6,49,26,41,50,46,22,51,29,75,1,20,66,10,83,45,4,67,64,88,42,68,77,72,68,89,69,27,64,53,68,32,93,6,23,10,83,83,0,90,44,54,41,30,89,9,92,55,30,83,84,5,14,28,8,71,58,66,51,92,98,32,68,54,6,90,54,0,16,21,97,11,64,63,90,2,7,30,63,74,86,97,19,56,85,32,91,64,62,38,8,17,5,2,73,53,90,76,12,23,89,2,74,78,42,49,43,2,87,58,41,69,41,57,97,31,8,3,67,47,94,92,57,8,43,37,11,28,13,22,20,36,39,18,38,8,46,58,80,90,84,16,21,49,53,0,47,17,77,55,82,24,76,92,65,20,92,18,27,39,15,3,32,78,60,2,3,57,0,86,83,30,4,7,44,0,77,88,92,99,12,51,79,14,95,79,92,8,46,66,39,60,26,17,63,41,5,95,27,82,98,2,23,51,48,42,22,55,83,81,25,37,69,47,89,74,35,17,61,6,65,79,50,61,39,8,26,38,9,99,48,22,20,83,23,45,54,59,46,81,98,11,3,29,35,58,98,43,88,4,28,11,48,21,69,27,58,97,33,31,70,76,75,50,70,3,50,48,31,65,71,59,15,14,56,72,26,15,6,57,44,9,56,53,87,18,18,84,8,10,49,5,68,80,34,36,51,10,43,60,54,19,10,38,19,30,2,13,18,55,6,91,51,75,97,92,35,43,93,21,96,28,29,93,94,11,24,60,14,84,52,88,19,87,3,0,75,91,54,5,39,1,82,48,23,11,68,36,31,18,4,40,1,95,74,64,81,15,73,33,88,20,59,46,32,67,18,56,94,94,42,73,94,29,74,97,42,15,22,80,2,2,59,9,0,47,96,1,21,76,61,85,52,64,87,28,19,76,88,77,12,15,56,35,9,10,45,85,28,40,58,89,20,5,39,45,41,51,22,4,27,3,56,30,79,8,8,25,90,2,38,96,25,83,46,96,72,37,33,35,16,15,86,93,97,60,22,47,58,5,42,20,95,27,47,54,70,64,87,72,82,92,15,41,20,39,70,44,53,37,11,78,20,32,68,16,13,53,73,40,81,61,54,22,83,11,25,53,89,91,59,14,39,89,90,16,34,87,66,23,97,87,49,81,6,22,21,68,87,7,16,39,85,46,64,86,37,98,93,29,55,43,70,10,29,77,17,82,40,18,30,5,27,25,45,50,80,92,18,47,51,85,86,75,80,13,16,88,60,13,50,30,78,11,44,61,71,66,88,56,24,54,51,36,40,24,90,68,55,89,96,21,28,67,42,78,88,17,38,12,41,93,36,74,54,60,83,10,26,66,85,28,89,52,59,60,66,78,42,48,35,46,82,10,33,34,34,91,93,33,69,20,41,60,18,21,13,66,67,33,59,27,9,24,77,90,67,75,19,19,26,55,99,37,31,32,67,29,2,27,42,8,26,67,65,73,53,79,42,79,5,62,91,65,28,46,99,74,64,64,54,53,46,81,86,24,14,35,89,45,34,50,84,28,60,37,96,58,55,11,53,63,4,86,20,27,94,32,25,40,19,72,28,24,86,73,19,47,78,56,74,81,87,88,1,8,99,39,32,42,47,8,55,22,2,91,80,91,90,42,77,26,48,58,70,58,82,37,49,78,30,93,91,71,38,48,79,34,0,66,48,24,64,23,94,43,83,64,95,12,92,50,61,67,47,3,6,15,65,43,40,16,43,97,48,38,63,32,7,3,21,7,27,34,98,72,21,38,37,3,12,34,82,72,59,35,67,44,74,52,85,84,39,9,72,11,94,41,32,3,84,23,75,45,61,50,24,69,92,68,84,47,26,47,31,56,39,80,69,36,33,62,20,84,4]"
ta73,2219,"[0,2,1,3,2,2,3,0,3,2,1,0,1,2,3,2,1,3,0,1,3,1,3,3,1,2,0,0,2,2,1,3,3,0,3,3,2,3,2,1,3,0,2,0,2,3,1,1,1,0,2,3,0,1,2,2,3,1,1,3,2,0,2,2,1,1,0,0,3,0,0,0,0,0,3,3,1,1,3,0,3,1,2,1,0,2,1,1,2,3,3,0,3,0,1,3,2,0,2,0]","[44,7,64,0,32,37,42,88,42,7,49,89,0,37,93,2,68,99,19,47,54,13,11,75,52,34,9,44,89,99,2,0,84,79,8,15,72,61,80,95,7,4,66,20,6,29,4,68,51,56,40,61,53,90,3,81,31,42,55,84,57,57,99,88,45,17,97,10,62,41,86,97,21,9,45,29,13,6,10,4,19,15,41,78,62,46,51,18,88,42,88,4,4,57,49,30,31,50,69,41,71,74,42,97,82,57,55,66,82,23,21,38,56,89,22,41,65,6,9,73,13,67,53,46,3,13,54,30,44,39,80,54,36,17,84,75,41,85,24,16,2,6,88,67,18,41,93,69,67,42,42,39,38,55,49,91,1,49,3,56,93,92,99,63,4,44,29,77,77,79,76,5,90,16,34,19,45,46,73,6,32,55,59,35,53,83,10,92,61,54,56,14,24,6,87,10,69,98,42,64,20,17,94,4,57,29,16,29,45,93,3,10,20,55,93,95,88,38,25,19,29,48,96,52,62,17,93,12,94,78,95,81,54,33,16,20,70,19,52,23,71,47,2,6,7,84,43,82,5,25,4,7,9,95,60,66,32,62,71,10,90,12,23,12,40,23,51,84,11,38,13,80,50,98,95,71,11,33,71,99,39,59,21,38,77,95,88,93,8,88,13,96,12,94,89,76,79,5,92,5,27,65,90,60,69,60,97,96,66,27,77,73,62,67,39,51,17,18,75,22,61,57,12,20,25,50,22,0,78,73,17,69,29,99,86,71,8,55,78,70,15,51,10,37,44,16,40,61,77,32,63,80,12,8,28,87,13,60,33,86,30,18,23,47,57,16,48,80,35,37,92,99,62,41,95,13,49,28,80,47,86,11,70,54,43,92,40,14,21,14,50,14,66,78,10,7,88,24,61,79,93,36,94,46,14,97,78,66,24,96,14,6,33,97,62,0,43,17,34,82,59,26,81,65,31,37,74,33,46,58,23,84,20,74,17,22,50,91,96,66,55,82,17,53,37,64,72,16,57,82,39,22,90,58,4,4,84,37,71,54,51,80,8,32,84,99,28,72,27,58,59,10,2,15,77,36,68,83,75,83,18,48,67,21,63,42,3,64,96,16,73,98,43,14,53,34,29,73,6,50,65,56,48,8,71,51,89,70,76,21,97,9,96,88,24,5,1,3,88,83,60,7,72,74,47,3,73,55,36,48,2,10,70,94,16,62,79,75,47,81,78,62,15,65,54,92,20,41,1,26,67,82,14,14,3,70,87,81,86,45,64,45,59,62,15,26,32,6,71,98,31,8,57,28,84,25,24,95,77,69,0,4,14,56,70,87,86,41,20,6,12,67,3,46,59,65,94,9,55,91,56,37,22,59,6,37,26,75,31,52,17,29,29,44,29,59,7,38,91,78,59,20,46,43,90,85,46,27,53,71,76,93,37,66,9,34,28,29,61,74,18,76,14,26,76,26,68,40,24,94,98,7,16,35,36,73,12,96,22,83,51,79,15,79,61,43,18,40,42,70,41,18,52,91,46,35,95,76,81,84,79,26,32,35,13,88,48,29,22,41,86,45,38,25,24,20,28,10,60,26,3,80,90,19,91,51,74,89,49,39,65,38,99,11,54,35,17,90,74,56,66,85,58,64,75,16,30,51,94,51,11,27,18,39,18,10,0,52,18,25,8,16,18,57,15,37,70,39,79,25,27,96,37,99,23,39,0,20,51,94,5,68,22,87,30,52,28,44,7,50,26,77,47,92,62,57,22,17,44,88,68,67,89,65,92,78,80,19,32,45,72,46,81,61,11,3,96,32,77,23,81,51,56,82,58,85,37,35,9,10,85,66,15,33,13,48,76,81,35,41,33,58,65,8,48,94,47,39,64,75,91,99,60,56,37,68,51,21,33,31,14,82,21,51,60,90,7,71,46,32,28,60,75,25,0,46,94,43,63,34,5,94,36,52,8,64,37,17,38,85,36,14,23,72,36,7,56,84,17,92,85,26,25,28,19,91,87,62,27,36,90,67,70,22,93,50,18,47,42,43,1,90,1,91,55,71,69,42,15,43,7,59,9,43,6,60,78,34,47,83,23,31,94,55,95,10,33,50,85,8,73,11,41,30,1,39,92,2,9,96,50,79,63,66,80,95,39,55,73,47,89,57,28,87,75,88,24,1,64,58,87,14,64,0,11,66,33,73,39,19,9,22,63,44,48,55,2,51,93,30,46,65,55,2,5,0,69,4,99,75,53,53,67,91,91,11,80,31,36,49,25,65,57,74,39,58,52,49,68,91,31,53,77,89,66,6,87,35,40,58,74,18,50,24,29,50,82,95,24,31,76,39,44,19,40,47,43,83,96,8,19,23,70,46,94,64,90,58,47,14,84,52,12,32,88,83,98,76,41,84,79,72,60,5,83,93,8,33,40,13,18,13,83,54,22,32,73,25,56,1,8,71,14,95,24,46,69,12,99,93,52,69,11,73,30,93,71,11,41,69,40,5,32,17,33,85,86,61,65,49,53,72,8,0,77,52,27,37,98,81,28,4,34,49,23,5,42,77,60,97,2,36,33,35,69,1,85,73,49,19,43,39,93,27,1,93,73,30,72,24,12,80,84,75,60,71,57,59,20,77,36,93,97,75,8,72,78,50,48,60,68,52,70,67,73,33,81,28,38,22,75,47,98,93,20,38,32,51,93,85,30,7,19,52,63,56,71,60,79,85,34,5,40,1,16,70,88,59,65,73,30,17,72,47,91,17,57,76,23,16,26,22,80,3,76,56,95,87,55,35,48,64,33,30,69,63,94,83,98,39,42,24,28,66,48,72,50,33,19,49,59,51,21,70,91,33,18,48,79,24,73,12,0,52,68,90,54,81,92,4,80,69,74,41,70,71,46,38,4,40,22,65,52,21,68,23,85,58,1,45,96,54,6,98,72,80,10,49,47,96,78,81,4,39,9,63,72,95,31,61,74,49,97,64,38,5,56,18,76,70,89,60,97,26,90,47,30,95,58,11,76,57,98,28,50,85,91,64,59,43,60,84,84,14,66,86,17,99,15,84,70,60,11,66,86,34,98,92,98,45,68,94,13,21,44,44,67,72,15,87,68,35,15,53,21,28,45,14,69,49,64,16,86,25,11,54,46,15,7,78,8,23,87,28,69,23,80,77,38,89,1,29,35,91,56,70,62,98,68,13,63,11,62,69,46,79,53,62,9,77,71,6,43,99,9,32,99,16,5,68,75,92,54,3,82,42,30,85,50,89,33,94,74,30,25,55,34,48,40,62,86,90,34,42,61,30,3,47,6,21,21,53,49,52,84,92,92,13,91,11,14,67,15,59,70,48,61,67,1,23,87,95,31,63,76,9,87,83,42,82,62,49,27,34,72,76,90,87,91,72,30,71,97,36,74,52,22,98,53,76,9,63,78,94,83,29,35,57,55,16,80,65,29,75,21,97,86,27,28,50,38,75,97,88,56,60,45,18,39,34,57,54,55,35,24,49,66,77,8,43,15,37,77,44,92,5,38,1,19,26,97,68,61,58,81,82,21,13,78,7,99,26,95,74,89,48,50,87,29,77,4,61,53,19,41,67,28,12,98,24,92,54,80,4,45,76,45,86,35,2,74,19,20,58,13,58,2,88,44,32,87,94,12,12,89,20,32,23,4,66,37,34,74,49,92,91,62,9,2,12,81,7,59,40,65,90,82,30,36,72,58,68,11,58,25,33,27,24,83,72,20,59,27,27,81,89,15,62,68,31,87,92,4,26,13,12,75,67,82,91,30,28,54,86,61,52,45,63,11,85,26,83,79,37,42,1,25,53,53,34,27,43,97,75,81,7,68,57,49,3,9,77,87,23,41,25,85,67,39,40,19,83,69,79,58,98,47,7,79,40,61,38,95,27,96,90,70,40,40,13,21,26,87,41,31,17,31,25,27,89,63,44,0,36,2,15,2,89,31,98,56,21,74,83,84,32,19,34,74,82,35,78,24,79,80,16,25,44,34,75,32,26,18,86,88,0,3,43,79,10,65,22,85,22,48,74,99,36,52,31,3,58,43,77,68,44,40,63,16,12,63,2,42,78,19,82,48,6,21,54,13,61,2,79,64,54,73,20,45,60,3,45,67,80,73,66,66,74,28,38,5,42,62,96,40,36,25,89,82,0,20,69,98,78,54,63,98,5,44,24,71,46,47,8,12,15,10,22,45,2,48,23,21,3,85,33,82,30,41,97,55,97,12,36,6,0,61,46,56,65,15,16,5,86,50,10,94,95,58,26,20,97,48,93,59,89,35,1,69,25,29,76,81,85,34,63,5,72,20,96,63,14,8,36,83,67,82,86,81,59,56,67,38,86,57,17,92,31,29,9,78,0,83,96,53,1,2,65,27,36,59,90,44,35,51,64,88,34,51,11,3,35,99,26,37,83,10,18,1,97,31,81,32,64,63,78,99,89,9,90,5,64,65,0,96,86,53,61,1,55,27,6,96,10,44,31,43,53,64,76,7,45,38,50,2,27,0,45,84,43]"
ta74,2213,"[3,1,2,2,3,2,1,2,1,0,3,0,1,1,3,0,0,3,0,3,3,3,1,0,0,0,3,2,2,0,2,2,2,3,3,3,1,1,2,2,1,2,1,1,0,0,3,2,1,1,3,1,3,3,1,2,0,0,1,0,2,3,1,1,2,2,1,1,0,0,1,1,3,1,1,2,3,0,0,2,0,3,1,1,2,0,0,0,0,3,1,2,3,0,1,1,2,2,3,2]","[71,39,0,91,40,6,38,57,59,81,86,87,40,28,19,82,52,42,13,69,32,6,17,59,47,65,41,29,9,49,58,98,36,22,33,10,91,16,66,97,47,16,59,67,91,65,64,11,93,90,53,54,44,71,78,27,48,84,60,64,47,16,50,58,72,24,64,75,41,88,84,87,47,56,82,91,33,98,77,30,92,9,18,67,86,25,65,1,36,46,5,20,10,56,49,62,98,99,81,65,18,24,47,9,6,71,31,62,59,77,0,57,69,26,68,3,53,89,25,58,97,27,35,95,4,98,82,86,13,52,57,96,60,62,12,22,33,35,12,11,50,72,94,33,27,22,8,49,46,35,77,17,11,35,23,87,39,80,2,99,39,46,35,89,32,11,73,73,68,17,89,24,11,9,42,44,40,54,40,79,82,86,17,34,93,10,7,80,42,46,44,85,19,10,99,61,34,0,37,86,0,94,27,12,60,84,72,62,13,55,30,59,43,22,82,39,79,95,14,58,31,53,95,63,27,62,63,53,96,87,17,19,67,97,11,9,14,37,86,61,68,99,66,72,26,55,51,7,14,25,63,29,83,8,69,78,68,45,4,35,31,0,69,81,12,74,11,35,62,68,77,81,97,38,51,43,18,73,10,5,63,57,80,35,8,80,68,57,86,89,35,76,39,63,12,95,21,16,4,2,23,82,46,55,84,18,54,85,95,55,13,54,90,68,1,7,71,82,26,90,82,59,30,8,31,20,37,6,95,93,35,31,13,72,47,94,96,57,20,49,87,37,85,32,60,13,20,55,44,68,68,66,56,7,27,58,60,25,99,7,78,40,79,76,3,77,91,98,33,36,53,55,55,74,11,14,52,24,70,92,37,31,8,83,39,35,27,37,5,1,87,58,96,90,94,51,26,89,19,70,36,42,63,97,69,52,62,35,62,35,39,91,2,73,43,38,38,1,50,16,20,44,54,23,26,46,28,17,96,54,64,81,37,61,27,72,51,87,48,5,50,20,41,72,10,72,59,5,86,66,57,63,31,14,46,80,79,55,98,67,85,49,64,61,77,78,79,10,23,94,99,2,40,3,49,65,28,50,33,75,59,15,11,23,77,76,58,56,90,86,2,54,18,72,92,3,98,96,56,90,68,97,47,93,77,36,30,97,83,72,23,25,5,43,57,4,28,19,9,74,82,67,3,61,29,65,95,48,19,48,12,7,71,13,26,15,16,89,98,60,46,81,66,37,79,61,97,98,47,31,37,57,29,75,47,97,94,14,72,60,90,61,25,34,21,75,85,4,2,51,54,54,80,88,66,34,68,41,1,48,11,71,47,86,91,75,7,38,99,64,83,81,82,89,48,51,82,47,15,73,98,22,61,32,76,48,38,44,16,22,21,77,17,8,53,90,74,48,73,76,45,11,33,90,97,66,36,18,88,8,61,79,10,48,96,52,34,84,50,89,40,48,81,17,57,24,96,59,15,78,88,56,90,37,56,22,30,51,52,21,14,30,58,39,15,76,85,2,7,86,58,71,71,50,60,23,8,53,83,21,91,52,4,74,52,82,61,29,52,8,92,4,72,17,53,95,51,91,99,86,36,4,60,27,65,78,84,42,79,50,83,6,19,24,2,18,89,61,69,79,3,81,67,48,22,56,48,23,15,88,77,10,82,6,92,44,41,52,36,4,28,59,17,80,63,39,10,16,9,36,23,12,65,26,2,83,54,3,35,96,66,92,66,97,73,4,75,79,81,41,47,73,73,60,3,14,41,76,18,74,10,55,27,95,57,45,11,75,52,12,54,74,63,16,60,77,29,42,85,43,92,20,15,53,20,51,33,89,4,66,92,54,96,31,29,60,29,1,3,56,6,7,60,21,29,0,32,85,39,37,19,57,58,80,18,25,26,70,98,6,64,71,4,93,78,73,19,13,46,44,30,26,57,56,79,69,38,50,93,26,67,21,45,26,42,43,27,25,23,23,24,12,42,44,68,33,88,60,12,89,57,84,77,50,43,93,7,51,31,32,99,58,23,9,99,19,34,99,24,4,90,20,5,54,15,88,51,27,39,36,63,94,94,59,64,36,74,72,75,66,10,32,45,91,94,95,13,14,32,21,28,41,96,27,22,7,2,43,0,50,44,40,5,32,95,94,76,8,2,84,18,15,66,98,44,96,97,67,26,96,70,61,47,76,55,88,13,90,13,88,41,53,67,25,38,92,96,42,7,67,40,76,34,15,54,52,53,19,19,27,40,1,30,43,16,65,26,30,25,67,85,37,62,53,81,21,4,36,46,94,87,18,12,30,45,7,6,28,71,53,84,82,88,87,8,16,69,23,78,6,38,80,87,66,52,96,67,51,12,17,14,30,8,63,17,61,46,9,22,58,56,16,33,84,43,83,75,88,19,89,54,93,65,96,56,38,70,22,82,67,98,83,1,65,3,1,5,0,84,33,52,71,80,58,88,93,49,60,9,11,23,6,13,70,38,9,64,0,92,94,29,8,50,79,72,69,30,22,6,31,8,26,81,33,65,53,23,39,22,52,17,49,57,88,20,90,25,7,64,15,28,58,50,38,0,39,51,95,28,64,63,1,70,99,39,81,87,56,95,63,0,56,34,16,84,54,33,32,59,11,75,21,96,78,19,71,23,49,43,36,74,62,70,5,22,13,59,46,96,15,19,89,22,15,40,92,9,68,87,34,1,72,77,40,70,80,35,37,91,59,90,53,98,55,99,14,84,60,64,33,90,13,0,3,8,43,4,63,83,45,49,13,21,78,33,90,37,9,87,70,6,14,40,63,75,70,31,38,25,41,82,55,85,16,97,98,60,44,24,28,91,94,94,45,94,73,64,32,12,49,78,29,83,23,24,49,52,69,93,71,6,28,62,65,89,91,43,17,74,14,79,97,68,85,46,73,89,18,70,74,24,81,45,2,77,15,32,97,5,10,80,79,12,68,50,57,79,42,34,49,45,41,31,29,93,67,71,97,45,81,24,22,85,70,25,34,41,8,31,79,29,39,32,70,52,84,51,11,50,25,70,90,15,36,84,61,88,47,14,6,44,49,10,66,58,69,29,76,33,44,83,48,74,17,3,54,32,47,18,3,76,7,58,93,80,0,86,41,0,10,45,87,72,49,38,72,47,12,46,83,68,92,45,30,74,45,79,1,41,10,82,91,92,55,64,58,33,34,58,24,95,25,67,32,44,59,42,77,50,80,89,9,21,30,16,69,15,51,55,26,98,60,12,83,55,69,48,29,53,12,57,98,16,71,18,95,8,43,93,5,61,77,92,92,68,12,69,83,2,31,51,56,80,75,9,97,5,69,93,9,29,94,76,79,97,52,93,27,45,47,73,78,25,60,96,92,24,80,46,81,80,3,19,12,7,51,65,99,48,91,21,26,3,25,8,38,40,81,85,1,3,17,89,39,86,16,75,23,11,26,42,20,67,20,67,74,18,53,40,5,29,14,0,13,38,56,47,55,26,75,53,93,44,30,85,0,40,10,69,54,99,34,62,14,38,28,85,83,75,34,15,93,21,30,71,90,90,81,80,15,45,64,95,99,97,65,2,59,99,24,7,94,38,63,6,55,69,69,11,94,24,66,33,86,85,62,27,93,88,92,1,81,1,20,60,54,42,8,26,61,79,41,45,49,21,45,65,42,38,46,18,86,53,82,20,30,37,68,39,48,78,28,35,7,11,4,56,94,71,83,28,66,87,82,2,49,70,1,6,13,19,31,20,95,16,63,29,40,32,36,43,40,16,42,2,7,52,81,42,43,19,48,4,30,22,98,5,48,75,87,84,0,32,42,78,62,62,0,41,71,18,2,62,75,34,37,41,30,37,35,56,24,74,34,25,28,5,64,78,40,95,76,27,62,30,49,39,59,42,34,15,71,85,32,77,59,76,27,55,51,29,85,9,2,5,18,42,68,97,62,88,20,28,17,33,39,34,74,77,31,36,89,4,44,45,14,18,47,31,67,83,99,89,22,43,72,17,59,16,45,47,84,2,90,36,83,66,13,61,28,95,25,50,13,1,65,74,21,49,6,61,78,80,24,13,9,57,1,24,79,73,49,76,64,54,50,6,65,77,9,1,84,25,38,14,46,55,84,28,91,37,73,10,73,33,76,70,36,27,32,14,26,73,76,75,46,29,19,75,44,10,50,94,73,66,58,85,19,63,65,43,73,63,50,20,88,20,74,66,68,12,22,87,27,4,70,57,92,46,87,17,70,20,99,78,93,48,4,89,92,67,88,86,61,86,51,36,1,35,32,56,62,76,39,88,40,87,36,87,11,31,3,64,62,37,9,44,2,88,34,59,82,98,66,43,0,48,64,99,91,20,21,5,37,61,96,91,57,77,86,41,72,5,35,41,93,53,46,83,17,21,3,78,23,64,41,8,44,73,6,56,24,69,3,78,70,75,34,67,42,7,0,3,80,58,21,52,65,84,5,78,69,55,10,74,91,18,95,35,91,28,71,11,28,51,92,72,63,85,23,22,76,86,14,43,98,74,31,21,15]"
ta75,2225,"[3,0,0,0,3,0,0,2,3,2,1,0,2,1,0,3,2,3,1,0,0,2,0,3,1,0,1,1,0,0,1,3,2,0,2,1,2,0,1,3,3,2,3,1,0,3,3,1,0,1,2,0,2,0,3,0,2,0,3,1,1,1,1,1,2,2,2,0,1,0,1,3,0,2,3,2,1,2,2,2,2,2,3,3,1,3,3,1,1,2,0,2,3,0,1,3,2,3,0,3]","[64,84,2,47,80,37,49,84,77,79,28,10,68,39,85,80,21,48,31,32,56,46,23,89,76,4,84,38,83,22,75,20,47,9,35,84,92,14,49,50,85,25,10,11,91,96,26,44,43,12,78,36,83,0,25,86,91,55,65,58,6,69,22,81,64,86,63,80,3,11,0,61,21,9,87,80,97,4,15,92,94,35,38,90,49,53,49,84,95,95,77,11,4,24,90,15,5,80,8,95,0,98,88,91,20,91,4,93,88,66,93,61,33,54,35,85,56,6,40,57,41,84,62,15,46,60,34,65,35,46,79,23,62,48,26,63,14,18,1,85,35,81,20,59,97,37,34,31,82,79,6,36,66,91,26,78,29,63,54,36,2,70,1,8,74,70,69,39,57,9,82,63,77,17,82,23,16,91,6,73,32,0,67,15,62,57,43,29,51,55,17,47,10,31,33,70,70,62,60,37,16,32,89,19,37,36,79,94,17,29,31,33,26,95,24,8,79,93,27,39,26,99,81,72,57,58,40,3,30,79,59,84,68,67,10,29,29,5,21,92,21,56,80,5,32,23,78,84,18,34,71,60,78,36,80,20,11,24,36,68,27,3,68,4,49,96,80,35,90,84,24,72,82,44,5,60,87,55,50,21,86,20,66,7,87,66,65,37,12,18,93,62,54,53,11,5,59,40,52,88,70,19,70,22,98,20,86,32,43,94,96,67,40,62,72,14,32,12,28,66,75,98,38,54,65,86,43,15,64,54,82,25,84,89,75,27,26,50,4,50,31,24,79,42,45,22,59,41,45,58,24,45,91,57,14,47,37,60,43,0,96,95,68,74,12,42,1,20,7,36,87,24,19,48,73,13,69,70,47,4,58,44,33,82,43,87,14,50,35,98,65,98,36,54,20,75,3,4,31,41,1,6,71,37,26,8,53,21,42,52,34,91,72,88,21,78,18,40,44,54,79,69,23,64,66,38,77,90,1,9,90,22,82,43,19,79,61,71,81,81,59,39,45,76,96,47,10,95,87,89,93,89,42,94,99,27,89,85,42,10,79,5,0,48,3,50,94,99,63,15,8,78,46,5,2,56,64,49,30,1,40,81,29,64,22,20,70,68,71,72,48,65,53,22,59,68,71,24,53,75,59,45,81,88,50,14,43,35,67,50,69,73,38,55,93,10,63,34,78,33,95,10,37,42,86,81,5,75,25,63,36,77,0,64,57,2,97,4,4,83,13,49,12,75,51,64,49,57,26,70,3,18,98,84,73,94,7,43,20,72,3,47,51,22,11,62,11,95,64,61,7,20,66,93,90,75,72,29,49,90,76,74,77,40,84,32,52,65,85,44,14,53,87,98,93,28,39,78,88,23,24,45,26,27,20,93,88,99,89,33,68,52,77,96,28,78,10,25,49,91,23,53,0,77,74,29,51,42,8,62,63,31,18,51,28,73,0,51,22,76,62,32,98,36,71,82,2,12,78,0,61,51,46,46,21,80,83,98,97,74,78,47,27,41,47,54,98,61,68,56,43,31,40,45,88,23,63,25,16,83,92,40,66,96,95,71,66,95,16,69,62,49,38,46,90,27,28,42,90,56,14,37,14,97,15,14,71,65,51,76,47,99,92,43,48,16,95,80,24,26,4,1,91,68,36,40,56,70,38,89,69,93,15,49,85,44,74,46,44,22,18,23,14,48,59,51,25,17,60,77,60,94,33,87,20,30,52,82,71,56,68,39,14,7,88,6,31,84,26,29,61,95,20,81,66,5,35,6,59,75,19,57,21,81,46,41,72,89,36,16,97,30,46,44,74,38,18,53,62,76,61,1,23,30,29,48,73,25,11,66,28,71,84,88,30,67,69,75,76,72,33,10,44,27,97,86,25,1,68,17,62,45,48,90,74,17,8,92,98,27,75,22,70,13,75,39,28,69,21,89,75,81,13,74,57,30,30,67,50,30,55,81,78,28,81,16,10,1,22,33,66,13,87,98,76,89,50,43,89,42,88,90,87,73,56,17,96,7,90,39,36,30,93,0,63,76,42,92,58,51,56,83,70,28,75,77,44,13,32,14,76,80,7,18,69,6,54,48,90,66,86,17,20,91,97,85,63,86,85,55,76,62,4,97,30,26,39,1,42,83,54,80,89,42,13,78,9,9,11,96,83,2,19,20,94,21,82,33,92,96,88,30,28,77,35,23,26,57,56,14,63,60,97,75,45,46,73,11,30,9,34,90,13,80,81,24,6,41,52,60,57,36,46,92,83,7,16,13,88,33,33,42,47,47,16,56,26,95,54,53,13,51,37,56,23,6,50,70,94,17,2,49,4,60,12,97,26,97,14,59,5,50,71,67,32,45,83,81,14,87,87,68,35,41,49,39,48,11,34,59,74,20,1,48,1,80,50,41,87,81,60,79,0,13,97,85,41,16,24,25,86,97,50,22,77,53,38,97,31,9,40,17,99,72,7,82,48,3,87,45,74,2,57,65,0,52,70,3,73,34,4,8,15,19,16,84,62,35,90,72,55,22,63,19,59,19,84,15,65,46,3,40,44,74,52,56,64,67,4,38,60,38,89,40,30,66,65,16,39,3,75,12,83,76,92,95,86,96,6,67,3,91,55,86,7,60,15,29,28,7,64,22,23,49,18,85,37,77,24,19,44,5,26,45,4,24,10,61,77,59,55,7,54,54,23,27,91,6,35,96,45,12,97,67,9,77,89,2,38,9,21,27,39,52,72,35,86,19,21,44,46,78,50,27,96,94,92,94,95,17,8,59,30,85,18,58,18,99,67,71,8,36,75,94,92,33,2,88,1,96,74,9,63,79,94,40,84,27,8,94,82,40,38,76,32,67,38,27,28,92,13,17,31,13,36,15,58,61,58,12,34,47,51,2,12,52,34,90,74,72,20,16,0,25,42,43,36,56,0,85,71,47,76,52,77,27,53,34,61,73,47,4,69,53,96,99,93,42,24,10,71,72,73,69,49,58,47,33,15,62,63,31,71,7,36,41,20,98,72,86,38,61,88,67,73,15,38,57,77,48,69,47,97,23,2,64,24,25,87,40,37,71,83,79,61,67,21,94,37,83,49,3,36,70,54,98,85,67,63,8,61,74,2,43,52,25,54,93,13,41,78,10,19,71,58,93,8,36,15,72,46,57,38,84,68,66,54,26,48,58,51,69,33,14,48,22,34,95,87,55,45,2,22,59,4,28,89,87,45,39,88,50,7,52,24,80,21,74,11,9,16,61,82,51,53,17,90,0,81,12,91,15,12,68,18,92,82,22,6,19,82,33,78,60,43,83,73,93,50,34,56,39,55,76,5,65,42,1,11,98,94,55,26,56,92,61,95,69,11,68,12,89,52,28,31,80,28,25,13,52,60,93,61,67,86,0,64,83,24,86,91,25,85,32,74,90,85,46,68,79,16,92,31,3,1,62,8,11,32,1,99,68,72,42,81,83,65,54,10,43,16,35,90,18,14,41,84,38,89,98,26,31,15,3,23,39,61,65,99,50,56,98,88,96,19,99,99,38,41,20,57,73,49,4,45,5,5,82,5,58,75,77,90,79,15,52,30,47,25,12,16,91,17,99,3,41,55,18,74,0,99,80,52,44,64,37,94,53,22,41,43,93,53,37,19,17,16,72,49,30,7,8,44,30,79,88,34,73,58,62,92,32,38,18,80,52,85,45,91,29,53,79,59,23,25,70,65,96,35,75,3,64,65,11,32,52,6,12,56,70,1,19,19,86,32,12,95,97,14,6,3,31,69,60,9,29,54,78,83,31,17,1,26,8,17,51,64,53,55,46,24,34,70,74,88,13,50,96,57,29,21,34,64,9,85,39,59,12,35,93,17,56,68,14,44,79,51,48,9,55,21,96,19,81,64,32,70,54,99,6,78,7,10,25,69,29,33,39,63,42,12,29,76,5,10,75,60,87,66,61,93,67,58,79,91,8,69,76,30,40,0,9,58,9,94,45,58,24,69,13,45,91,55,33,82,8,96,27,7,34,17,29,41,73,43,37,47,98,71,82,93,97,95,44,63,65,35,27,29,21,25,7,64,4,8,65,33,3,87,65,72,67,84,11,32,73,2,80,94,85,30,86,48,28,16,6,44,59,23,9,27,85,58,57,33,41,23,66,92,13,5,41,28,62,99,68,7,54,46,18,92,39,37,41,42,37,86,52,11,25,2,43,23,18,11,2,50,58,45,34,49,66,66,51,47,59,83,21,78,65,73,89,69,31,74,31,42,63,29,6,51,82,12,10,28,79,17,99,71,41,40,37,57,34,70,53,53,48,73,83,6,8,91,67,32,18,6,9,98,27,10,71,97,2,73,46,15,77,81,94,58,34,88,55,39,60,40,58,0,51,66,53,62,55,35,92,57,1,72,44,35,76,76,61,78,82,83,67,10,57,29,89,59,99,44,31,98,28,16,63,13,76,60,95,2,19,46,40,48,60,99,37,87,62,9,55,99,19,5,3,21,5,64,11,39,13,15,80,18,77,43,27,51,5,7,32,2,55,86,22]"
ta76,2254,"[1,2,3,1,0,0,0,0,0,0,0,0,1,0,1,1,3,0,1,1,1,2,1,2,0,2,0,2,2,3,3,2,0,2,2,3,0,3,2,2,3,1,3,1,3,1,2,3,0,3,1,2,0,1,0,0,3,2,0,2,1,1,3,2,2,3,2,2,1,2,2,3,1,3,1,1,2,3,2,0,1,3,3,0,0,3,3,0,1,1,1,3,1,3,2,2,0,3,0,0]","[67,22,72,63,21,7,35,15,65,69,77,3,68,52,28,76,21,86,70,56,83,5,17,1,21,6,3,81,38,90,69,46,5,9,38,4,1,2,26,36,92,42,56,6,2,32,51,83,31,55,20,41,6,84,90,46,11,51,10,99,62,41,70,78,99,55,22,22,48,71,92,54,44,90,50,65,25,66,72,60,81,93,68,96,1,5,94,63,19,58,11,3,52,55,98,51,73,40,69,84,62,29,51,40,98,55,57,86,58,40,94,36,39,30,19,44,23,78,93,95,12,42,41,48,94,22,91,42,8,4,51,75,94,53,24,22,90,94,64,52,47,9,0,34,25,58,52,10,14,14,42,77,7,14,99,27,16,35,84,74,25,93,0,84,27,48,36,28,13,68,29,15,72,41,65,23,35,35,64,53,56,60,34,57,87,53,89,64,11,56,3,79,35,47,7,89,46,17,19,84,39,17,71,11,50,66,26,94,31,85,36,54,79,84,38,2,85,83,35,22,55,67,34,11,24,77,40,33,95,98,15,87,14,46,98,18,49,82,55,6,82,7,12,70,12,56,63,77,35,62,32,55,9,20,34,20,55,66,13,50,56,18,45,58,70,48,34,11,94,13,58,9,66,29,22,46,26,96,72,66,39,4,62,67,33,17,95,60,40,37,69,98,46,24,63,68,1,72,45,78,31,54,50,78,80,17,24,48,92,47,9,58,18,46,73,23,4,86,82,5,10,28,18,86,22,89,95,27,71,59,64,87,81,54,93,87,66,23,3,12,39,94,58,66,60,41,34,8,99,59,40,49,48,75,29,51,5,31,54,24,39,7,79,53,74,67,63,78,84,98,71,76,72,43,44,47,52,97,33,43,68,89,36,45,12,4,8,40,96,29,80,17,0,26,91,98,51,53,59,43,28,45,42,48,54,39,61,88,99,19,27,26,6,67,26,70,20,0,3,24,32,88,64,23,50,28,84,65,62,4,49,93,25,9,87,89,51,40,45,49,2,84,59,42,33,16,31,21,78,35,13,38,54,9,45,47,12,82,17,71,45,23,24,81,82,82,38,85,70,17,36,95,68,71,10,7,53,79,28,34,11,94,84,82,84,59,10,28,25,1,27,48,52,39,59,3,72,88,46,36,91,53,71,24,91,56,28,61,74,12,68,78,68,73,43,59,71,89,16,28,17,55,30,46,18,46,37,2,24,8,20,2,2,90,22,58,38,32,19,44,62,0,44,37,66,41,23,93,6,36,76,33,83,35,80,63,93,76,78,95,75,16,62,61,29,22,53,64,16,41,61,63,62,14,68,15,99,99,74,53,3,8,24,91,61,24,73,92,70,46,80,54,86,72,44,30,79,73,0,64,91,19,16,55,43,77,5,31,21,66,42,77,89,36,19,58,11,67,90,66,39,69,97,7,9,20,94,99,70,61,13,46,9,96,32,43,87,62,94,90,45,80,66,55,76,43,56,70,44,87,91,29,13,45,67,23,43,26,40,41,50,18,27,67,77,13,50,44,20,84,19,9,52,90,77,47,16,16,63,13,69,49,93,19,72,51,89,95,81,18,21,13,6,89,34,9,28,3,83,92,75,51,18,31,62,75,33,71,19,88,4,45,72,12,63,97,50,38,61,1,7,76,33,41,8,81,91,47,95,2,57,17,78,18,19,64,93,42,43,71,83,69,34,50,32,61,27,14,44,66,61,57,78,79,54,58,29,56,82,44,89,60,99,98,5,79,75,52,67,10,20,3,75,76,73,93,64,59,83,8,95,6,61,97,32,54,55,90,76,68,37,69,58,38,80,32,88,25,30,4,8,98,38,75,44,14,11,2,60,50,37,19,26,12,76,34,77,87,15,89,83,12,15,31,92,65,93,10,42,50,17,47,35,42,97,81,80,57,57,88,31,7,58,41,9,95,97,1,91,39,19,79,49,74,56,64,17,67,54,13,74,53,93,14,1,70,34,80,95,14,69,37,16,32,20,45,96,37,49,33,59,23,99,49,94,74,10,15,81,41,98,14,66,88,77,57,93,13,79,61,54,17,95,93,54,59,6,42,0,8,27,9,0,79,7,66,33,76,1,10,31,21,33,80,20,73,11,58,84,31,96,95,19,19,51,46,99,4,40,54,92,56,8,85,26,26,34,24,88,9,36,80,0,29,18,62,37,5,94,4,30,5,60,71,9,73,40,73,78,92,58,88,60,72,59,53,84,2,40,79,68,45,8,74,18,96,57,26,26,20,68,91,22,76,21,48,15,66,47,50,28,12,41,99,48,64,22,92,31,67,93,0,95,98,56,75,69,73,94,21,21,23,16,87,49,26,46,86,25,83,14,72,86,53,53,83,59,58,60,70,14,33,17,88,43,4,18,65,24,86,3,79,35,97,68,30,13,77,62,30,65,2,14,85,54,7,80,71,82,55,70,51,52,73,97,5,14,1,4,57,49,9,32,2,44,1,25,63,23,75,8,73,47,60,92,67,73,5,39,80,31,69,33,96,77,88,22,16,9,6,76,32,88,49,87,85,20,13,65,40,63,13,26,99,77,21,16,39,3,41,3,29,86,65,64,6,84,30,82,5,84,93,64,48,52,41,27,48,92,97,8,2,58,37,15,93,75,52,34,18,41,73,58,38,60,67,54,77,28,58,90,87,60,57,78,56,43,27,63,35,71,10,64,25,49,65,33,6,2,95,71,44,50,13,64,62,2,22,36,12,88,37,36,72,7,36,11,32,92,18,75,48,29,74,43,32,60,96,10,83,8,61,94,70,49,61,61,0,78,69,64,74,77,49,65,25,75,41,56,12,53,73,34,69,83,81,97,68,64,41,5,25,76,81,46,61,23,97,99,85,97,5,57,65,61,42,34,59,82,82,83,53,54,28,57,29,72,34,6,13,92,19,51,98,61,85,11,25,33,86,40,76,90,88,20,4,97,40,85,72,76,45,18,18,64,63,42,30,82,81,65,9,36,95,33,8,65,24,85,43,45,5,18,53,31,42,17,62,86,52,8,87,0,23,10,80,59,15,29,54,77,28,90,7,64,73,79,40,71,62,42,83,31,14,22,74,15,63,39,25,76,5,15,57,19,68,2,92,47,87,56,18,31,92,23,97,3,59,38,97,2,85,93,82,51,60,11,16,27,6,34,97,37,39,12,43,3,68,72,32,98,82,36,69,46,31,66,96,55,12,32,89,10,20,8,51,40,0,15,72,91,66,47,10,42,75,80,29,25,74,1,38,66,29,36,50,20,60,4,43,83,82,51,51,29,2,52,96,74,2,57,39,83,79,24,37,46,25,79,56,95,19,41,90,77,96,96,37,31,27,84,3,74,60,29,96,35,11,16,77,60,16,75,12,70,1,55,21,50,4,35,48,28,73,56,27,89,81,27,23,37,22,16,48,21,49,81,90,80,90,65,74,9,28,2,41,0,10,5,89,75,11,55,19,16,89,43,74,77,37,96,31,91,90,94,46,37,41,97,4,37,11,89,79,78,44,63,74,77,72,39,90,17,28,44,68,94,39,58,90,94,72,16,53,21,85,88,38,67,50,91,13,49,67,89,76,63,88,9,83,65,37,39,87,73,20,65,81,58,27,88,29,80,49,10,38,8,14,52,3,50,28,87,50,7,87,95,32,28,46,80,17,52,71,25,45,69,6,85,36,86,81,92,26,71,26,4,7,91,85,40,36,13,38,89,25,50,49,75,15,91,26,19,16,39,32,34,30,42,5,83,43,44,85,98,35,98,46,88,8,7,78,29,36,0,23,82,84,22,51,92,69,6,68,14,71,1,96,86,62,59,81,63,30,25,47,34,21,89,67,98,22,26,87,79,15,35,6,32,11,57,45,5,93,92,62,33,97,51,37,42,96,88,44,22,63,55,74,89,21,0,49,82,3,94,70,20,30,85,88,18,35,67,7,47,23,50,25,54,45,47,80,1,24,30,48,38,90,38,38,62,44,21,81,52,42,62,30,73,78,60,84,25,51,95,30,69,12,27,47,60,86,33,70,27,53,32,11,79,99,75,60,21,33,61,10,99,11,96,55,63,13,69,74,48,28,86,65,71,45,98,15,12,72,27,14,38,22,0,91,59,99,10,17,91,91,17,57,1,40,98,34,16,82,48,86,1,47,76,39,0,70,76,99,6,43,10,92,96,43,15,81,27,17,81,14,85,20,59,85,69,55,56,71,35,14,85,75,47,86,0,6,83,1,59,73,49,66,44,99,24,85,57,12,79,7,24,83,87,67,67,87,98,92,70,52,67,65,1,84,86,68,26,30,80,47,80,23,76,42,11,20,96,78,99,52,53,61,65,7,91,55,56,78,38,98,13,56,0,57,78,23,35,15,39,53,87,29,63,15,70,40,26,23,62,79,45,3,78,10,81,90,94,36,86,70,59,27,7,12,31,18,15,6,48,97,48,75,69,32,64,4,30,54,30,5,30,33,24,82,95,97,61,86,91,37,3,33,4,20,21,4,57,74,52,43,66,57,30,35,21,44,24,93,52,45,1,8,47,68]"
ta77,2214,"[2,1,2,3,3,2,0,1,0,1,1,2,0,0,1,1,2,3,3,0,0,1,0,1,2,0,1,0,0,3,3,3,2,2,3,2,2,2,0,2,3,1,2,1,2,0,1,1,1,1,2,3,3,3,2,1,0,0,1,3,3,0,1,3,1,3,3,2,2,0,3,2,1,2,3,2,2,3,3,0,0,1,3,3,0,0,1,1,1,0,0,2,2,1,3,0,1,0,2,3]","[53,3,59,90,8,82,17,35,34,37,29,52,7,46,5,60,42,37,40,72,40,0,49,54,89,88,3,0,26,13,26,28,18,2,90,34,84,51,6,15,52,39,51,9,43,11,69,26,77,0,5,91,94,1,65,33,59,3,51,83,78,40,68,4,18,91,12,83,25,92,20,36,83,94,97,46,87,98,10,86,4,50,97,50,49,25,80,50,52,28,13,67,19,66,21,6,71,58,74,31,40,19,95,46,12,51,76,72,50,13,7,34,47,17,29,55,54,53,15,69,49,39,6,44,81,28,88,87,27,22,88,23,47,43,82,38,34,15,81,50,15,59,47,99,89,28,70,68,33,33,48,41,20,88,83,56,1,81,73,9,74,98,84,86,19,10,4,53,15,20,62,45,45,98,49,11,16,67,66,95,48,63,19,20,87,18,41,38,69,93,64,35,39,60,19,66,7,93,53,95,98,41,14,81,17,82,75,15,44,73,19,22,16,30,43,93,78,49,69,72,68,59,10,22,30,95,38,98,62,17,71,61,23,85,43,67,65,79,2,8,3,38,57,53,44,66,35,50,96,53,16,29,97,58,69,74,3,55,74,20,32,46,32,52,55,11,81,16,26,85,58,83,16,6,69,8,54,27,2,76,65,66,78,95,84,74,86,46,47,54,76,99,72,29,91,32,10,79,95,75,59,2,76,23,34,39,19,78,54,42,21,62,85,29,86,79,37,3,79,35,56,26,21,85,94,32,69,25,4,17,20,30,53,90,5,57,77,18,76,69,7,52,38,22,2,24,47,25,35,70,93,80,63,51,50,42,83,27,48,67,32,51,6,28,27,22,32,95,45,45,86,43,8,94,55,55,74,16,74,84,56,25,84,20,75,6,51,78,6,32,37,78,79,57,22,85,76,99,1,65,53,8,35,11,37,5,57,86,34,89,65,82,49,56,80,14,26,51,24,26,36,13,75,55,93,33,44,94,67,27,87,14,73,64,51,68,65,60,59,38,36,45,68,21,26,51,52,7,20,71,24,73,85,62,25,90,29,88,58,17,43,90,63,42,72,57,42,6,92,23,88,71,60,1,55,18,14,57,68,89,15,5,10,18,25,6,9,68,33,64,88,30,68,31,83,62,21,75,6,10,19,4,49,74,73,15,30,6,14,3,31,98,68,41,98,7,55,12,37,94,75,37,68,64,59,8,47,6,24,36,87,84,30,56,39,48,2,10,72,70,15,76,10,82,62,73,64,96,83,49,33,30,54,92,31,49,99,56,52,21,65,97,11,31,84,3,11,21,69,46,15,67,18,53,76,26,91,35,24,76,10,98,71,35,14,69,16,94,89,48,50,93,96,57,89,77,4,97,65,7,2,63,77,47,99,99,69,9,8,49,0,66,15,39,98,2,94,48,59,62,39,0,5,13,98,31,77,19,5,88,17,42,17,78,97,92,63,85,24,39,61,67,82,16,33,75,55,41,8,98,9,90,30,15,43,3,33,1,2,18,93,41,31,8,68,21,37,40,13,70,47,67,47,91,59,30,1,42,96,62,9,24,46,13,60,93,17,58,97,36,63,25,63,46,67,8,12,89,23,29,33,23,50,83,53,51,26,25,34,97,17,57,80,2,85,94,29,16,77,83,48,25,6,23,76,78,38,11,98,31,33,80,53,32,14,65,23,45,98,35,35,21,49,80,66,54,42,74,23,15,5,54,1,15,28,8,95,12,95,90,80,29,96,50,99,84,34,77,29,20,11,31,11,14,53,79,54,90,94,76,79,7,87,36,33,2,16,41,18,81,76,60,94,70,9,17,53,29,63,75,30,66,3,93,46,63,20,36,23,96,52,75,64,23,32,9,44,91,70,11,44,15,60,79,62,48,37,5,46,21,99,16,80,65,45,17,66,13,95,72,59,92,96,94,53,60,37,50,96,84,53,8,71,77,99,13,25,0,44,83,50,86,27,55,2,28,43,80,78,3,32,8,40,4,1,37,56,37,99,95,18,77,63,49,58,92,33,32,67,64,16,60,21,58,17,24,55,12,71,47,34,87,80,76,65,7,86,46,73,81,18,42,40,18,90,58,14,96,73,53,85,76,18,16,35,31,28,65,94,19,67,67,75,79,86,7,28,9,38,95,61,41,0,32,7,58,22,88,87,57,31,97,32,63,67,90,70,4,72,48,71,0,37,70,39,59,50,24,91,64,50,59,29,44,78,5,87,10,40,23,54,28,5,42,14,19,16,28,23,53,3,61,31,14,45,86,62,99,49,0,45,93,25,46,63,64,11,94,43,98,28,45,38,68,40,88,90,35,1,40,25,91,41,37,93,54,4,6,89,96,97,25,35,41,61,38,24,49,92,90,40,61,72,87,27,1,40,32,0,14,23,12,62,14,28,54,78,39,10,69,7,60,51,28,69,20,31,58,90,34,93,26,82,70,61,91,37,86,81,85,55,27,67,66,24,16,8,52,13,23,32,52,70,83,81,14,99,34,4,24,79,35,13,6,7,29,9,86,38,61,51,93,93,57,91,31,45,36,13,80,41,62,96,49,72,71,7,0,88,78,85,3,54,26,40,27,38,88,9,13,3,95,30,25,57,31,4,61,92,54,57,47,75,90,46,20,13,80,18,79,45,60,52,18,37,59,12,89,73,3,81,10,72,90,0,27,60,36,89,98,70,16,92,47,67,19,27,8,81,2,47,81,66,69,75,32,36,55,65,61,40,85,61,55,11,32,85,39,55,50,72,70,94,72,94,47,91,1,96,34,89,82,56,49,1,77,58,86,18,90,87,39,34,11,12,25,84,99,54,63,58,47,52,58,67,9,80,32,57,17,26,86,20,24,8,42,84,65,3,88,45,84,84,80,5,44,71,80,63,31,97,4,86,0,74,91,33,13,29,27,60,19,68,52,77,82,42,61,22,24,92,99,73,7,68,74,74,72,37,61,8,59,54,56,28,70,70,49,74,20,46,48,23,2,75,19,99,79,60,64,44,96,30,22,61,62,53,12,92,94,83,24,80,77,27,43,38,77,1,82,84,87,44,14,52,56,29,59,78,90,12,16,34,85,45,74,71,44,21,20,12,74,8,64,59,97,31,20,69,35,52,19,16,65,2,1,82,30,23,86,10,40,81,30,52,91,52,63,83,82,80,57,96,68,44,53,83,78,93,57,56,17,86,33,37,40,77,92,4,31,68,92,39,32,5,75,1,96,24,87,33,84,73,34,37,44,21,34,21,48,91,20,90,56,4,95,25,56,82,7,6,67,71,43,82,55,93,89,22,17,61,66,88,26,18,0,88,97,63,17,95,70,61,57,74,12,88,46,51,73,44,76,51,62,65,69,68,76,91,69,65,64,36,26,21,50,8,56,82,64,92,41,87,34,29,3,81,84,38,2,90,47,41,40,51,35,72,6,63,75,56,72,65,10,54,9,44,60,26,57,64,73,83,43,2,6,44,20,15,75,86,92,48,59,4,71,73,54,34,94,12,39,85,7,49,46,59,5,93,22,6,85,4,66,66,85,28,77,79,43,88,39,11,42,46,48,60,43,99,76,22,89,77,69,11,12,48,9,14,34,38,51,5,60,59,33,42,56,43,74,51,0,30,98,10,96,19,17,66,36,36,19,81,51,67,94,22,28,29,9,79,71,58,91,9,99,89,36,66,49,89,12,27,42,79,98,23,98,28,0,92,45,21,38,69,79,73,11,55,82,75,35,62,66,67,45,77,71,2,38,12,19,4,64,80,39,13,55,47,45,52,66,97,41,91,89,24,48,77,18,7,35,15,52,12,96,87,10,3,62,92,7,39,77,83,89,44,36,43,91,64,33,79,48,16,38,78,87,68,47,13,10,66,70,65,11,87,24,75,22,39,84,62,30,58,27,25,27,15,91,71,98,59,43,78,64,76,8,61,41,79,55,78,93,7,0,56,54,71,1,2,51,13,56,67,94,21,13,36,11,54,16,10,73,75,96,74,38,46,97,22,58,70,85,36,11,47,88,9,21,0,38,72,30,89,14,99,29,30,33,48,37,89,29,42,30,22,40,74,23,35,17,92,4,5,64,95,83,27,39,49,83,24,41,18,72,99,10,97,57,97,46,48,43,70,63,87,58,34,75,9,85,33,42,62,29,50,56,28,88,5,52,86,92,2,42,70,0,95,5,65,1,83,21,26,79,79,90,96,86,62,26,47,50,81,55,22,20,77,99,68,15,82,25,63,89,1,66,0,35,76,78,61,3,80,3,73,58,18,81,85,87,41,45,82,4,73,72,50,61,12,31,5,58,82,84,97,58,81,71,26,14,41,48,61,1,57,22,44,24,74,93,27,93,84,22,62,19,22,42,31,43,19,9,42,40,41,95,53,70,27,91,15,40,36,5,95,80,64,1,30,28,87,78,10,4,76,72,57,25,56,98,36,60,46,41,97,13,9,68,6,50,60,88,71,21,73,32,73,92,82,81,20,48,14,39,81,45,44,14,11,17,63,43,33,64,45,69,12,96,78,23,60,71,26,27,84,95,97,36]"
ta78,2137,"[0,0,1,2,0,2,1,3,2,1,3,2,2,0,3,1,0,3,0,1,0,2,3,3,0,1,3,2,1,2,1,0,3,0,3,0,1,0,3,1,2,2,3,2,2,2,1,0,3,3,2,1,0,0,2,3,1,1,1,3,2,3,0,0,2,3,1,3,2,2,3,2,0,2,2,0,0,1,0,0,3,1,1,1,1,3,0,0,3,0,0,2,3,1,1,2,0,1,3,2]","[96,75,64,22,90,16,73,36,14,5,18,48,29,18,56,48,14,98,14,43,7,99,38,92,28,44,10,11,61,81,16,75,96,36,46,81,55,78,62,5,67,97,2,9,65,45,25,13,70,5,82,98,94,87,34,84,2,78,3,38,61,22,88,19,47,68,86,26,65,8,67,85,94,17,27,88,89,31,71,27,62,52,22,96,64,32,92,66,15,49,15,23,58,73,92,94,64,2,3,51,52,30,9,34,75,84,98,21,62,73,41,10,76,67,79,0,41,90,98,20,56,56,21,44,27,11,65,93,66,88,50,66,63,83,55,45,66,95,82,64,29,59,66,54,35,48,56,5,49,81,35,0,30,96,19,43,82,30,21,74,81,95,17,21,31,4,83,86,97,86,44,29,2,22,43,84,48,95,90,98,46,92,76,66,35,57,77,29,7,9,59,26,90,95,77,19,23,1,22,74,69,79,62,95,79,22,50,79,83,28,62,46,19,56,46,44,95,39,32,57,58,97,38,6,16,88,78,33,95,0,91,39,20,26,9,8,67,68,52,13,12,1,80,75,23,34,21,24,55,18,25,63,67,12,91,70,11,33,88,76,61,11,22,1,35,66,80,77,84,10,80,73,14,8,61,18,14,25,6,68,66,12,93,20,31,10,78,72,30,96,75,4,19,30,85,76,74,58,57,73,85,30,50,29,81,39,56,50,12,35,45,71,74,62,42,75,0,13,95,54,23,12,32,11,23,82,23,87,56,50,26,87,71,39,77,6,1,50,57,52,45,50,16,67,31,62,9,36,72,88,97,46,34,55,49,70,14,43,33,49,35,25,17,5,26,91,45,79,22,82,99,72,68,60,72,8,84,3,78,18,4,15,53,14,93,26,22,9,90,10,91,37,76,63,54,40,55,2,98,52,64,33,12,20,33,36,86,83,87,83,97,41,83,48,15,25,51,1,3,66,80,5,77,80,85,12,79,44,7,27,0,86,74,29,89,81,53,9,41,84,34,36,22,10,68,6,14,63,10,98,37,27,16,77,31,33,0,28,31,53,76,81,4,22,19,42,75,41,53,76,36,62,37,29,0,29,53,58,87,89,86,86,50,72,69,98,26,9,71,8,17,77,17,60,60,62,87,11,18,64,2,69,97,43,90,58,61,89,91,75,27,50,36,52,49,50,42,52,42,87,76,21,2,8,45,47,10,75,79,97,98,30,87,23,29,11,69,16,99,31,45,66,64,23,57,1,51,34,95,15,7,99,38,51,7,19,55,2,5,9,79,20,86,30,83,44,65,68,10,85,32,19,71,3,49,56,81,19,76,94,19,94,68,6,53,21,46,69,33,10,80,99,56,47,36,55,96,2,88,28,36,43,41,60,84,88,37,10,7,62,3,95,75,97,12,58,42,2,83,37,63,4,78,63,91,5,37,42,96,20,64,16,6,74,62,0,80,50,62,73,99,72,93,37,49,42,71,99,0,2,29,21,4,33,9,51,38,10,7,47,0,86,65,43,80,27,33,46,35,9,84,20,39,62,16,57,69,87,93,21,23,90,18,54,65,1,90,89,43,9,4,57,58,59,43,5,16,21,27,94,28,1,64,23,24,89,11,17,14,40,20,25,54,87,23,31,73,92,21,62,25,18,69,19,9,22,28,57,7,37,57,79,32,34,72,8,25,68,47,23,9,74,15,19,98,71,69,37,28,80,35,71,55,13,89,5,14,68,13,39,59,37,40,35,99,25,75,45,71,12,73,75,57,46,86,66,18,91,21,15,39,98,83,84,57,9,56,36,52,44,6,67,13,41,46,72,97,52,70,88,58,17,20,68,17,1,13,22,54,7,59,89,80,15,81,85,67,6,82,85,15,18,8,35,24,91,96,78,58,41,90,35,71,80,87,32,94,82,92,89,55,20,92,43,94,44,10,65,87,34,94,84,23,64,8,21,44,72,42,32,87,59,90,91,0,5,93,38,72,72,47,80,92,57,45,66,18,53,85,24,53,96,13,84,26,21,92,53,1,60,63,98,12,42,89,37,80,27,89,56,7,42,69,31,7,28,30,41,67,17,72,75,59,54,79,56,85,14,81,67,66,25,71,5,9,56,78,40,95,32,60,56,25,24,39,75,53,91,49,63,63,68,77,81,58,5,22,93,99,76,54,58,77,23,63,15,99,27,57,75,11,35,15,11,7,80,44,54,74,1,33,31,97,68,86,43,19,36,43,71,11,20,48,29,74,29,30,23,88,96,30,8,14,73,51,80,72,85,18,94,29,45,8,51,44,54,27,0,45,42,63,65,22,8,77,79,36,72,90,0,16,47,4,25,0,73,95,83,94,82,84,58,45,4,32,49,13,24,77,54,60,99,6,14,17,9,91,78,14,97,61,42,51,49,48,77,66,24,46,17,93,72,51,15,57,93,15,11,87,98,67,66,47,63,84,29,27,90,19,69,85,76,52,92,47,7,88,71,14,3,47,44,59,62,70,56,91,16,29,30,59,93,11,1,49,91,8,0,76,47,73,49,99,33,34,73,58,33,24,67,47,19,21,38,35,90,5,51,44,28,41,76,26,55,82,85,51,11,78,42,90,53,26,1,12,38,36,29,78,38,20,8,91,46,70,74,74,48,92,89,42,64,38,54,37,88,8,39,39,49,93,82,24,71,70,48,48,40,0,63,1,68,61,64,40,34,41,37,92,34,40,76,65,59,73,60,96,3,58,72,6,97,13,89,79,3,40,81,21,12,50,31,85,6,6,65,43,11,55,61,25,12,31,13,19,68,50,77,16,41,53,84,49,24,5,18,61,37,70,26,48,82,73,62,12,83,98,46,74,82,71,81,7,66,63,48,40,79,36,77,26,24,76,61,42,6,97,67,12,87,92,68,3,86,51,42,52,17,19,35,17,28,47,69,83,64,61,53,20,4,20,94,51,52,99,31,92,49,97,13,39,34,3,18,11,84,65,61,80,69,93,86,67,33,60,51,66,78,40,73,88,53,14,68,12,2,85,82,14,38,6,95,45,95,55,39,17,63,69,65,18,0,46,78,12,64,41,24,94,65,61,73,43,15,65,84,32,33,38,28,79,13,25,99,41,69,77,2,64,6,20,37,39,42,50,91,94,55,92,30,70,45,82,56,23,14,40,78,27,4,84,42,75,3,53,53,47,67,74,51,60,21,85,79,88,31,60,26,28,94,48,71,64,8,24,71,26,32,4,15,55,95,0,15,48,10,97,54,95,64,63,76,81,87,65,30,94,82,38,34,28,3,52,60,84,6,75,93,43,50,34,86,56,94,59,37,31,38,95,48,74,70,62,51,28,27,88,28,40,81,31,83,32,60,78,54,76,75,16,26,37,60,64,40,55,25,39,29,64,90,69,41,68,22,56,5,20,4,10,78,7,26,76,90,96,70,2,38,97,47,4,94,81,15,44,25,47,91,35,16,44,28,84,92,95,85,2,79,70,79,6,85,45,93,98,68,49,21,40,48,99,84,49,27,46,24,65,80,92,15,44,93,53,27,74,55,36,57,89,54,46,20,86,57,47,51,86,69,37,24,29,18,31,43,23,17,3,76,23,58,35,73,60,6,90,36,49,92,24,74,70,7,92,73,9,29,39,63,32,24,2,38,89,81,71,45,48,89,47,78,13,8,0,61,97,4,77,17,50,98,95,16,86,18,62,96,39,38,50,18,96,51,91,27,41,40,97,48,21,94,37,67,6,54,93,54,83,1,17,39,78,42,61,36,43,83,15,21,70,63,8,67,89,50,83,62,64,59,43,45,4,4,43,60,70,48,7,72,26,35,20,8,79,96,67,39,31,73,1,36,3,36,25,27,93,72,40,3,15,24,45,65,91,39,10,38,30,74,45,24,88,78,7,40,87,88,40,25,98,45,76,3,28,52,77,32,77,16,32,72,82,16,1,98,23,26,28,88,56,9,71,7,36,5,65,93,80,17,97,11,91,57,99,96,3,23,74,51,11,88,32,68,86,27,53,55,86,60,67,87,56,83,83,61,96,16,69,11,32,14,1,49,32,59,35,54,7,88,33,41,26,61,32,37,91,62,59,40,18,57,49,12,46,16,86,59,65,90,25,99,85,59,58,87,90,13,74,26,30,54,66,82,81,46,52,81,52,58,30,44,46,89,35,50,90,70,82,2,81,52,48,79,67,58,12,43,12,53,14,17,59,44,63,94,34,69,80,34,70,31,96,66,59,34,6,87,2,32,47,83,8,2,55,47,60,69,52,27,2,77,70,77,60,34,28,24,99,38,25,63,66,71,59,75,85,0,22,28,61,33,46,82,98,4,80,59,39,1,4,92,30,60,44,52,96,33,3,68,73,10,13,11,79,41,52,41,95,18,34,97,22,78,13,20,55,51,38,46,17,72,33,96,74,58,40,54,19,5,19,10,42,20,99,5,75,22,1,57,22,89,93,33,13,34,85,70,33,19,35,5,70,98,69,61,58,31,41,30,65,10,57,89,13,16,61,4,3,83,10,30,50,55,82,99,44,93,29,9,13,53]"
ta79,2210,"[3,3,1,0,2,3,0,3,0,0,0,0,0,3,1,1,2,2,3,3,2,3,1,1,3,0,1,1,3,3,1,0,2,0,2,0,2,2,1,0,3,0,3,3,1,0,2,3,1,3,1,3,3,2,0,3,0,1,0,2,1,2,0,3,2,2,0,0,0,3,3,2,1,2,0,2,3,2,2,2,1,1,1,1,2,2,0,1,2,0,2,3,0,1,3,3,1,2,1,2]","[55,60,97,32,14,12,28,70,79,56,15,15,70,22,98,34,23,50,89,21,42,64,64,8,22,33,11,19,87,74,42,8,73,52,99,10,49,5,88,68,77,37,0,93,6,15,5,75,80,59,12,34,76,89,27,65,42,76,68,86,43,75,73,27,93,37,33,47,4,93,34,8,52,19,73,63,0,36,53,46,86,56,60,37,83,91,92,45,11,90,0,11,12,93,50,79,15,99,62,12,12,46,11,91,82,87,17,78,30,46,83,61,39,83,74,12,5,9,89,17,33,98,87,54,16,9,20,77,43,43,83,81,31,57,60,13,84,26,76,52,99,58,56,87,50,15,32,38,36,24,58,39,36,66,47,64,95,77,37,23,87,30,31,16,38,74,61,40,86,44,23,71,73,79,45,90,56,83,77,92,28,19,3,25,53,46,1,45,70,56,23,10,66,90,29,39,20,33,90,65,85,56,40,18,99,8,37,28,13,71,16,8,29,89,11,12,14,49,24,43,41,32,92,36,39,45,82,19,23,28,15,65,58,38,84,42,45,48,74,92,44,9,10,32,17,34,13,57,89,18,78,43,14,18,48,90,62,29,24,46,45,37,4,2,73,65,50,68,33,56,87,92,53,57,19,41,94,4,81,45,98,71,3,0,71,80,28,55,32,67,36,3,34,48,71,29,31,7,67,28,27,45,94,63,6,1,97,65,83,36,20,89,60,91,74,34,20,74,10,11,84,34,69,91,17,47,22,86,43,60,29,53,35,16,33,55,73,20,64,95,13,35,96,52,92,57,83,16,95,91,13,29,3,32,9,58,82,46,64,28,30,83,85,64,99,75,10,2,50,48,54,17,98,56,82,26,48,41,72,99,91,29,19,67,45,68,52,31,46,47,34,98,26,96,88,21,0,47,0,94,55,47,99,38,85,87,40,32,40,39,15,91,72,14,75,86,66,1,3,51,83,91,9,54,16,95,23,83,40,42,54,62,37,63,77,94,67,40,47,75,69,54,20,10,10,6,31,14,68,14,91,71,35,13,49,86,76,9,55,18,59,18,95,49,21,25,52,79,44,82,96,91,10,76,15,6,65,25,26,69,37,8,60,35,8,57,75,49,37,25,36,93,73,79,19,85,51,23,43,78,20,11,75,27,93,92,45,7,91,9,22,47,90,60,95,26,44,93,95,67,9,28,41,16,47,79,56,63,66,31,15,49,89,76,93,25,65,81,81,80,58,12,30,70,89,27,55,67,50,71,87,43,42,53,64,92,90,72,58,67,36,69,14,88,45,19,88,96,25,73,97,95,70,33,66,21,39,5,49,6,1,2,52,52,41,91,80,74,41,30,34,36,78,9,27,77,81,70,90,76,93,8,14,71,74,46,99,6,53,66,82,57,39,64,68,94,85,5,76,3,64,49,75,78,93,38,64,63,40,15,29,19,26,35,41,12,92,14,86,45,18,64,14,4,1,5,81,67,70,7,23,96,5,97,68,94,47,15,62,48,91,53,46,13,22,91,50,83,80,74,12,9,80,10,99,13,42,60,16,95,12,26,56,7,99,97,50,58,5,62,40,53,36,85,64,8,41,97,57,94,92,4,87,70,45,30,54,30,84,85,11,36,21,93,11,62,6,90,76,13,14,12,62,22,81,94,0,89,50,54,97,67,51,7,0,88,32,58,54,48,84,61,78,9,60,3,70,93,21,2,60,92,30,19,34,36,23,16,54,31,87,69,24,89,97,35,60,33,40,55,38,68,48,20,22,35,51,88,74,18,59,37,8,65,42,30,35,2,43,53,61,97,82,10,51,47,99,32,4,35,40,43,98,69,88,75,24,98,7,58,55,76,69,97,11,72,70,4,7,66,7,29,24,54,59,2,25,97,48,53,12,82,38,80,85,27,89,69,23,58,73,51,42,42,17,31,87,9,39,1,49,63,57,50,65,65,19,28,86,72,26,41,45,79,16,33,44,22,34,4,62,69,20,33,92,47,83,88,22,53,59,30,10,3,85,35,4,6,20,2,87,11,77,10,20,28,45,88,7,15,67,85,75,95,94,2,2,80,1,84,38,28,51,1,82,5,75,9,56,18,57,74,74,15,34,30,11,25,39,85,46,93,24,16,71,11,97,9,14,68,23,86,44,61,55,1,24,28,4,47,74,94,3,27,21,24,29,34,0,17,81,77,98,16,24,61,82,4,45,68,91,26,71,66,37,87,43,21,22,92,44,58,96,36,64,30,18,86,68,18,1,32,55,63,39,90,38,17,35,4,77,7,73,69,90,4,23,57,83,62,28,86,54,10,33,87,30,13,18,77,8,72,14,15,21,30,30,69,71,85,67,96,47,70,96,66,96,36,32,50,42,38,16,58,69,91,80,39,56,89,24,42,98,27,78,8,55,78,69,41,22,39,61,16,62,36,84,78,95,97,9,80,60,72,14,2,59,80,87,25,25,10,29,20,96,93,8,76,62,78,7,56,73,56,25,5,95,94,59,88,27,39,73,34,21,57,86,80,93,76,64,60,44,61,66,76,59,98,27,0,60,18,59,25,17,56,31,49,26,15,76,0,21,90,76,89,42,59,24,78,25,27,88,12,5,68,43,24,6,53,85,56,55,61,94,68,82,32,20,6,52,42,82,65,72,82,62,64,61,62,72,39,95,72,10,83,24,74,60,59,19,58,41,84,50,63,72,65,99,75,83,97,65,26,46,37,6,26,97,96,46,60,94,38,36,93,76,76,99,53,38,21,24,3,51,42,40,66,59,81,6,67,13,3,39,73,64,22,50,46,68,9,84,80,10,98,19,24,50,18,86,57,84,63,26,82,1,6,99,56,32,0,4,61,0,1,7,24,39,75,0,61,13,29,36,14,38,67,4,99,51,72,79,86,44,97,78,68,0,70,41,51,54,79,35,11,66,44,1,67,35,43,31,10,9,47,2,79,69,16,75,44,89,1,12,49,5,50,27,83,2,31,10,84,70,31,44,59,29,58,6,89,29,98,84,37,64,14,32,17,71,33,1,48,27,28,42,24,74,74,56,88,69,45,55,36,67,33,25,2,54,61,79,3,23,62,82,87,29,55,50,95,2,34,96,79,44,32,61,70,81,22,19,12,45,38,54,53,76,0,71,17,79,24,74,97,68,55,75,33,27,51,90,17,4,59,20,2,14,6,11,59,4,35,12,0,98,69,28,81,22,33,60,8,44,52,21,83,75,52,4,98,40,65,1,95,63,89,92,52,17,77,72,27,66,58,35,77,2,7,64,91,60,79,40,70,59,85,28,95,82,83,95,58,80,42,55,79,39,35,23,3,71,49,40,43,40,53,52,25,8,72,88,84,57,45,26,99,70,68,40,48,27,34,25,7,90,71,57,86,4,50,50,81,77,67,63,41,77,47,41,70,87,54,49,51,9,14,15,78,68,81,98,17,7,6,14,91,87,96,49,59,31,32,49,78,22,6,20,79,31,98,13,66,73,95,66,20,38,92,31,88,3,42,98,7,21,0,96,13,48,33,66,15,6,15,56,79,38,44,62,41,9,89,51,85,43,50,49,25,80,79,15,30,51,88,30,90,98,81,72,71,80,41,33,40,87,85,5,94,92,44,96,81,65,25,85,51,20,39,6,46,34,57,84,93,12,21,25,37,13,1,5,63,61,73,12,28,5,26,13,3,30,17,80,5,1,25,37,31,8,13,81,42,17,37,32,55,61,94,38,1,36,37,29,71,74,69,91,52,3,21,73,95,72,57,57,7,65,90,7,2,29,96,91,20,51,18,55,69,43,17,97,62,22,83,11,53,52,78,16,80,60,47,19,77,3,17,54,11,72,16,62,53,75,99,63,19,27,35,32,87,74,17,40,82,62,93,41,23,29,33,48,62,81,96,36,24,46,8,99,9,54,89,7,18,67,44,90,72,93,48,40,81,88,28,33,58,44,5,53,71,39,64,37,77,41,49,73,95,4,46,86,44,63,29,84,63,26,97,63,40,55,84,52,21,31,63,76,65,65,10,86,65,51,78,8,34,31,92,70,63,75,12,42,37,94,52,86,48,32,96,84,52,31,8,93,60,0,11,47,21,73,43,92,85,68,51,99,26,48,66,92,78,56,18,28,58,67,80,94,98,38,54,49,81,43,19,3,3,88,3,43,81,5,63,46,35,96,84,46,19,29,50,16,13,5,89,23,34,71,8,61,88,14,53,49,46,78,1,57,21,30,80,84,37,13,48,28,72,73,59,66,86,21,85,84,99,17,49,53,58,18,77,51,48,11,46,73,94,31,19,22,61,2,48,75,77,26,71,90,63,38,18,61,7,64,82,98,97,88,22,54,22,26,52,47,70,74,41,45,27,76,54,39,94,90,82,59,2,70,57,62,22,10,20,13,48,34,23,88,55,66,32,11,86,33,58,79,89,6,96,44,18,35,79,67,38,26,16,85,78,19,0,67,43,23,27,83,20,52,66,2,69,68,23,72,30,69,57,92,77,35,47,51,59,18,23,16,5,78,90,77,82,61,15,41,65,75,94]"
ta80,2108,"[3,1,3,2,1,0,0,3,0,2,3,0,2,1,1,3,3,0,0,1,0,0,3,1,3,2,1,2,0,0,2,2,2,1,0,1,1,1,0,2,2,3,1,2,0,2,0,2,1,0,2,2,3,0,1,3,1,3,0,2,0,3,3,2,2,1,1,1,3,1,3,1,2,3,2,3,2,3,2,1,2,1,3,2,0,3,0,2,0,1,2,3,1,1,0,1,0,0,0,2]","[3,60,32,42,11,72,61,21,41,8,15,63,96,43,84,39,47,37,75,11,62,96,4,71,4,66,90,64,33,18,84,55,93,84,72,31,99,77,43,25,17,17,95,71,43,68,83,32,66,51,48,61,12,34,50,15,96,98,22,21,60,94,1,34,95,3,96,83,72,41,0,71,97,95,37,82,31,84,45,40,72,72,19,79,64,8,96,26,75,92,63,61,24,47,49,84,28,33,46,75,59,75,53,87,92,73,14,11,10,86,70,41,61,37,56,79,42,4,7,62,13,92,50,87,70,26,12,76,1,82,98,89,22,17,29,23,29,3,37,9,13,56,98,3,81,21,13,87,68,19,87,23,10,11,66,99,91,45,79,44,11,55,93,47,12,97,80,61,46,48,24,28,37,68,62,7,24,10,52,45,67,99,78,82,52,34,74,84,42,71,98,12,52,4,53,18,98,23,53,21,50,4,4,90,80,54,65,54,97,39,68,31,82,6,68,32,56,51,51,96,5,54,79,85,84,27,59,6,24,42,25,8,3,58,98,77,79,26,61,19,22,40,2,9,39,11,51,37,14,82,10,88,28,39,93,38,33,67,97,87,85,19,81,55,16,85,8,12,58,2,71,35,70,88,69,20,73,90,53,64,75,19,46,64,76,39,20,35,70,34,63,6,30,91,57,90,96,69,60,38,7,32,48,17,76,41,60,4,51,74,38,65,61,37,91,11,84,84,28,22,50,70,12,38,45,99,77,59,8,55,57,63,74,47,98,21,76,44,9,48,80,50,89,55,76,38,76,84,92,8,44,69,22,60,92,37,6,50,1,22,12,70,52,11,63,27,70,27,26,41,64,83,11,17,70,77,33,78,27,81,20,34,56,95,20,30,20,49,91,78,83,73,7,43,1,97,91,88,46,93,67,43,95,4,51,20,31,40,88,61,69,99,0,88,86,49,59,52,62,33,94,16,90,26,55,71,54,77,35,74,71,60,72,73,27,29,65,48,92,19,20,86,2,26,99,47,85,91,42,95,88,69,67,73,8,29,3,76,78,36,44,74,50,48,97,2,74,70,96,45,93,86,85,92,2,51,26,27,2,42,13,82,17,0,70,68,25,87,69,52,18,37,6,25,44,57,80,36,78,88,79,96,55,80,16,12,48,0,41,59,38,10,34,54,77,54,45,82,54,0,83,80,76,10,40,4,20,6,69,79,36,19,25,77,5,46,57,41,58,50,8,0,77,12,69,39,31,82,46,82,61,91,79,73,62,42,46,59,43,24,29,27,70,1,76,34,63,53,36,83,32,43,49,16,8,55,51,67,77,2,34,86,60,79,34,80,75,29,6,0,81,77,98,39,94,14,57,54,47,14,9,48,63,15,50,57,58,6,28,3,63,65,90,81,65,66,32,5,70,61,55,13,12,31,75,27,95,48,21,48,58,26,6,65,70,35,23,83,31,21,9,8,56,15,64,43,97,43,45,87,89,0,94,7,27,56,64,90,76,57,97,5,81,54,46,40,18,33,10,97,74,94,53,6,84,0,13,28,23,21,37,28,56,1,20,97,92,51,4,25,43,17,67,46,62,91,35,21,73,49,20,31,89,73,53,67,59,93,12,32,12,50,32,94,63,4,94,26,46,23,60,19,24,21,1,16,66,74,49,4,76,22,80,60,38,13,67,11,64,47,53,66,37,98,34,18,85,88,7,43,14,87,78,68,64,53,1,34,60,3,14,41,0,90,64,60,99,99,27,28,63,57,31,2,10,11,28,26,52,95,16,88,83,85,86,44,35,49,5,7,70,86,21,26,85,26,38,68,66,57,99,38,99,85,79,30,35,32,45,33,31,89,1,44,59,33,46,67,15,35,70,56,92,44,72,47,45,30,20,58,3,29,84,73,21,0,77,77,52,26,49,93,18,9,28,1,18,65,79,0,86,15,93,43,15,53,73,79,82,8,6,72,97,93,50,66,13,58,14,92,41,71,59,32,85,5,40,91,77,44,41,57,2,75,94,19,79,90,15,23,89,68,95,94,4,92,30,58,28,34,88,19,51,56,23,61,18,24,31,99,36,78,28,88,17,6,9,69,11,48,30,5,3,14,71,60,65,14,37,55,65,94,41,87,37,35,6,14,91,42,32,15,23,1,68,96,90,28,93,18,32,50,81,3,3,2,83,21,73,94,27,33,16,55,17,79,97,21,67,3,96,60,31,8,11,69,37,25,95,96,26,75,63,15,72,37,95,18,78,44,6,64,19,40,16,19,19,17,73,98,47,81,40,74,71,51,36,67,6,24,23,42,93,34,36,4,62,91,17,39,86,38,90,18,30,20,60,36,27,66,58,29,13,47,42,17,65,98,76,50,35,5,76,42,48,22,2,30,59,88,54,59,75,56,74,11,46,38,83,62,78,18,31,81,71,17,76,87,30,88,19,84,16,5,65,70,7,51,8,56,90,26,95,0,42,5,78,44,10,94,27,24,33,63,63,79,27,75,69,19,48,66,47,73,28,27,52,39,31,67,59,18,45,34,7,6,61,84,25,56,29,18,41,53,86,51,13,41,32,79,22,41,25,40,99,81,68,80,42,1,34,23,45,30,51,71,24,12,78,94,1,12,23,14,40,90,72,23,5,93,5,32,9,24,47,9,87,9,87,18,49,91,93,80,56,96,35,98,78,68,48,3,56,33,11,21,9,3,39,49,33,8,29,15,10,44,55,44,56,39,37,12,22,86,62,81,7,9,46,24,46,54,85,16,73,19,72,38,97,94,52,60,90,92,78,75,68,66,42,89,28,8,26,88,58,53,21,45,74,45,40,20,34,91,28,48,59,92,1,20,26,90,72,28,69,98,63,13,82,88,89,96,82,58,85,81,85,57,75,64,2,33,85,39,61,87,6,10,40,94,47,87,14,15,4,62,47,4,35,5,80,95,90,31,75,6,25,24,25,15,33,38,90,44,86,78,99,10,11,32,98,40,92,89,23,89,9,79,21,83,72,62,22,50,35,93,68,85,69,16,67,92,86,0,40,53,5,44,91,10,0,78,4,78,47,44,49,14,54,78,83,49,66,9,22,1,3,97,16,59,16,86,52,39,7,89,38,22,23,48,53,20,67,55,37,51,46,15,81,61,57,60,30,10,1,24,80,32,61,77,81,29,19,73,80,44,46,68,55,55,97,33,72,96,92,83,49,43,10,61,32,38,11,79,27,35,15,52,65,51,66,75,67,96,64,29,31,65,54,77,23,29,65,17,16,13,78,67,33,74,10,46,72,99,31,57,75,77,67,51,45,36,12,74,60,7,45,80,36,4,9,25,76,71,87,42,28,59,95,22,2,20,98,81,58,16,47,62,96,30,30,41,68,12,27,22,91,89,53,17,53,14,3,35,77,64,91,83,36,65,68,74,17,24,24,48,39,18,99,24,82,72,33,23,91,33,40,7,0,89,3,71,55,64,83,87,80,61,41,44,13,69,73,39,29,20,90,30,95,35,46,29,81,42,91,48,10,15,37,97,83,39,40,93,35,34,69,43,70,15,2,16,28,83,14,50,18,7,85,22,2,0,74,0,13,89,69,80,1,87,7,37,4,43,31,9,92,41,41,50,19,80,58,62,41,75,86,76,71,20,94,16,25,52,62,52,77,66,63,98,54,8,25,77,89,86,40,19,86,5,65,52,11,63,76,45,49,73,47,8,5,74,13,27,29,97,29,25,17,11,0,62,70,64,24,94,63,48,43,36,55,73,67,21,8,85,82,7,67,51,87,82,44,52,57,23,66,58,72,73,21,4,45,30,98,99,15,97,38,88,24,57,17,47,59,74,84,75,26,42,59,26,94,86,34,18,39,56,62,53,56,3,15,66,64,98,74,48,7,89,53,62,80,1,50,7,6,95,11,96,88,49,52,9,60,52,42,49,60,17,40,51,36,60,13,32,54,94,7,34,45,10,2,33,13,55,64,96,25,61,0,82,58,91,92,68,88,96,78,72,76,30,73,42,2,35,30,95,16,23,40,99,69,36,2,38,51,79,9,46,62,71,22,20,61,95,85,79,31,69,85,43,65,36,16,22,43,15,25,81,54,52,85,88,86,53,87,16,93,10,5,13,70,23,63,61,82,80,12,95,30,13,49,41,83,47,25,46,84,89,33,99,99,53,49,56,65,47,36,50,81,55,49,22,31,93,98,69,56,14,57,52,66,38,27,94,62,29,57,39,57,10,37,54,6,58,17,58,92,20,67,14,88,69,25,54,9,76,58,56,5,65,8,2,38,50,83,89,89,82,59,66,71,29,75,78,91,71,80,95,30,84,14,1,30,1,2,66,81,75,43,14,71,93,36,84,84,59,42,24,68,19,34,90,38,18,64,57,68,93,64,77,21,45,82,22,82,89,54,93,43,50,5,29,63,12,70,62,86,59,74,36,98,39,35,8,84,90,35,5,7,36,27,72,72,32,13,39,74,97,44,65,55,54,49,57,40,81,58,63,28,58,76,83,9,66,71,25,14,36,99,26,92,97,87,3,32,12,45,18]"
