instance,makespan,FA,OS
ta01,963,"[0,1,2,1,2,1,2,0,0,0,2,0,0,0,2]","[6,1,14,3,6,13,14,11,10,10,10,9,2,11,12,3,5,4,12,7,4,10,1,2,3,2,7,0,7,14,1,8,1,13,0,6,11,4,11,8,8,12,9,14,11,1,6,8,12,4,8,2,12,1,8,12,12,9,13,4,4,9,13,0,9,5,3,7,6,9,14,6,0,14,3,11,7,6,10,5,3,8,7,13,5,9,9,11,3,13,10,2,8,4,13,0,0,9,2,10,14,12,11,8,6,12,7,4,5,2,5,1,13,7,11,8,2,14,6,5,5,4,12,13,14,1,5,2,0,11,10,0,1,0,14,10,2,11,3,4,8,5,6,1,12,7,1,11,2,7,10,14,1,2,11,2,0,3,3,14,9,0,10,3,0,7,13,11,7,12,4,1,12,13,8,10,9,9,6,2,6,0,8,14,9,6,4,0,6,6,13,1,3,9,8,5,3,10,13,8,10,13,7,14,0,12,12,5,3,7,4,5,4,2,3,11,14,1,4,5,10,7,13,5,9]"
ta02,961,"[0,0,1,0,1,2,2,0,2,2,2,0,0,1,1]","[9,3,11,2,10,2,7,3,2,7,14,10,8,11,6,2,3,10,9,1,8,11,11,5,4,11,7,0,6,5,2,6,12,14,12,6,9,9,0,0,0,13,0,11,1,5,7,2,10,0,6,3,1,9,5,3,2,14,10,3,7,10,13,11,1,4,11,5,7,7,0,12,10,1,13,6,9,14,8,6,2,10,12,3,4,6,5,12,12,3,12,8,8,13,14,14,2,12,12,13,6,8,7,2,8,8,13,14,5,13,13,4,1,9,1,6,13,9,8,9,9,7,4,4,4,7,12,4,6,2,13,11,4,2,3,1,1,0,10,4,11,5,0,6,5,3,5,11,11,4,1,8,0,12,13,13,5,3,9,6,3,5,4,13,1,7,14,0,8,7,0,10,0,2,10,0,12,6,6,9,7,4,14,14,2,12,8,14,7,9,8,14,13,7,12,5,11,4,10,4,11,3,14,9,14,12,1,2,14,5,3,11,8,1,10,13,8,0,3,10,1,10,9,1,5]"
ta03,963,"[0,2,2,0,1,1,0,0,0,1,0,2,0,2,1]","[10,13,6,10,0,8,0,5,10,12,14,2,13,5,14,12,7,14,14,13,5,10,5,3,4,8,2,7,0,2,13,11,9,4,4,4,2,12,10,1,13,3,13,7,2,6,14,14,1,13,5,9,13,5,6,0,7,11,7,11,9,10,8,4,7,6,2,1,9,2,11,8,2,6,14,7,12,5,13,3,2,6,11,4,2,8,10,11,9,14,7,6,8,9,12,12,0,9,13,12,0,12,5,4,9,13,6,11,11,14,7,6,7,3,6,6,7,10,1,13,9,3,8,0,10,5,3,14,2,3,5,14,0,6,0,7,5,1,0,14,1,0,8,13,1,12,5,2,9,12,5,8,2,9,5,11,14,8,0,9,1,1,2,8,11,11,1,3,12,3,14,10,12,9,7,4,12,4,12,8,2,7,3,1,9,11,3,10,10,12,8,6,10,5,10,4,3,0,13,4,1,8,3,6,1,11,3,11,1,0,7,11,9,4,13,4,3,1,8,14,4,10,6,4,0]"
ta04,950,"[2,1,2,0,2,1,1,1,2,2,0,0,2,2,2]","[13,1,4,4,3,5,14,5,7,13,0,6,1,14,7,12,13,5,9,9,14,9,8,11,8,6,10,0,2,3,4,11,14,8,6,4,12,11,8,13,11,14,0,11,0,1,9,1,12,7,10,14,3,7,10,4,2,6,8,11,7,11,1,0,9,1,12,8,2,4,14,1,8,0,11,10,9,0,0,7,12,2,14,0,2,12,4,9,10,13,8,1,6,13,12,5,12,10,1,3,2,13,2,7,3,9,13,9,11,11,3,0,14,3,2,13,0,3,6,3,9,6,13,1,8,7,0,7,8,6,4,6,13,14,6,12,2,7,10,12,5,1,3,7,7,8,8,7,6,5,10,0,11,2,8,9,5,9,10,14,9,10,14,8,10,3,4,3,6,2,1,9,5,4,3,0,13,5,12,11,10,14,6,11,11,12,5,2,14,1,4,5,13,12,10,4,5,14,6,2,13,9,13,5,3,10,3,10,5,2,11,8,2,7,4,7,1,12,6,1,12,4,4,5,0]"
ta05,940,"[2,0,0,0,1,1,1,0,0,0,1,2,2,1,2]","[4,5,0,5,14,3,6,10,11,6,2,0,14,5,5,10,8,7,10,3,12,11,13,2,6,6,12,0,10,7,8,14,8,13,8,1,7,2,7,7,14,13,1,11,8,9,14,10,6,10,9,12,13,1,12,5,3,0,4,11,6,8,8,11,5,10,2,12,13,5,3,2,1,6,6,12,13,4,12,6,3,1,5,3,12,14,9,4,8,5,6,7,10,1,12,3,9,12,9,14,2,1,1,1,4,0,12,7,12,11,10,5,3,4,7,9,0,11,7,10,0,13,5,12,6,13,3,13,3,9,14,9,11,1,9,4,7,4,1,0,3,2,14,2,11,8,4,1,1,3,2,13,0,2,13,0,6,4,12,3,6,1,14,7,13,14,8,13,11,13,0,3,9,10,9,10,6,2,7,2,8,6,8,13,5,4,5,11,3,4,10,14,9,11,5,0,12,9,11,8,4,10,8,11,0,10,9,4,14,2,7,2,4,5,14,0,11,7,8,14,1,2,0,7,9]"
ta06,942,"[0,0,2,1,0,2,2,0,2,1,1,1,1,1,0]","[13,5,7,7,8,1,12,11,0,10,3,8,13,14,3,13,14,8,10,12,6,8,11,11,5,3,0,4,9,2,4,10,2,2,13,14,10,12,12,4,3,10,0,7,6,4,9,2,10,11,13,5,2,1,10,6,4,7,0,5,14,4,11,9,2,2,10,12,11,1,12,12,11,7,14,5,3,13,7,1,0,7,7,7,3,6,12,14,14,1,13,1,8,6,1,13,4,2,8,8,14,8,12,10,3,6,7,13,4,8,0,0,9,4,11,7,3,9,6,4,1,14,12,2,5,8,8,14,9,10,1,1,12,3,12,5,9,11,13,0,12,4,7,6,13,11,0,10,3,4,11,5,0,13,10,13,13,14,2,5,0,9,9,1,9,7,2,6,10,9,3,9,3,0,10,14,5,10,9,4,11,3,6,6,5,5,2,14,8,8,9,5,7,11,13,5,6,1,4,11,11,6,0,0,2,8,7,1,4,12,1,6,3,8,0,2,12,9,14,2,1,3,14,5,6]"
ta07,956,"[1,0,1,0,2,1,2,2,0,0,0,2,1,2,1]","[1,2,3,7,4,2,4,7,5,11,6,4,6,13,14,0,3,4,12,0,11,5,8,9,8,12,9,11,10,10,6,14,8,7,3,0,9,3,0,3,14,4,10,2,13,14,8,11,13,0,14,8,12,14,7,6,12,9,6,9,12,11,2,8,7,10,7,2,14,9,6,13,7,5,4,13,12,12,5,11,7,4,11,10,7,4,7,6,2,4,2,2,0,3,10,4,0,3,13,1,6,3,0,10,11,7,12,6,9,1,2,8,10,0,2,0,5,8,6,7,11,4,9,1,8,9,8,14,13,11,7,10,12,1,3,9,8,5,10,5,9,11,1,1,14,13,1,10,12,5,12,1,1,13,0,7,10,1,0,6,6,14,3,2,14,13,13,2,9,9,0,14,3,14,11,12,12,3,6,5,0,4,8,13,9,9,5,1,14,6,4,7,5,11,12,5,6,11,10,10,13,5,8,14,5,2,2,8,12,5,1,4,8,0,3,10,13,2,3,11,13,4,3,1,1]"
ta08,963,"[2,1,1,2,0,0,2,0,1,0,1,0,1,2,2]","[11,3,8,0,7,7,0,14,11,0,13,9,0,12,5,1,9,0,9,1,5,5,9,12,14,7,1,2,13,3,5,13,11,5,7,3,14,5,6,2,0,4,7,11,2,1,12,10,3,0,9,10,10,8,1,14,8,10,3,0,4,2,11,12,2,13,6,2,3,12,1,12,8,7,4,8,9,11,4,6,13,14,4,3,5,6,0,6,14,6,14,10,14,4,5,3,1,1,9,4,2,8,13,4,2,11,13,3,10,11,7,9,0,7,14,4,11,9,5,10,13,11,12,5,7,9,9,7,5,14,6,5,13,0,8,7,13,7,13,3,7,1,13,6,1,10,4,6,6,8,3,12,9,0,6,11,2,0,1,7,8,14,8,14,13,8,0,4,9,2,0,5,11,6,12,13,8,5,12,2,4,3,3,8,6,7,11,4,12,1,10,2,9,14,12,10,2,9,11,10,1,3,1,11,13,8,4,2,1,4,10,5,6,6,12,8,14,14,3,10,12,12,2,10,10]"
ta09,993,"[1,1,2,1,1,2,2,2,2,0,0,0,1,2,1]","[6,11,4,12,12,12,1,5,7,10,4,1,5,8,3,10,3,12,7,2,0,9,7,3,7,3,2,13,5,13,3,9,2,0,10,4,6,3,6,2,8,3,14,9,4,13,2,2,6,14,12,9,11,6,10,11,6,5,12,12,0,7,9,2,3,1,1,7,6,3,10,1,3,5,1,0,10,5,8,12,2,0,10,6,0,14,0,13,10,12,0,11,8,4,1,5,14,10,10,5,13,14,1,8,9,3,3,4,8,8,5,0,4,13,1,1,13,6,7,9,4,1,11,6,7,0,4,8,0,13,6,11,13,11,10,3,14,14,4,7,1,0,0,12,11,9,7,9,14,8,10,12,1,13,3,13,13,8,13,9,5,11,10,4,13,1,8,10,12,2,6,11,12,8,14,2,7,10,4,4,4,14,2,14,2,8,9,1,9,14,8,11,2,6,14,4,5,2,3,11,5,6,9,8,13,0,5,5,14,11,7,12,7,11,7,5,9,9,0,7,2,14,11,12,6]"
ta10,944,"[0,2,1,0,2,2,1,0,1,1,0,2,0,2,1]","[6,14,4,9,14,6,13,4,1,10,11,13,2,6,2,5,11,1,11,8,12,1,1,7,7,8,5,3,0,2,2,2,14,6,13,10,14,9,4,11,9,7,3,0,0,7,4,6,11,1,7,11,7,0,10,12,13,5,12,2,13,9,13,0,5,0,13,4,12,14,7,0,3,8,2,9,2,7,4,12,10,6,12,8,4,4,14,13,1,9,13,14,10,3,10,11,13,14,6,1,8,8,9,3,6,11,1,11,2,9,11,4,2,3,3,3,10,8,12,2,1,10,11,3,2,7,11,6,10,1,8,6,10,9,1,1,5,3,11,0,10,14,7,6,6,10,8,8,10,8,5,14,13,12,5,4,0,7,0,4,3,9,6,6,0,12,5,2,10,5,6,9,13,14,8,8,9,7,3,8,12,3,14,1,2,12,4,3,0,8,11,5,14,9,9,13,0,13,14,2,5,13,5,1,5,0,12,4,7,1,5,5,12,3,11,12,10,4,0,4,7,7,12,14,9]"
ta11,980,"[0,2,1,2,1,1,0,0,0,2,2,1,1,1,2,2,0,1,0,2]","[3,18,1,15,4,1,15,10,2,12,4,4,13,7,17,0,8,19,5,9,15,11,0,3,8,11,19,10,13,13,14,18,16,19,14,4,17,8,7,1,11,9,10,2,4,16,8,6,11,18,5,19,6,1,13,3,10,1,18,14,9,17,13,15,0,8,0,8,7,18,3,10,8,15,13,1,11,3,14,1,9,14,5,10,12,5,15,13,6,19,9,18,14,18,7,6,0,10,6,10,6,19,6,12,2,0,4,1,10,12,18,12,9,5,10,18,19,16,8,5,17,19,13,9,6,16,10,2,8,3,9,0,4,9,1,2,19,2,7,9,0,18,9,18,4,2,15,11,12,11,6,16,17,14,19,16,3,16,13,19,11,3,7,15,11,4,2,12,17,5,1,11,15,0,14,7,7,7,13,12,11,3,8,2,4,4,17,19,18,17,12,2,5,4,10,16,3,13,17,17,14,17,13,14,1,11,3,0,5,15,7,7,17,16,10,0,9,5,4,6,0,15,7,10,16,9,7,14,16,11,8,1,6,3,11,10,12,17,19,17,3,6,8,7,5,8,6,12,13,13,14,1,0,5,16,2,17,2,2,19,12,5,6,8,14,0,16,3,15,2,2,12,3,18,12,6,4,4,1,9,5,1,13,15,0,14,16,11,7,15,5,15,12,19,14,18,8,18,9,16]"
ta12,1046,"[2,2,2,1,0,0,2,0,1,0,0,2,2,1,2,1,1,0,1,1]","[13,16,8,17,4,5,2,15,1,15,11,8,16,15,4,15,16,9,14,2,1,8,0,19,17,4,10,18,9,1,13,9,5,19,2,18,16,7,13,3,3,11,17,6,11,1,1,1,5,19,10,1,12,14,2,19,16,18,7,11,12,15,10,3,2,7,8,14,18,8,0,5,16,7,3,18,5,6,17,7,0,18,0,19,8,9,12,5,5,10,19,8,12,9,13,8,17,9,13,18,15,16,18,15,18,9,11,11,2,17,8,5,12,13,4,3,1,15,17,19,14,19,9,19,18,4,16,2,0,0,1,3,15,0,6,2,4,4,15,15,18,5,17,10,10,11,19,2,6,12,10,7,3,3,5,13,16,3,0,13,12,8,4,12,6,11,6,16,9,2,2,10,19,17,13,7,14,12,7,0,5,4,10,5,12,9,2,15,3,6,8,16,0,14,16,6,4,10,0,7,14,9,2,3,15,14,17,1,19,11,12,7,10,3,9,13,1,16,13,15,12,16,17,17,6,0,11,14,1,7,19,10,6,8,7,5,0,18,4,18,11,14,11,6,6,14,8,3,11,13,5,11,4,18,13,19,14,1,16,9,2,0,7,14,6,14,1,13,3,4,14,19,10,12,4,4,2,17,13,17,3,0,1,8,10,18,6,11,9,7,7,12,8,10,17,15,5,6,9,12]"
ta13,990,"[1,1,2,1,0,0,1,2,1,1,2,2,0,2,1,1,0,0,2,0]","[4,10,13,12,17,4,13,3,16,3,4,0,18,13,9,10,2,16,12,17,16,15,10,6,11,19,6,0,8,11,2,2,10,2,18,3,14,12,4,5,5,16,13,15,8,5,7,14,12,19,16,5,6,7,12,8,14,19,8,19,11,9,9,15,8,7,12,17,15,6,6,1,8,15,7,10,17,9,10,16,18,14,11,17,17,1,2,5,19,11,1,0,9,0,2,13,2,10,12,8,0,11,15,0,3,12,18,18,19,5,14,7,2,6,7,14,7,1,3,18,16,14,15,3,3,6,2,1,5,7,13,17,4,17,10,19,5,14,9,13,10,8,10,15,3,17,19,12,6,14,1,16,18,1,18,3,11,9,14,9,4,5,15,1,6,10,6,5,12,1,13,15,8,5,14,16,19,13,10,0,19,6,5,15,7,5,13,17,2,0,7,8,4,5,7,4,11,4,9,0,9,7,12,2,13,8,17,11,1,3,9,0,17,17,18,18,18,0,7,11,3,9,11,14,11,2,4,3,17,18,9,11,13,12,1,18,4,12,7,14,16,2,8,13,15,9,15,15,3,19,6,4,16,6,3,6,14,1,16,4,7,16,0,10,10,4,10,1,19,19,5,11,18,8,4,8,0,19,13,17,1,14,0,2,15,6,11,9,3,16,18,0,19,12,16,12,8,1,2,13]"
ta14,990,"[1,2,0,0,2,1,0,0,2,1,0,0,1,2,2,1,2,1,0,0]","[10,7,12,16,4,4,17,19,19,7,5,17,17,19,0,9,10,14,11,17,4,7,15,17,18,17,10,18,8,5,8,18,2,5,9,2,16,1,10,19,16,19,11,18,9,18,0,2,7,13,6,2,3,13,14,11,12,6,2,9,12,16,5,17,13,16,15,18,10,6,18,14,19,11,8,11,15,0,15,9,1,0,10,0,9,2,3,5,14,0,6,5,14,12,11,19,4,0,12,4,6,18,14,3,12,15,11,18,16,6,7,16,9,8,17,7,1,15,8,3,11,8,19,10,1,9,8,17,18,9,2,2,8,6,12,3,9,11,19,2,0,6,3,1,12,6,3,18,3,2,1,14,6,11,0,13,13,5,0,4,14,6,16,16,13,17,15,4,7,2,6,18,5,14,17,8,5,9,15,7,10,9,4,7,16,17,3,3,13,4,1,0,19,11,5,14,8,12,10,12,14,17,4,8,13,4,4,1,5,10,15,10,15,7,5,16,17,13,0,7,13,12,13,6,18,1,11,18,4,16,3,9,7,0,6,15,0,12,8,8,13,3,15,5,17,19,2,12,14,14,0,11,10,10,1,5,6,3,4,2,2,7,13,12,3,16,8,10,4,14,10,12,1,16,19,13,1,16,1,3,11,1,19,15,15,2,7,7,18,14,19,9,1,5,15,11,13,9,19,8]"
ta15,977,"[2,0,1,0,1,1,0,1,2,0,0,1,2,0,2,2,2,1,1,0]","[16,10,6,1,19,1,4,15,6,9,18,14,11,10,6,17,1,1,0,0,1,4,19,9,1,8,13,9,16,8,15,15,9,16,19,2,18,1,3,6,6,7,1,2,5,7,9,18,14,2,4,17,15,14,7,7,15,14,7,2,10,13,11,8,7,8,13,5,7,17,14,12,17,0,6,3,0,1,10,18,14,16,11,3,13,19,7,0,11,17,4,13,14,9,11,1,18,3,13,8,10,13,16,12,1,2,16,4,3,15,4,9,14,5,5,12,8,8,12,18,16,15,2,11,16,4,9,19,0,19,16,9,12,14,13,0,7,3,12,10,16,8,6,18,0,7,10,6,18,12,5,2,12,2,19,15,12,17,6,4,11,0,19,18,13,5,2,11,16,13,1,8,18,17,17,3,11,5,9,5,10,5,6,8,8,19,10,2,2,6,14,2,9,15,12,19,6,3,14,18,14,6,6,1,18,0,5,13,4,4,11,10,3,17,12,17,19,19,16,11,5,3,16,18,18,3,15,7,13,12,17,11,13,7,5,8,10,0,4,9,10,11,4,4,0,7,8,17,15,5,16,14,0,16,19,15,8,15,7,9,15,5,12,15,18,0,11,9,0,12,7,19,17,1,2,1,19,17,10,4,9,12,14,10,5,6,3,13,4,13,3,14,3,17,10,3,11,8,2,2]"
ta16,1039,"[2,2,1,1,0,0,0,0,2,0,2,0,1,1,2,2,0,1,1,2]","[13,17,16,17,8,0,12,16,15,11,6,10,9,3,12,2,6,12,3,14,2,19,15,14,11,10,8,18,3,18,1,19,14,9,6,5,5,15,4,10,6,19,14,11,11,0,16,10,18,9,5,4,9,10,11,13,16,3,4,19,18,9,6,12,13,11,1,8,16,18,3,6,17,10,2,16,2,18,13,0,6,17,17,15,7,11,0,18,4,16,7,1,1,10,8,10,12,12,19,2,5,10,5,15,17,0,7,6,3,9,5,7,14,13,17,8,7,15,8,15,15,14,1,3,7,19,4,11,10,2,11,13,18,12,13,12,8,4,1,14,11,0,4,0,16,1,0,15,2,15,14,19,18,19,13,12,12,5,18,6,5,6,11,4,16,19,14,10,17,9,4,9,18,5,8,7,0,6,2,2,4,10,16,18,13,0,0,11,3,16,8,17,15,5,1,19,9,1,14,9,7,4,2,9,17,8,14,2,1,13,4,11,7,8,7,19,3,16,16,18,13,4,1,1,16,7,3,1,17,12,2,14,17,17,4,5,8,13,0,7,0,3,7,12,5,8,10,12,15,3,18,16,3,8,1,3,12,9,1,17,6,7,9,6,2,4,11,13,15,10,0,3,5,6,17,14,9,15,12,13,14,7,19,6,15,19,18,8,13,5,2,9,10,2,19,5,11,14,0,19]"
ta17,1021,"[2,0,0,2,1,2,0,1,1,0,1,1,0,2,2,2,2,0,2,1]","[19,13,5,14,14,19,12,0,4,9,7,16,3,0,17,2,7,5,14,5,9,5,11,4,1,11,15,13,10,10,0,11,15,13,4,18,15,3,14,12,18,6,5,8,1,4,3,18,4,8,17,15,7,4,7,19,19,17,12,3,5,10,0,14,13,18,1,4,8,19,2,18,18,13,6,6,14,14,7,8,8,1,14,13,14,17,9,17,18,4,1,0,16,5,9,1,18,0,5,9,12,2,15,14,10,1,8,1,0,11,7,3,10,11,8,6,16,3,6,10,10,8,9,0,13,17,15,0,6,1,17,15,15,13,7,7,10,1,2,12,4,0,18,10,3,15,19,13,16,14,8,19,2,2,14,12,11,13,3,3,3,11,11,14,2,6,10,11,12,11,12,16,6,4,6,17,8,12,4,3,19,15,5,2,19,9,4,9,4,16,7,18,9,4,11,9,10,18,12,19,13,5,19,2,3,16,2,1,15,19,9,2,7,12,6,6,7,6,1,17,4,0,11,17,17,16,13,13,2,7,10,0,16,7,8,16,15,10,15,0,0,18,8,12,9,10,14,3,16,15,19,5,16,1,8,14,6,8,0,19,2,9,7,16,12,13,16,16,17,9,10,2,5,5,2,5,17,19,8,1,11,13,11,7,11,5,6,3,17,17,18,3,6,15,18,9,12,1,12,18]"
ta18,1002,"[2,2,1,1,0,1,0,2,2,2,1,0,0,0,1,2,0,2,1,0]","[9,3,14,1,11,19,18,17,14,13,16,0,3,15,19,13,5,13,12,1,8,6,4,3,10,12,1,7,8,15,7,18,2,10,15,3,5,19,2,2,0,6,15,14,10,10,12,19,11,5,11,16,19,11,0,16,18,12,12,15,18,5,3,2,16,9,2,0,10,7,19,18,0,0,8,17,19,1,7,17,11,1,11,10,13,18,9,4,16,15,16,10,12,18,18,8,9,1,18,2,0,0,0,4,3,0,19,8,5,14,4,17,4,14,13,11,9,1,14,1,10,7,16,5,1,14,9,3,6,1,6,6,8,4,11,4,6,17,10,15,17,12,5,9,7,2,7,11,12,1,19,11,12,7,12,10,16,3,14,12,16,12,8,6,17,13,10,19,5,4,18,17,15,17,6,7,11,12,16,4,12,5,9,5,11,14,3,6,2,3,0,15,8,17,2,13,16,7,15,9,13,8,13,10,17,14,2,3,10,3,6,15,4,8,5,11,5,13,1,17,4,4,15,2,14,14,14,6,1,8,15,16,2,13,14,7,2,8,3,4,10,19,19,6,16,9,7,6,13,2,2,7,10,18,9,19,4,16,8,15,1,17,13,7,9,0,3,13,17,15,3,19,11,7,12,18,8,18,18,9,5,9,1,5,6,14,0,16,18,4,8,5,17,6,11,9,13,19,0,0]"
ta19,982,"[2,1,0,0,2,0,2,2,2,2,0,1,1,1,0,0,1,0,2,1]","[8,0,8,19,2,11,12,9,2,19,11,18,6,9,17,8,14,1,10,12,15,18,19,11,17,13,5,14,10,14,10,4,6,5,8,9,14,17,1,8,5,13,15,0,7,1,15,0,16,15,4,11,1,0,0,1,4,10,6,3,17,3,3,19,5,19,18,3,9,0,5,19,12,9,7,16,8,16,18,15,12,18,14,5,11,0,5,2,13,2,11,10,6,7,13,16,14,3,2,3,16,14,9,10,2,14,16,18,15,2,2,16,4,19,17,9,13,4,10,13,6,4,12,7,17,8,10,16,4,0,15,11,3,12,15,18,0,11,4,13,13,19,15,1,12,1,19,15,17,6,5,19,3,6,4,13,16,14,1,15,2,9,12,13,7,16,17,14,14,4,17,0,7,7,15,9,4,11,3,3,16,11,13,12,14,11,1,6,1,9,10,5,3,9,18,4,12,14,6,18,8,17,8,6,0,19,16,8,16,2,8,11,8,2,2,0,5,1,19,17,7,5,5,6,10,9,7,2,1,6,18,1,6,12,10,10,12,19,19,8,17,16,13,3,6,17,15,7,11,0,12,7,5,13,18,4,13,3,7,17,12,7,5,9,10,9,3,7,1,18,19,0,6,8,14,15,9,18,18,15,8,11,5,2,0,7,4,1,11,3,10,14,17,16,13,18,4,2,10,12]"
ta20,1010,"[2,1,1,0,0,1,2,2,2,1,2,0,1,0,0,0,2,0,1,2]","[2,1,15,5,18,13,5,14,3,5,2,15,9,2,11,4,12,13,12,13,16,4,8,19,7,12,18,10,17,1,6,2,15,11,9,0,9,12,16,10,6,10,3,9,1,1,10,18,19,3,4,19,5,10,10,16,3,18,16,3,12,16,1,17,5,11,12,0,1,9,13,8,18,14,7,8,16,0,4,14,5,15,19,9,3,17,0,13,17,12,16,18,11,8,13,3,12,7,9,12,12,6,9,14,0,19,14,4,6,13,4,14,15,17,12,14,11,18,1,11,11,2,9,7,5,14,10,11,14,1,17,15,2,19,2,3,11,19,3,13,13,3,15,18,8,16,6,10,8,5,2,0,6,8,19,1,15,11,1,7,19,9,16,2,3,2,0,10,14,6,19,17,4,5,14,2,5,11,15,18,16,8,4,0,3,12,0,14,4,15,8,10,19,13,17,7,18,18,13,15,16,11,19,0,1,17,6,10,17,2,13,4,13,15,6,15,11,5,7,6,18,4,17,7,16,4,19,0,2,6,6,3,11,0,8,5,7,16,8,12,15,19,9,18,0,1,12,19,17,5,8,8,10,14,13,3,1,5,10,5,7,9,14,7,2,17,18,9,10,0,6,8,3,6,7,1,4,17,14,1,10,4,2,17,13,9,16,0,7,7,9,12,16,18,7,6,4,11,15,8]"
ta21,1338,"[1,1,2,2,2,1,2,0,0,0,2,0,2,0,2,2,0,1,0,1]","[16,13,7,1,12,11,2,17,9,8,11,4,12,2,7,7,11,0,13,18,15,4,14,11,0,13,8,8,8,14,17,7,1,19,17,3,19,8,17,5,10,18,14,4,2,15,11,3,0,0,15,15,14,12,10,8,9,14,8,13,3,6,8,1,8,1,7,9,10,3,12,19,13,17,17,4,9,2,13,16,9,8,16,6,18,14,19,7,12,9,3,19,14,8,17,4,8,16,13,4,18,13,1,7,3,0,11,4,13,12,0,10,3,16,6,16,6,5,14,4,15,10,2,1,2,10,13,0,19,18,7,7,5,10,17,16,16,18,17,6,12,12,18,7,10,14,19,5,1,19,13,6,4,5,13,16,1,2,18,14,9,12,5,16,15,7,17,10,0,18,9,0,3,2,14,0,12,11,6,5,5,3,17,17,19,9,5,17,9,16,17,2,5,3,9,6,7,5,12,4,2,6,0,18,0,16,6,0,7,14,7,19,5,1,3,3,2,0,0,12,13,9,11,7,16,19,6,15,15,1,14,6,1,4,19,11,4,17,3,15,4,15,15,13,12,3,15,10,1,0,18,14,19,13,10,4,5,6,11,16,14,10,12,2,2,19,19,12,6,7,13,15,10,18,15,0,4,11,18,8,11,5,15,9,8,2,1,3,10,5,2,2,5,14,18,2,19,4,12,3,18,1,15,9,8,10,10,11,12,6,9,11,2,14,16,18,1,5,6,7,2,19,11,13,15,0,17,4,1,11,13,4,2,16,13,9,16,8,3,9,12,17,1,17,17,1,3,7,14,10,18,18,11,14,7,4,15,10,5,8,10,3,6,1,0,5,6,10,4,5,13,12,1,16,11,8,8,0,19,18,18,17,9,6,8,19,3,9,16,19,6,11,14,16,11,7,9,15,15,12]"
ta22,1264,"[1,1,2,2,1,1,1,0,1,2,2,1,0,0,0,0,0,0,2,2]","[8,18,9,9,15,11,6,17,1,12,13,6,16,11,7,2,1,2,13,8,1,4,4,6,6,7,16,2,15,3,12,15,7,6,5,3,11,15,6,5,9,5,15,6,14,1,8,6,5,2,2,15,6,11,10,19,15,1,0,15,7,0,1,7,1,0,4,16,3,12,15,3,19,17,18,2,9,19,4,2,15,11,13,15,18,9,10,9,3,13,0,5,11,10,3,10,14,14,12,15,18,6,2,7,16,10,19,7,9,15,4,7,19,5,14,0,4,18,5,10,19,18,12,11,7,17,9,5,13,0,19,16,16,16,18,8,5,14,8,17,17,13,3,19,2,2,16,11,0,4,12,16,8,13,7,8,19,8,11,3,15,9,0,4,18,4,16,1,18,7,8,3,14,10,2,5,1,1,10,12,0,18,3,10,10,17,13,0,3,2,17,12,1,16,0,13,7,3,18,4,10,12,14,13,14,19,2,13,9,19,17,17,4,8,10,11,14,5,19,19,6,16,16,13,10,10,17,16,8,19,12,8,2,17,8,1,14,13,12,3,8,14,15,12,9,12,11,13,4,17,16,0,14,11,0,9,5,9,7,6,9,15,0,18,14,14,12,4,0,0,19,16,14,4,15,19,1,10,11,5,16,13,11,2,19,15,18,4,16,3,10,5,9,3,6,5,13,9,18,14,15,14,6,17,15,18,6,12,6,12,18,17,5,8,14,11,11,18,12,8,11,3,3,2,3,6,7,12,16,8,9,1,5,3,9,0,2,17,1,5,9,6,0,10,1,8,10,1,14,9,1,19,4,7,17,13,6,7,12,18,7,14,8,13,13,7,2,10,17,4,4,17,18,4,1,2,18,16,8,19,6,0,19,17,17,11,11,5,1,0,7,7,4,10,3,12,11,5,13,2]"
ta23,1264,"[2,2,1,0,1,0,1,0,1,2,1,1,2,2,0,0,2,1,0,1]","[15,4,6,4,13,5,17,3,11,10,6,2,6,7,18,10,3,14,4,10,11,2,5,3,17,11,5,2,12,4,5,3,5,13,10,3,17,13,17,19,7,16,18,17,5,18,1,16,19,4,0,2,7,11,5,19,8,10,19,11,9,1,3,9,14,18,14,18,11,6,1,17,2,14,14,18,14,6,12,3,13,6,10,16,17,16,14,8,0,7,2,8,8,3,15,3,0,13,13,19,14,1,7,9,17,11,11,12,13,12,13,9,13,0,17,5,17,17,19,2,6,8,14,7,0,4,7,19,15,9,9,9,5,10,12,4,7,6,8,9,10,4,18,10,16,12,3,7,11,15,15,15,3,9,11,1,16,16,7,7,16,12,18,4,13,8,10,19,4,1,13,10,4,14,0,19,15,12,16,19,14,2,12,16,15,0,2,0,7,8,0,3,11,14,18,12,11,16,16,13,18,8,17,16,9,8,18,12,7,13,12,17,15,5,8,2,11,10,6,19,11,2,0,2,8,6,10,11,4,14,7,4,6,0,5,8,2,14,18,15,18,2,5,19,15,4,3,6,10,6,3,14,6,3,7,11,5,0,4,1,17,0,1,12,7,8,2,10,0,10,4,15,14,16,10,8,11,19,15,9,15,3,7,9,13,14,16,10,14,5,18,1,19,13,9,12,3,17,6,4,1,13,5,1,17,19,4,12,0,5,17,19,19,2,11,16,19,16,12,12,8,13,1,6,6,4,17,5,8,12,10,6,1,2,0,18,9,9,12,1,5,0,0,13,8,5,18,13,10,8,2,1,17,9,7,18,9,1,1,19,13,17,0,15,1,11,2,1,18,6,15,12,7,3,15,9,15,16,4,19,6,16,7,14,16,2,18,9,0,1,5,14,9,15,3,18,11,8,15,3]"
ta24,1237,"[0,0,1,1,1,2,0,0,2,0,0,2,2,1,1,2,1,2,0,0]","[4,4,13,5,15,7,17,6,14,7,12,18,12,9,0,2,2,12,16,11,16,5,1,19,11,2,5,14,8,12,17,16,3,14,6,2,18,16,11,4,19,0,10,5,19,7,10,7,16,0,18,15,1,2,10,6,14,8,7,5,2,3,2,4,6,13,1,15,11,19,5,0,12,17,13,7,15,1,3,8,15,9,6,1,15,18,3,6,9,0,4,10,4,8,8,18,0,2,11,1,18,6,13,17,4,14,16,7,6,12,19,11,8,14,7,10,11,3,2,17,16,2,11,12,6,7,1,17,9,9,5,17,11,11,5,0,18,7,15,8,17,19,8,17,0,14,18,2,16,14,2,13,4,1,17,18,11,14,9,3,16,4,0,6,12,14,7,10,1,14,17,8,12,14,4,18,1,10,11,3,16,15,9,13,3,5,19,4,5,3,15,4,11,9,17,19,13,0,5,8,9,4,9,8,16,4,7,14,13,7,15,9,1,3,5,0,17,1,15,13,2,6,12,16,13,0,8,9,2,12,0,2,12,14,6,13,10,18,10,19,3,13,16,18,17,10,6,2,3,5,19,19,15,2,7,14,16,1,4,12,18,12,19,8,9,10,1,10,8,15,10,10,3,10,19,13,3,19,17,14,9,10,19,12,3,15,5,11,18,17,11,7,4,14,19,8,8,17,11,11,10,7,1,2,15,14,11,10,8,18,3,4,9,18,3,3,11,0,16,7,13,18,12,15,13,15,0,9,17,1,6,9,0,3,15,19,17,12,4,13,5,18,18,9,9,6,1,17,16,5,5,13,1,5,15,12,2,2,1,16,13,5,13,3,16,9,4,18,8,16,1,15,6,0,8,5,19,11,19,7,0,7,16,12,10,19,4,6,14,6,14,6,10,8,6,0,7,13,0,12]"
ta25,1279,"[0,1,1,1,2,2,2,0,0,1,0,2,2,0,0,1,0,2,2,2]","[8,17,5,19,10,16,7,15,13,18,5,17,18,18,9,15,5,9,15,11,5,10,1,17,5,15,2,10,5,1,17,11,0,9,3,7,7,9,0,17,19,9,8,17,18,10,4,1,18,7,8,16,17,15,3,19,16,2,10,0,13,7,5,0,8,3,8,8,8,6,10,7,1,11,4,0,13,10,14,19,11,6,2,3,4,17,4,1,1,1,3,11,6,13,16,11,5,16,11,6,7,2,14,2,8,9,14,14,5,4,12,11,12,9,12,15,18,4,12,0,18,7,5,13,4,2,9,3,1,6,13,12,12,17,2,16,8,14,5,9,14,10,4,18,7,16,3,0,15,9,0,18,2,19,5,4,8,2,1,17,2,15,15,4,5,18,19,0,16,0,15,13,4,16,1,1,14,1,19,7,13,14,12,19,4,19,0,0,9,14,11,9,13,15,12,16,17,6,7,10,1,2,17,16,5,16,13,13,9,8,3,15,13,0,10,15,0,10,0,6,18,6,12,3,5,3,3,6,18,1,18,19,16,14,5,10,1,8,12,16,1,5,14,12,13,11,2,15,16,14,6,9,10,17,4,18,14,13,2,3,7,3,11,11,19,16,0,6,8,4,11,10,18,10,8,17,10,12,6,17,16,9,10,11,19,18,1,8,14,8,4,15,8,7,9,7,14,19,8,6,12,7,7,13,17,17,15,3,9,12,2,6,18,2,15,17,13,5,4,1,2,10,8,9,19,0,18,2,11,5,3,12,2,11,15,16,15,6,12,4,16,4,6,3,13,0,7,16,3,13,19,11,5,6,17,12,3,1,14,14,7,17,10,19,11,10,19,6,15,19,4,7,2,19,12,19,18,14,6,0,3,12,14,1,8,13,11,14,4,9,7,11,2,3,13,9,12,0,18,6]"
ta26,1268,"[2,1,1,1,0,1,0,1,2,1,2,0,2,1,2,2,0,0,0,1]","[6,16,3,14,12,4,0,19,11,16,14,18,9,16,11,5,6,2,3,10,10,15,3,14,19,11,11,2,8,12,18,5,7,11,16,19,10,12,3,19,8,14,14,17,6,5,16,3,16,12,13,12,13,0,4,1,19,15,17,19,4,9,5,9,9,7,16,11,6,4,3,7,14,5,6,15,4,3,17,15,13,7,14,15,11,12,6,4,6,16,16,1,10,0,18,8,8,5,15,18,18,11,15,19,8,17,12,0,19,1,12,10,16,2,17,15,7,4,9,5,10,13,19,4,2,10,2,12,5,15,4,18,9,19,5,10,10,6,5,11,2,7,15,2,17,5,15,17,7,9,4,1,15,8,14,16,17,1,17,8,17,11,15,7,17,4,13,8,1,1,8,7,3,1,4,7,17,2,1,0,0,12,5,4,18,14,5,0,18,0,3,2,17,19,13,0,0,16,13,8,6,12,16,19,0,12,17,11,2,10,18,13,0,2,18,3,16,9,1,8,7,0,7,13,4,16,15,11,3,2,18,13,13,15,9,0,11,17,2,12,3,12,9,7,6,19,8,6,4,10,9,15,12,14,19,14,13,9,11,6,3,1,14,17,11,13,2,12,12,14,18,9,15,18,10,3,14,5,11,10,18,1,14,4,14,6,2,17,19,13,6,4,11,16,8,9,0,4,8,5,9,14,10,10,0,3,18,6,8,3,7,9,8,9,19,13,1,10,1,15,11,11,3,7,14,17,12,4,1,9,8,19,13,9,13,16,7,19,0,5,6,6,19,5,18,8,18,15,12,2,2,16,2,7,2,11,10,6,16,0,7,3,18,10,0,17,0,7,1,13,19,1,5,3,1,14,6,1,1,15,9,7,18,5,6,17,13,10,8,14,2,5,4,16,12,18,10,13,3,8]"
ta27,1362,"[0,2,1,2,0,2,2,0,1,1,0,1,2,0,0,0,2,2,1,1]","[13,0,4,7,13,0,6,5,13,4,16,17,12,16,16,17,16,5,7,14,2,6,4,0,11,7,15,12,0,12,19,13,2,7,5,14,12,15,11,14,0,3,12,0,9,10,19,12,15,5,10,7,6,4,4,1,15,1,16,9,10,8,6,19,1,15,13,8,17,7,2,6,9,4,3,4,2,9,0,2,11,2,18,5,15,10,14,8,1,17,9,2,9,17,0,10,10,4,16,4,15,17,16,6,11,14,7,0,16,0,2,18,8,6,18,3,4,16,14,10,9,18,5,11,18,12,1,6,13,12,14,13,15,5,9,9,8,13,11,15,11,2,18,17,15,7,0,2,13,10,5,1,12,1,19,2,10,19,18,18,14,18,14,1,10,16,18,14,18,12,11,15,10,5,0,7,5,17,12,1,4,7,3,0,6,15,3,13,5,12,4,19,6,8,1,6,6,3,19,17,13,18,7,12,10,2,8,13,5,14,14,19,12,16,1,11,1,13,14,12,10,14,19,8,7,3,0,18,8,16,6,2,1,3,17,16,3,5,19,17,11,8,3,4,11,15,19,11,4,17,9,8,5,19,12,8,4,0,0,18,15,1,10,0,8,12,7,15,3,2,10,13,18,15,11,13,19,7,4,9,3,17,9,3,9,4,11,19,5,17,19,18,13,10,0,1,3,11,8,5,3,7,6,7,19,15,18,16,12,6,3,9,17,15,5,19,6,1,7,3,16,6,17,17,4,2,3,14,2,6,2,14,15,7,0,16,5,14,8,11,19,16,9,10,10,19,11,11,16,19,8,9,9,12,13,11,16,8,3,14,5,13,4,8,6,9,0,12,7,10,1,16,1,1,3,1,18,10,17,13,4,18,17,13,2,8,14,2,9,7,11,18,9,14,2,8,5,15,6,17]"
ta28,1311,"[1,1,1,0,2,2,0,2,2,0,2,2,0,1,0,0,1,1,0,2]","[8,4,9,19,7,0,18,5,13,5,3,12,2,11,7,0,12,13,10,2,12,14,9,17,5,12,13,5,7,11,15,18,4,5,4,8,14,2,10,9,4,3,8,19,2,1,19,14,19,9,11,14,2,9,5,11,10,8,9,8,2,18,17,16,9,2,0,18,18,4,3,17,1,6,5,3,3,13,19,8,16,19,12,8,18,17,13,19,11,2,3,17,17,11,1,1,16,7,8,6,13,9,3,13,12,3,5,7,7,2,6,10,15,0,10,19,1,6,9,14,8,14,16,8,15,6,4,7,12,7,7,13,18,1,4,18,14,14,0,1,1,9,6,14,11,2,7,6,19,19,18,17,17,7,8,5,16,16,16,10,1,7,13,15,14,7,3,5,4,14,10,12,6,17,3,1,9,0,11,10,0,8,4,12,2,12,18,17,15,13,0,13,13,16,4,17,4,6,18,11,15,11,12,1,13,8,2,8,11,16,7,13,7,0,18,17,10,13,0,14,11,15,16,15,3,3,12,16,9,19,5,15,11,0,16,12,5,15,18,0,12,14,0,5,6,13,14,12,10,6,8,9,0,7,0,12,1,18,14,10,3,19,3,10,5,2,18,1,17,3,8,4,16,19,9,8,6,8,9,12,14,18,16,6,2,4,3,9,3,9,17,5,9,15,7,10,13,8,18,10,1,6,1,0,0,14,5,17,5,19,4,11,0,18,15,6,0,10,4,11,16,2,19,15,3,16,12,5,2,1,14,2,6,16,15,18,2,5,11,4,19,6,3,6,14,5,1,15,10,17,4,14,17,1,12,15,10,9,13,10,1,3,8,2,1,4,17,16,19,17,4,13,11,7,16,11,18,6,15,11,10,16,2,4,19,11,15,0,15,10,6,12,17,7,7,19,9,19,15,13]"
ta29,1292,"[0,2,2,1,2,2,2,1,0,0,0,1,1,1,0,0,1,2,1,0]","[14,1,5,2,12,2,18,17,9,1,7,18,1,9,3,7,11,18,19,2,11,16,6,2,2,9,15,11,17,0,19,10,6,5,12,12,5,2,1,9,10,17,8,11,10,1,15,3,0,4,0,1,10,5,9,11,16,7,17,5,6,13,2,7,15,16,11,6,9,1,15,16,0,17,12,5,18,11,5,16,0,3,0,11,8,0,4,3,16,10,6,4,4,10,8,15,18,11,7,11,6,19,16,15,6,8,12,10,14,11,7,19,17,7,4,17,3,4,3,12,9,3,2,0,4,12,19,13,4,8,17,9,14,6,18,7,10,0,9,16,17,19,9,1,4,1,6,14,4,7,19,2,15,12,1,2,0,18,9,18,5,19,7,14,11,15,5,2,5,19,0,12,14,17,5,12,2,3,5,10,17,9,19,18,6,11,5,13,13,1,17,17,7,11,4,8,16,14,7,16,10,18,14,15,18,8,12,8,10,5,18,9,7,19,1,16,13,2,17,2,8,19,10,9,18,8,9,19,19,15,3,13,15,15,14,8,13,13,8,1,16,12,0,13,16,18,9,14,14,3,19,11,3,13,16,6,2,15,5,12,8,16,11,11,9,6,9,17,0,7,14,10,16,0,6,18,6,3,0,10,10,4,6,18,18,13,18,17,5,0,17,2,15,16,8,0,19,3,4,2,19,3,14,1,17,4,1,4,4,3,16,7,15,1,7,13,8,6,10,4,14,4,4,1,10,8,13,7,14,2,0,7,5,1,8,13,7,15,3,2,1,13,6,14,6,13,8,5,12,10,13,13,11,0,19,13,3,13,6,9,8,2,11,14,7,9,15,16,5,14,4,11,12,19,12,12,14,17,18,16,15,6,12,19,10,8,3,12,18,14,12,5,15,10,3,1,0,17,3,15]"
ta30,1290,"[2,1,2,0,2,0,2,0,1,2,1,0,0,2,0,2,1,2,1,0]","[6,17,11,0,11,9,17,11,6,16,9,7,8,10,17,10,8,18,6,1,13,2,13,12,15,16,3,12,7,17,9,7,17,4,16,8,14,11,9,3,5,6,13,4,7,19,11,3,0,0,12,2,18,9,1,7,17,11,15,3,14,6,15,5,10,9,2,6,8,7,4,0,18,17,11,14,15,3,19,17,1,18,15,16,8,16,5,1,3,9,5,9,19,6,7,0,0,13,10,9,11,13,5,16,4,10,14,11,8,14,14,15,5,12,18,15,12,16,18,14,17,3,0,2,13,5,10,17,3,17,13,4,16,8,18,18,7,10,3,12,9,3,18,5,13,15,11,18,12,2,0,13,2,12,6,2,1,1,19,8,16,3,19,11,1,2,5,19,16,8,0,0,15,17,13,16,9,19,2,6,9,1,14,2,2,19,2,0,5,17,6,13,2,1,0,7,7,13,3,4,9,1,7,19,6,9,0,17,12,10,16,0,8,13,14,17,2,14,19,8,14,15,5,13,17,18,15,15,14,8,10,0,5,15,1,9,15,12,18,0,10,4,16,2,3,5,9,6,7,14,14,3,15,18,16,13,4,8,16,4,13,9,7,11,16,9,4,12,19,12,5,1,5,2,18,4,2,15,19,3,8,12,0,15,19,0,16,7,5,18,16,19,11,8,1,5,14,5,4,15,1,18,1,4,4,1,10,19,18,19,1,19,14,16,8,3,2,19,4,10,11,10,3,4,12,13,6,6,7,14,6,5,10,11,17,18,8,12,4,17,0,19,10,14,13,15,2,7,3,6,9,17,10,16,8,1,12,6,10,9,6,5,12,10,3,8,14,11,2,3,7,11,11,4,10,17,1,18,19,18,12,4,0,7,7,12,1,8,6,15,11,4,10,12,7,11,13,14,13,6]"
ta31,1182,"[1,2,0,0,2,0,1,2,0,1,2,2,0,2,1,2,1,1,1,0,0,2,1,0,1,0,2,2,2,1]","[28,29,26,10,6,29,17,23,7,28,7,28,25,20,17,27,29,0,6,10,26,4,20,3,28,8,7,8,21,24,3,24,23,22,24,2,15,25,24,21,17,17,20,12,21,22,28,20,13,6,16,5,0,12,9,22,2,11,11,22,18,18,4,21,14,9,11,29,27,28,23,24,4,28,26,6,10,19,9,8,23,14,13,24,13,12,3,3,14,26,13,18,7,17,8,11,12,16,2,18,20,12,3,25,28,1,3,10,14,18,16,9,9,3,21,4,22,13,1,1,11,19,22,27,29,24,2,7,29,10,22,5,13,26,5,5,26,19,14,8,18,10,0,22,21,2,24,6,21,15,27,29,25,0,21,27,6,17,26,19,0,25,23,25,28,15,1,0,17,13,14,22,0,12,26,0,5,17,19,12,15,13,1,23,18,1,24,7,4,19,11,12,26,16,19,16,18,2,4,20,29,29,12,26,16,9,16,29,5,5,10,1,1,28,13,7,8,24,1,27,16,9,10,20,19,14,21,11,18,15,18,3,18,3,12,21,6,20,11,4,17,7,6,28,18,25,7,20,23,8,1,14,24,5,12,26,11,13,19,22,25,19,13,4,3,15,16,19,20,2,21,28,18,21,9,27,14,8,22,9,28,10,14,17,9,5,2,19,25,27,17,25,12,25,16,11,24,16,0,6,4,14,15,3,10,0,6,5,12,20,7,26,16,25,6,5,22,9,19,2,11,12,5,9,22,27,9,15,23,8,15,26,18,10,1,26,4,16,29,27,23,20,24,23,7,22,22,3,15,4,24,8,0,26,29,14,2,13,6,13,29,14,8,5,15,14,6,23,14,11,16,8,16,15,10,28,3,10,17,2,27,5,4,0,2,11,15,21,25,7,17,28,0,29,7,2,13,21,27,11,6,23,3,5,20,23,23,1,3,4,6,1,8,25,19,17,15,12,7,20,1,15,20,1,18,29,0,9,27,9,27,0,8,21,25,2,8,4,23,27,19,2,10,7,13,10,11,24,17,4]"
ta32,1207,"[2,0,2,1,1,2,0,0,1,2,1,1,0,1,2,1,1,0,0,0,2,2,0,2,2,2,0,0,1,2]","[3,5,0,9,12,16,25,15,29,27,3,4,27,29,1,11,3,6,28,14,21,12,11,11,14,15,12,16,19,21,19,21,4,26,24,24,22,24,9,28,12,21,19,17,12,28,22,22,22,25,13,0,1,10,5,26,26,29,29,4,14,25,20,3,29,0,26,12,8,6,9,7,27,20,8,2,4,13,25,29,16,27,2,26,10,26,15,24,16,11,5,2,26,18,27,5,28,5,18,9,18,3,23,19,15,7,12,17,8,7,13,28,14,14,20,25,23,10,5,24,27,22,16,0,1,1,24,9,0,11,21,20,7,5,4,13,7,0,9,8,2,7,29,2,12,22,1,0,22,0,23,14,6,25,3,13,27,3,0,7,11,13,11,28,23,4,19,24,5,12,28,18,6,22,29,9,20,6,7,17,12,2,2,28,6,6,13,29,17,17,3,14,24,16,9,16,24,1,28,9,29,15,23,11,0,23,25,18,27,11,7,8,20,22,18,9,18,14,16,28,14,19,18,28,9,8,5,26,21,26,19,3,25,2,8,24,23,27,13,21,16,14,17,14,23,24,26,20,25,17,28,4,8,21,15,11,19,23,26,10,25,27,7,6,4,18,18,2,17,6,4,22,24,18,16,3,16,11,1,6,20,29,10,2,15,10,13,19,29,29,1,5,20,18,28,21,27,1,1,13,16,3,10,2,19,22,1,22,15,28,23,20,7,15,17,16,9,2,20,10,6,13,8,2,18,6,18,22,7,25,27,21,17,21,0,10,13,21,20,26,27,23,0,14,19,6,12,22,27,17,15,2,14,7,9,10,19,17,29,11,4,1,4,15,10,5,14,17,16,15,10,7,25,10,24,23,8,1,15,19,24,3,27,25,10,8,16,21,25,23,4,9,12,12,11,15,0,20,19,29,12,7,21,13,5,22,26,5,17,13,10,21,8,8,19,4,4,3,4,1,11,3,0,14,13,8,12,8,3,23,11,28,20,26,18,17,9,6,24,5,6,5,26,20,2,1,0,25,15,23]"
ta33,1190,"[1,2,1,1,0,0,1,2,0,2,0,0,1,1,1,2,1,2,2,1,0,0,2,0,0,2,2,2,0,1]","[27,0,20,27,3,24,8,1,22,3,8,21,15,19,8,21,5,29,7,7,26,24,5,24,1,6,19,25,6,23,21,7,29,23,19,24,15,27,24,26,19,6,0,9,3,0,13,0,9,23,27,20,26,27,23,18,0,26,20,11,22,5,1,3,2,15,8,13,15,21,11,19,29,16,22,10,1,16,20,21,28,2,6,15,1,6,26,6,2,26,3,29,29,23,18,10,9,18,27,12,11,11,15,29,23,13,17,29,13,1,23,2,27,4,19,10,27,14,27,27,2,17,4,16,12,26,22,14,6,17,16,23,8,9,28,14,1,29,8,9,18,21,12,27,28,19,7,28,16,13,25,19,5,4,22,26,25,10,2,19,4,18,2,29,29,7,18,7,20,11,12,28,24,9,14,14,27,22,13,21,11,0,22,13,4,16,12,24,20,27,10,19,3,23,19,13,8,1,16,17,28,7,1,12,1,13,28,6,21,0,11,21,25,15,14,20,8,29,24,14,16,25,0,22,9,4,28,15,22,21,4,5,20,28,7,5,14,25,28,29,16,10,26,1,22,8,1,10,21,18,10,2,0,0,14,28,7,3,8,20,5,29,22,28,14,8,9,1,27,24,17,26,2,16,29,9,10,22,14,17,3,3,23,25,2,0,13,13,23,10,24,0,23,18,6,22,7,5,3,28,23,22,25,14,28,10,5,6,26,24,14,7,17,24,26,5,16,11,3,20,12,15,11,10,26,20,12,9,15,2,15,17,7,11,21,6,4,8,1,9,17,23,12,17,2,0,5,23,18,20,25,7,27,11,8,17,12,25,26,21,11,4,2,7,25,4,16,9,19,4,20,20,12,3,0,6,18,26,6,5,24,18,13,25,28,21,2,17,4,8,19,2,3,3,9,13,13,11,6,6,17,25,21,19,16,10,5,7,16,9,14,4,13,25,12,11,5,18,17,12,3,10,15,15,14,16,25,8,12,20,19,18,5,1,18,12,15,9,24,4,15,24,22,11,17,0,4,18,29,10]"
ta34,1184,"[0,2,0,1,0,0,2,2,2,1,1,0,1,2,1,1,0,1,0,1,2,1,2,2,2,0,2,0,1,0]","[25,14,15,7,16,12,22,19,17,17,3,11,15,27,8,4,21,3,6,28,0,0,5,13,1,10,9,12,24,0,10,20,18,23,27,14,20,28,22,12,29,28,15,16,25,4,15,29,8,4,28,7,29,27,1,8,11,15,18,6,27,4,21,24,16,8,26,26,13,15,5,17,16,5,11,27,6,25,29,22,21,12,20,13,19,3,25,22,28,19,6,7,18,26,18,17,23,14,22,21,11,19,19,8,1,24,27,7,7,10,29,16,22,1,15,10,8,17,6,29,18,2,2,6,15,6,12,21,14,12,17,23,2,19,26,17,13,13,15,3,25,3,5,20,22,28,2,29,1,20,0,14,11,2,9,19,7,27,3,23,24,16,20,12,6,27,12,10,27,23,7,5,28,22,23,13,16,0,1,18,0,7,21,4,25,9,14,12,13,5,19,29,1,14,10,11,29,15,24,16,6,20,18,16,26,8,9,1,5,5,5,20,17,22,9,11,24,29,19,21,21,4,14,25,11,25,16,26,15,17,20,26,15,23,26,9,8,23,25,4,17,28,27,8,7,17,25,21,19,4,12,26,15,24,26,21,17,5,1,16,10,2,11,14,19,4,7,3,2,21,16,7,5,27,26,29,28,0,6,13,29,9,18,2,16,20,23,23,6,10,28,9,28,9,10,17,27,5,2,11,9,2,2,20,10,19,4,18,21,13,14,26,22,20,13,8,19,0,25,3,1,28,9,3,28,19,18,10,15,22,1,11,24,23,14,9,21,11,4,27,3,29,6,18,18,4,20,2,26,24,25,17,12,24,1,7,21,4,5,16,22,9,10,27,14,23,8,1,0,23,0,13,1,24,14,0,11,26,12,3,11,25,13,18,18,13,28,4,13,9,15,6,10,29,6,25,29,5,6,0,19,8,3,24,22,17,8,22,12,20,9,0,4,28,1,11,16,27,22,21,8,25,14,23,3,10,12,24,10,7,0,5,7,3,23,3,2,2,24,14,2,7,8,18,24,12,13,0,20,26]"
ta35,1186,"[0,2,1,2,1,1,1,2,1,0,1,2,2,0,0,2,2,0,2,0,1,1,0,2,2,2,0,1,1,0]","[8,28,3,14,14,20,4,26,9,15,12,16,18,24,13,10,12,8,16,13,28,17,21,19,11,3,12,21,8,14,15,14,9,22,17,25,11,16,23,7,20,11,11,3,26,20,25,5,14,24,4,18,5,9,23,29,5,12,20,22,10,19,24,29,19,24,18,23,2,28,6,1,15,24,24,6,1,17,2,7,19,20,27,10,28,28,16,29,14,29,21,18,17,19,2,2,12,13,27,21,20,21,3,7,6,17,22,22,29,21,28,23,17,26,21,25,25,6,21,7,13,28,15,19,10,22,15,3,23,5,5,15,22,1,8,13,24,12,14,18,5,13,11,16,22,0,23,23,8,0,16,20,25,22,25,8,17,26,11,9,20,0,6,5,2,3,6,25,23,21,16,20,29,17,10,26,14,12,2,17,25,22,0,8,4,29,10,22,26,2,16,15,19,9,10,27,1,10,1,4,11,7,10,15,0,2,7,26,27,4,12,0,23,15,20,15,9,12,6,23,9,24,19,22,4,2,26,27,3,13,12,3,15,15,18,26,3,17,29,21,21,21,21,1,9,9,28,5,18,5,9,29,1,5,10,11,13,28,5,23,29,14,5,0,4,17,29,1,9,24,6,5,21,28,11,10,14,6,1,2,22,7,8,0,12,7,3,26,19,4,10,2,22,1,6,8,28,27,13,0,27,13,6,16,14,4,27,23,9,26,8,18,3,2,25,1,27,3,23,13,13,7,1,25,11,2,19,0,20,10,26,2,10,20,16,26,27,18,8,24,6,13,9,9,17,13,24,0,4,29,1,6,16,8,18,12,24,2,7,3,4,16,24,20,0,0,25,8,29,13,4,28,11,8,11,0,19,19,18,17,25,23,20,28,14,27,4,18,16,25,22,14,15,6,27,25,4,1,26,10,4,16,8,25,27,5,19,22,12,0,7,14,12,18,7,24,15,21,1,5,23,28,9,18,11,26,14,7,20,19,28,11,17,19,15,12,11,3,17,7,27,24,18,16,29,7,3,29,6,27]"
ta36,1216,"[1,1,0,2,0,2,2,2,0,0,2,1,2,1,2,1,2,1,2,0,2,0,1,1,0,0,1,0,1,0]","[7,18,0,25,0,14,6,23,4,2,13,26,20,3,29,6,17,5,28,4,8,11,21,26,19,15,13,13,18,19,25,12,9,23,25,6,4,17,27,0,18,9,15,24,23,18,10,10,15,0,22,5,24,19,12,27,20,12,27,25,27,25,0,19,8,17,23,22,4,10,1,20,7,19,2,15,12,9,29,20,29,18,16,6,6,25,0,16,21,28,5,22,14,12,8,25,21,22,28,26,7,23,4,15,18,5,11,3,28,19,12,5,3,19,14,0,23,20,18,16,24,17,1,16,19,26,15,17,0,27,2,7,16,24,9,20,0,12,11,21,1,8,8,27,2,26,1,1,6,26,18,6,28,22,2,9,11,7,7,27,15,7,4,27,21,17,13,15,1,10,14,3,24,19,1,22,12,20,2,16,15,29,5,6,5,2,7,14,8,17,22,17,19,16,2,29,6,11,2,14,26,9,20,10,12,8,9,28,20,28,28,25,17,16,22,13,12,29,11,22,29,29,9,13,27,2,2,16,13,22,0,6,24,26,18,28,14,28,6,21,3,23,5,5,3,2,17,0,7,8,26,4,21,29,1,10,17,23,17,20,3,3,8,2,21,10,24,10,1,5,12,21,11,29,9,22,17,13,3,27,3,9,7,26,2,18,22,25,25,11,4,21,10,4,15,26,29,10,22,29,16,13,18,26,19,11,26,23,6,23,7,16,14,6,9,21,3,20,7,12,15,13,16,12,19,1,10,22,7,4,24,0,4,1,11,20,18,13,13,8,24,23,23,27,29,23,25,8,17,8,5,11,27,0,15,20,27,25,4,5,24,9,26,4,21,4,24,21,14,22,25,28,5,11,19,27,0,1,13,18,11,28,8,8,16,10,9,23,12,12,10,18,14,11,7,10,8,19,1,28,9,3,25,3,7,16,21,14,20,24,18,16,24,11,4,24,1,14,26,10,13,17,1,28,13,6,6,15,29,9,14,15,28,24,14,2,25,5,0,15,5,20,14,19,3,29,27,3,21,23]"
ta37,1224,"[2,1,2,2,2,0,0,0,1,1,2,2,2,0,1,0,1,0,0,1,2,2,0,0,0,1,0,2,1,1]","[10,26,26,3,25,18,15,16,24,9,5,8,17,22,10,5,26,16,15,25,5,12,11,12,20,28,18,27,15,9,22,9,0,4,1,11,26,22,17,14,0,10,6,2,20,17,6,7,28,23,26,28,26,24,29,14,1,23,26,19,4,26,9,11,22,24,20,25,1,15,12,17,3,12,21,24,19,25,5,21,14,28,3,22,12,0,12,1,2,10,0,18,13,6,7,1,9,5,1,27,8,17,2,10,29,21,0,18,13,27,28,0,6,24,5,7,10,21,6,4,4,12,29,22,2,14,0,20,13,19,27,15,7,0,11,8,18,16,25,2,28,7,15,18,5,28,17,25,0,17,14,1,22,3,18,18,6,12,12,7,17,19,7,21,27,27,12,4,28,28,25,28,4,23,18,27,18,13,21,3,15,19,3,19,3,8,20,21,29,20,23,25,4,16,8,20,3,24,25,6,27,16,26,23,24,27,9,25,18,8,15,14,28,2,24,4,14,19,16,2,8,11,19,11,10,4,11,7,19,20,7,12,8,6,26,9,24,13,27,20,5,9,27,9,23,7,22,0,2,20,21,16,26,6,1,29,22,6,10,18,1,25,10,13,3,24,13,20,6,5,4,29,5,21,3,15,11,16,17,13,23,23,27,9,21,10,18,8,7,11,11,17,28,13,23,27,17,4,29,3,11,5,28,3,26,0,18,9,6,22,15,28,25,24,14,29,14,19,9,1,20,16,16,29,2,25,2,3,20,8,29,3,15,2,13,29,20,13,29,10,27,5,3,23,8,0,6,16,0,8,9,16,22,8,13,16,15,2,12,2,23,12,27,2,8,21,11,14,10,5,22,10,11,1,13,7,19,10,29,0,16,22,14,10,21,17,18,21,14,4,4,1,9,4,23,11,14,20,23,14,8,1,9,15,24,14,19,29,5,23,7,25,16,24,1,1,5,23,17,7,26,15,13,6,22,24,28,21,29,12,15,19,19,2,17,11,21,12,25,17,26,24,26,6,0,19,4,22,13,7]"
ta38,1155,"[1,0,1,0,2,2,2,2,2,0,2,1,0,0,1,0,2,1,1,2,0,2,0,0,2,2,0,2,1,1]","[13,11,27,1,8,1,22,3,9,23,17,14,7,8,8,7,21,10,29,4,15,28,28,24,13,15,0,23,5,23,25,26,26,17,7,13,19,24,14,13,28,3,2,15,24,9,18,11,5,16,16,4,1,1,15,14,4,5,3,20,29,27,12,25,10,22,2,20,23,22,21,11,11,19,26,17,12,25,3,12,8,13,28,28,18,4,25,27,14,0,4,9,26,19,17,21,21,11,3,20,29,27,26,8,6,5,4,4,15,2,4,24,5,15,19,3,11,11,10,6,17,24,18,19,14,26,0,0,20,1,19,2,8,12,9,20,27,6,5,29,25,10,10,4,7,7,14,29,2,2,15,5,10,14,22,6,18,7,26,11,9,26,9,9,28,22,4,10,29,19,25,18,21,2,12,22,14,15,12,6,23,27,12,29,4,29,15,15,22,0,7,3,22,0,6,16,27,24,25,13,28,28,13,18,27,1,25,13,1,2,5,16,8,5,15,25,10,1,23,18,17,5,0,13,8,21,20,3,6,24,23,12,21,18,24,11,23,2,24,12,19,8,20,9,6,1,11,25,12,8,16,4,14,14,11,28,1,23,12,28,12,6,1,5,20,16,29,27,7,2,24,26,13,16,9,15,21,13,7,16,7,17,5,23,27,24,21,28,3,2,26,9,13,28,0,10,9,9,20,0,3,23,18,26,14,3,26,22,21,27,2,19,16,10,22,16,16,11,17,14,10,9,8,12,14,29,22,15,21,0,6,6,7,16,23,11,0,22,29,19,1,20,22,3,2,24,6,9,18,11,29,24,25,17,27,5,20,17,1,21,25,16,24,27,7,28,17,18,27,20,18,23,10,17,20,17,25,5,19,14,0,8,6,19,17,7,1,25,17,10,21,24,26,0,15,8,7,18,13,22,3,10,3,29,15,3,5,8,6,23,4,9,21,13,18,28,28,27,10,11,25,2,2,13,14,8,16,16,29,22,0,12,12,20,7,1,23,19,6,19,0,19,26,26,29,18,4,21,20,4]"
ta39,1144,"[1,1,2,2,1,2,1,0,0,0,2,0,1,2,0,0,0,1,0,1,0,2,2,0,2,1,2,2,1,1]","[5,17,8,12,2,22,19,4,22,2,21,5,11,14,26,20,1,9,1,27,6,18,21,9,4,20,12,26,20,15,4,19,0,22,8,11,28,11,2,27,15,20,3,2,0,27,5,7,4,11,28,29,15,16,0,12,25,24,1,10,22,28,18,0,11,2,5,28,5,6,22,29,28,2,18,1,21,18,29,13,1,23,25,4,24,7,29,28,28,15,17,3,21,12,3,27,13,23,0,9,29,15,6,25,22,24,2,2,20,12,11,23,7,3,9,25,24,21,12,6,14,6,18,17,15,9,25,26,23,25,3,6,17,26,16,2,6,13,6,13,12,14,19,7,26,11,26,29,13,16,18,14,5,3,13,6,26,9,8,15,5,1,9,0,12,16,17,27,9,21,1,16,1,9,2,22,29,17,24,17,8,18,26,11,27,24,16,6,21,22,4,11,27,0,17,1,22,2,28,4,4,17,14,10,9,7,15,24,3,10,18,29,27,26,7,12,25,16,15,19,28,18,13,13,20,6,24,21,21,7,18,21,14,27,22,19,9,0,12,28,10,7,28,20,5,26,14,20,25,24,7,14,26,24,0,8,18,19,16,11,1,26,24,19,12,24,14,8,8,16,4,16,18,4,13,13,21,4,29,26,16,24,7,10,29,29,10,25,23,27,4,15,4,14,8,23,25,20,14,8,28,19,22,15,3,0,17,26,18,23,7,9,11,6,17,1,11,19,10,24,24,29,7,0,20,15,2,15,1,21,23,9,7,1,10,2,17,8,25,11,6,14,3,5,8,5,16,8,13,5,10,8,22,23,3,16,10,3,21,0,13,12,16,15,23,3,20,19,0,19,1,10,18,23,27,13,27,19,13,5,28,6,3,27,10,25,17,12,10,19,16,22,7,19,9,11,23,14,7,15,21,4,10,13,0,0,29,8,8,29,25,6,20,3,17,28,10,23,5,2,9,1,25,14,21,20,27,23,29,20,18,19,14,4,23,12,5,3,17,12,26,11,22,20,25,22,28,2,27,5]"
ta40,1139,"[0,2,1,0,0,0,0,0,2,2,2,2,1,0,0,1,1,0,0,2,0,1,1,1,2,1,1,2,0,2]","[21,21,6,17,4,25,8,29,22,19,29,11,19,29,22,24,5,27,6,27,3,23,3,1,22,21,29,4,9,27,9,22,2,23,13,26,2,11,13,18,15,5,24,7,9,2,11,7,7,10,28,29,12,20,3,21,18,2,7,0,8,16,17,13,6,8,9,21,3,10,13,16,4,2,7,19,23,14,16,28,27,20,5,10,1,18,15,22,4,24,17,9,13,21,21,7,21,24,20,14,4,6,11,8,0,14,5,8,11,14,26,13,28,12,1,9,25,21,24,1,14,9,24,29,19,4,16,16,18,6,17,16,6,7,29,21,18,10,27,5,20,22,1,13,14,24,8,12,16,28,0,6,5,15,22,11,23,28,18,10,2,12,12,23,1,21,16,12,19,8,25,23,9,2,25,5,22,8,25,29,6,29,8,12,19,2,15,24,15,21,8,2,9,7,26,14,5,16,27,0,15,24,20,8,27,28,21,19,1,24,15,27,12,13,11,10,2,20,24,12,1,27,3,26,26,2,3,10,3,19,20,4,3,12,9,6,18,25,20,11,28,25,17,27,25,23,25,0,4,6,13,4,18,11,28,29,23,18,3,5,15,5,15,11,17,12,1,15,28,6,10,15,14,11,2,17,20,19,18,6,0,14,28,5,1,14,18,17,2,22,3,13,23,11,5,27,23,0,17,1,17,28,3,8,19,14,1,26,23,0,4,16,9,17,26,13,9,0,12,24,24,25,0,29,4,13,23,25,11,19,6,26,7,8,4,26,6,10,10,20,22,17,17,15,6,10,0,4,15,9,24,4,10,26,14,12,8,5,22,16,3,13,13,20,25,20,2,28,0,19,16,22,29,7,22,21,17,19,27,10,18,26,10,28,22,25,2,1,3,5,11,14,16,18,24,26,12,12,29,1,10,27,0,14,21,17,7,0,3,7,18,18,13,27,26,3,8,19,9,15,23,26,27,14,28,20,23,16,11,28,19,0,25,15,25,20,7,22,16,29,26,1,4,7,9,29,7,20,23,5]"
ta41,1514,"[0,1,2,0,1,1,0,2,1,2,2,0,0,0,0,2,0,1,1,2,2,2,1,2,1,1,0,0,2,1]","[9,10,6,13,25,22,3,8,15,4,14,11,21,29,24,27,5,14,6,27,0,24,16,19,18,18,14,29,23,7,16,21,27,18,9,13,12,20,0,29,24,1,13,16,21,29,2,1,0,0,26,22,16,20,17,29,18,29,11,25,28,22,11,8,14,18,12,12,6,2,25,29,18,27,10,28,4,28,3,3,0,25,1,17,12,1,6,22,25,7,25,26,6,26,25,29,10,3,19,29,19,12,5,4,2,23,18,29,1,0,27,21,14,27,25,17,15,8,26,19,20,1,27,10,7,8,20,4,26,22,0,7,25,24,15,29,20,4,11,27,9,3,16,23,22,24,9,26,16,2,12,6,8,6,21,3,3,19,29,28,26,17,19,20,1,28,2,3,6,4,21,27,4,0,5,12,16,13,23,25,2,23,17,27,12,15,26,17,10,21,24,16,12,19,5,1,28,18,5,0,4,7,24,15,8,11,6,22,19,19,6,17,0,5,19,21,7,2,23,1,27,7,12,28,10,21,12,8,26,4,17,20,11,15,1,18,20,11,13,8,18,16,12,27,16,23,20,6,24,15,22,7,16,11,15,24,19,23,10,15,7,29,3,10,3,26,14,16,2,14,13,5,22,27,20,9,7,4,28,9,2,17,15,0,23,24,3,1,23,25,1,21,22,28,8,4,20,17,11,1,11,1,27,25,16,7,19,11,22,19,26,28,29,19,22,20,25,23,25,4,16,14,0,20,22,20,2,15,2,2,9,8,10,26,7,11,2,8,18,27,23,16,25,14,7,0,14,9,18,24,26,12,23,13,10,5,18,7,13,9,7,4,21,25,11,0,13,15,1,6,5,26,15,9,0,13,2,25,18,14,25,17,3,5,9,3,28,5,6,1,1,13,2,3,24,20,18,15,8,26,7,11,27,5,13,11,7,11,3,24,21,19,23,5,29,22,27,10,21,24,10,29,5,17,17,26,24,9,10,6,11,3,5,4,0,11,26,9,9,13,15,13,24,0,26,9,5,5,8,23,9,1,18,17,9,4,6,22,15,14,3,22,29,17,28,28,8,14,9,8,12,28,21,20,8,23,3,21,13,21,2,4,10,27,2,10,7,17,15,8,29,14,14,28,13,6,15,12,8,1,10,14,9,24,22,23,19,4,17,7,19,5,21,16,23,24,17,14,12,3,10,28,11,2,0,8,1,17,6,14,13,2,13,12,4,27,20,13,12,28,18,24,6,18,21,28,28,25,29,16,22,4,12,27,21,23,16,19,10,8,18,15,6,2,4,20,29,18,26,3,7,14,10,13,25,12,22,11,19,17,5,14,0,16,26,5,28,0,6,15,10,21,24,19,16,20,20,22,23,9]"
ta42,1454,"[2,2,0,0,1,2,0,2,0,0,2,1,2,1,1,1,2,2,2,2,0,1,1,2,1,1,0,2,1,0]","[3,17,27,0,23,4,4,19,18,7,28,20,6,21,28,29,23,10,15,9,1,23,6,24,19,10,2,20,20,14,25,23,19,15,11,22,18,14,15,25,20,23,6,15,21,4,29,11,25,19,17,25,7,21,23,24,3,28,24,27,22,25,7,16,0,2,18,26,11,1,4,12,8,3,17,19,26,25,15,2,14,10,15,13,8,5,3,27,4,27,3,26,1,28,2,29,20,28,9,25,20,29,25,11,13,7,14,29,14,8,19,4,19,10,6,5,12,4,23,17,25,19,13,9,7,11,2,0,2,10,10,6,3,11,24,0,13,13,23,26,5,12,13,7,4,29,16,9,2,17,9,8,1,0,0,0,3,5,15,10,18,12,28,3,4,27,3,5,19,18,29,9,2,10,25,19,13,21,18,29,17,15,12,4,8,24,14,12,27,2,13,13,1,12,12,26,3,14,3,24,29,11,19,26,3,12,2,15,11,22,6,16,5,14,8,13,6,20,15,21,26,26,24,8,24,17,2,25,17,27,1,17,28,13,6,8,1,8,6,25,20,21,16,5,5,22,5,6,0,26,29,6,18,10,21,16,12,5,24,21,23,24,16,17,26,0,10,20,18,0,12,16,2,24,27,1,5,4,23,22,28,26,15,7,29,8,18,16,18,2,27,1,13,22,14,15,22,7,2,25,11,15,16,23,16,17,29,8,11,22,22,16,3,1,4,22,26,28,10,8,3,16,7,23,26,19,20,26,20,7,29,17,9,13,7,7,21,29,13,14,4,9,28,0,20,23,9,20,3,27,16,12,29,10,16,12,5,5,8,11,0,26,25,10,18,8,25,14,18,10,18,14,12,1,20,29,23,2,22,16,21,22,15,14,29,22,5,28,16,15,21,20,14,9,4,9,6,8,17,18,14,9,27,9,18,7,17,11,24,24,19,7,13,28,4,9,4,5,17,17,13,6,12,14,0,22,19,27,11,11,12,26,5,24,0,2,5,9,6,20,6,8,9,0,20,26,10,1,11,21,21,7,26,2,19,0,1,11,27,12,29,17,0,28,11,21,24,25,24,23,22,16,18,9,16,6,2,3,9,25,6,22,15,12,27,10,20,11,1,21,1,28,27,4,13,17,20,1,21,24,18,23,2,22,28,27,3,9,16,7,27,5,6,19,28,17,27,6,10,28,20,23,27,29,21,3,7,15,26,10,4,19,22,3,25,6,9,26,12,25,23,8,21,1,8,14,1,7,7,19,28,18,0,4,1,22,15,21,29,23,18,14,19,11,13,15,24,10,17,25,14,13,1,8,4,18,7,19,2,8,24,3,0,16,28,13,12,27,23,5,22,5,0,14,24,15,10,11,28,21]"
ta43,1451,"[1,1,0,0,1,1,1,2,2,0,1,2,1,1,0,0,0,2,2,2,0,2,0,0,0,2,1,2,2,0]","[27,13,19,11,16,2,22,13,18,2,3,23,22,22,3,2,7,26,7,28,16,5,24,10,28,4,12,21,14,21,26,26,18,21,28,27,12,6,15,24,25,24,25,7,26,14,9,28,13,2,14,2,0,22,5,27,9,9,6,28,22,27,1,0,8,25,23,21,13,23,8,9,16,15,22,24,24,4,15,28,21,13,26,23,10,8,9,16,6,8,21,18,23,17,11,1,4,17,1,1,22,0,26,2,24,13,9,5,27,16,28,17,27,0,7,16,15,10,25,13,25,20,18,20,8,5,14,28,3,10,19,27,19,19,22,12,10,3,8,24,29,26,19,9,2,27,9,19,16,28,13,5,1,21,1,4,11,24,29,16,7,19,13,4,19,22,6,29,16,11,16,26,26,10,27,2,19,7,17,12,15,15,24,17,28,12,6,28,5,8,4,29,9,29,12,6,0,11,17,12,14,1,13,13,24,19,8,8,27,19,14,4,23,1,22,4,19,20,16,16,3,13,23,5,20,6,25,11,23,18,23,7,7,0,3,9,21,25,8,17,13,4,17,4,7,10,3,3,0,5,24,14,28,17,26,2,22,25,20,12,15,11,1,21,4,0,28,29,19,18,14,29,3,16,27,4,4,14,28,27,3,18,29,2,3,0,18,3,5,8,17,17,21,12,25,23,21,15,19,25,22,11,22,25,23,29,3,18,7,26,17,25,15,2,18,9,5,9,15,13,16,26,11,16,6,18,11,6,7,8,20,12,8,25,10,5,15,26,4,11,17,24,28,10,14,5,22,23,2,10,1,4,18,27,24,12,15,29,28,5,16,16,29,20,28,21,2,12,8,18,14,1,7,14,10,18,9,6,23,7,22,6,3,27,20,17,15,6,0,9,23,13,14,20,22,22,0,11,23,19,8,0,18,11,0,24,6,16,29,6,25,21,13,2,12,19,10,10,12,27,4,17,11,9,13,1,3,19,11,0,16,17,25,7,26,6,21,2,18,20,14,0,20,5,7,28,6,13,26,9,29,21,24,20,3,3,17,15,4,8,10,6,12,11,23,12,10,5,10,20,9,2,22,4,21,17,14,22,12,27,2,26,5,14,29,2,24,21,18,1,5,18,26,29,1,0,5,19,6,27,10,20,20,23,1,2,9,15,10,10,15,7,4,26,12,17,8,1,18,11,19,23,15,24,25,5,24,7,29,1,9,23,12,29,14,15,28,0,5,6,20,14,25,12,29,3,11,3,1,14,1,17,22,20,26,27,29,1,29,15,2,23,0,24,19,0,25,20,27,28,21,27,3,7,11,25,16,10,9,7,21,7,21,8,13,25,24,26,0,15,18,8,8,20,20,11,6,13,14,4]"
ta44,1415,"[2,1,0,0,1,2,2,2,2,1,0,1,2,1,0,0,0,2,2,1,0,0,0,1,1,0,2,2,1,1]","[13,25,24,10,25,19,23,5,6,29,23,28,16,5,7,9,28,4,20,17,6,29,28,22,27,19,5,14,3,23,22,5,9,17,11,10,20,9,14,27,16,14,2,14,5,18,7,26,14,0,27,29,2,10,11,12,28,17,4,24,6,2,1,28,27,1,19,28,27,25,18,14,15,8,1,17,29,9,16,9,12,5,6,10,22,12,4,22,24,8,8,17,3,16,14,25,21,21,19,13,21,3,20,25,29,17,25,27,22,26,19,19,7,28,12,20,13,7,22,4,22,22,3,13,1,16,3,18,5,28,25,21,11,14,20,16,8,20,8,23,9,15,21,18,26,29,18,15,23,11,6,1,27,4,3,24,17,9,6,1,15,14,19,26,28,8,1,5,18,23,11,18,26,10,0,7,16,27,21,21,20,6,26,0,29,29,5,0,26,6,10,21,26,21,4,22,19,8,18,25,3,16,25,11,17,11,10,4,24,4,24,4,8,14,17,3,21,1,2,2,25,2,11,21,0,16,23,0,28,3,19,18,13,26,7,7,17,13,0,20,22,0,2,11,6,14,2,10,17,18,22,3,8,16,24,14,2,24,20,29,15,0,15,11,7,7,19,21,8,9,25,19,23,16,19,26,5,25,4,10,17,20,1,19,4,15,29,6,18,10,26,5,5,18,15,0,12,15,26,15,5,26,3,17,13,9,1,12,23,14,6,16,28,20,2,14,23,1,7,5,9,8,22,21,11,0,16,10,28,22,1,27,19,28,2,9,21,7,14,24,16,23,11,29,12,25,5,15,12,18,21,9,10,2,21,13,5,2,18,22,8,9,3,9,0,13,26,6,9,20,17,11,1,6,25,4,11,23,10,27,29,12,24,6,12,26,4,8,16,18,13,2,0,19,7,24,15,6,12,27,8,24,0,0,12,0,12,9,23,20,27,28,11,0,27,11,7,11,17,13,14,4,21,9,20,24,18,29,13,7,15,1,24,26,19,10,14,28,15,8,27,28,21,15,19,5,3,8,18,29,4,7,6,10,22,29,17,7,12,29,20,6,17,13,6,1,16,15,29,5,16,10,21,8,4,1,3,23,20,9,18,22,19,7,19,2,13,27,26,12,2,16,0,3,11,20,20,26,8,2,29,7,25,27,29,25,23,10,10,13,24,24,27,0,23,27,6,13,27,2,15,24,16,17,2,18,11,13,4,22,24,4,11,12,6,28,27,9,22,12,25,17,4,16,1,3,22,23,20,4,29,7,14,3,26,26,9,12,15,12,12,3,15,5,24,3,10,14,13,3,20,19,25,18,21,10,28,25,5,7,1,1,24,22,25,8,28,28,8,0,13,15,23,17,23,1,23,2,13,14]"
ta45,1473,"[0,1,2,0,1,0,0,0,2,2,0,1,1,1,1,2,1,0,1,0,1,1,2,0,2,2,2,2,0,2]","[24,18,16,11,29,11,23,2,28,14,25,27,22,24,11,1,5,0,3,2,2,13,0,14,3,2,23,6,13,14,18,12,4,0,10,28,26,29,0,2,24,3,25,8,18,20,14,6,8,3,15,22,18,5,4,11,24,10,12,26,19,12,20,27,24,23,15,17,12,10,16,9,26,18,29,1,15,6,12,6,0,14,21,27,28,21,7,15,13,14,0,11,29,21,23,2,11,28,23,11,28,13,20,4,11,6,21,21,21,7,8,4,19,28,5,11,20,4,14,21,21,27,16,8,10,28,1,27,29,29,19,8,19,19,21,16,1,7,21,14,7,10,11,22,24,21,4,28,13,24,11,8,14,7,13,7,8,18,1,7,1,15,15,20,17,14,22,6,4,2,23,16,17,27,4,10,16,28,17,10,3,18,7,7,9,4,4,12,28,22,8,11,20,20,1,20,24,5,6,4,19,20,27,13,11,5,0,22,3,19,20,4,26,6,29,29,1,23,12,20,3,14,9,1,23,15,14,13,18,12,25,0,21,27,21,7,12,6,3,8,1,28,1,12,5,23,11,19,16,9,1,5,0,18,13,29,21,27,13,6,24,18,27,17,13,26,13,8,12,17,24,15,28,3,22,15,18,1,9,5,29,27,26,17,1,25,15,19,18,9,25,17,14,8,21,22,24,17,1,15,8,18,24,4,4,5,15,5,2,8,5,29,18,26,26,27,26,25,22,17,25,7,10,19,23,28,12,18,9,27,9,10,20,22,9,17,5,25,4,8,12,3,3,14,19,3,16,7,11,3,25,10,20,7,9,23,15,20,19,13,28,29,18,15,10,6,17,14,17,24,6,2,21,28,22,10,16,16,8,6,3,28,1,22,25,6,6,19,7,4,2,0,8,27,7,0,12,1,13,3,17,0,14,8,16,26,7,28,24,12,0,19,9,23,29,17,5,21,20,9,25,10,16,11,17,27,28,3,6,23,16,2,29,24,23,24,12,18,17,13,27,26,12,9,21,4,23,21,19,9,12,28,2,7,22,25,23,5,17,5,2,0,8,13,14,25,15,25,16,19,10,3,3,0,26,12,16,25,2,20,19,10,9,5,23,5,6,10,14,9,24,15,20,17,15,24,26,18,22,27,2,0,19,0,26,8,11,26,6,4,26,26,10,1,20,23,1,22,13,29,28,7,22,20,27,27,2,5,9,14,9,29,26,22,9,23,2,5,13,18,10,0,29,11,10,11,26,29,2,27,25,8,22,4,21,2,16,3,13,15,13,3,0,4,24,14,19,24,25,2,25,22,6,12,29,25,16,17,10,7,1,15,16,6,16,5,0,23,11,15,7,25,9,26,16,19,20,18,29,22]"
ta46,1512,"[0,2,2,2,1,2,1,0,0,0,0,2,0,2,1,1,2,1,0,0,2,2,1,0,2,0,0,1,1,1]","[23,17,5,13,10,8,4,24,7,11,1,12,1,3,10,18,28,25,5,12,20,11,9,21,15,5,14,23,24,28,5,19,23,5,22,3,13,24,3,21,0,27,1,27,12,20,2,25,8,11,13,6,6,22,17,24,13,3,22,12,16,18,27,20,7,22,23,17,8,17,4,28,18,21,21,9,22,24,29,24,8,20,3,9,29,20,23,8,29,2,6,21,4,17,4,12,23,4,14,12,20,17,7,4,9,8,19,23,19,6,22,9,28,25,19,20,9,24,27,4,28,0,25,0,27,9,2,8,25,22,22,0,16,12,3,4,18,9,4,21,20,29,1,26,10,10,13,20,27,6,17,3,12,13,10,18,22,29,14,2,28,22,14,4,27,18,14,22,5,8,13,10,0,21,10,11,13,24,11,7,13,10,16,19,12,10,7,4,10,12,16,22,1,15,24,22,28,24,7,28,14,7,3,12,21,19,9,4,12,5,26,6,15,19,11,13,28,5,18,16,11,15,3,6,24,1,2,2,29,25,7,26,29,26,3,23,26,23,8,7,6,28,18,1,25,13,9,20,23,14,19,29,26,9,16,10,17,0,2,13,10,8,25,6,0,27,11,24,3,27,7,26,11,0,25,20,23,8,14,11,9,27,16,27,27,10,0,7,26,6,15,6,2,23,16,29,21,0,16,27,19,2,17,29,5,16,22,24,6,11,15,12,26,6,9,20,2,13,25,16,26,15,2,1,19,2,5,28,14,1,17,17,1,19,11,21,5,19,12,11,17,28,19,5,18,5,1,28,3,18,26,24,12,24,23,20,9,29,19,7,22,16,14,14,26,15,8,7,28,8,21,25,23,15,25,14,15,5,23,20,22,2,17,24,5,10,14,28,24,6,12,22,8,15,16,20,29,18,15,21,6,7,13,3,1,28,21,10,4,12,13,0,0,10,29,18,22,1,20,2,26,27,23,25,4,25,3,11,0,18,25,13,0,18,26,16,1,12,11,19,4,1,10,6,9,17,23,3,7,16,25,9,29,27,26,19,14,17,11,20,6,1,8,1,2,9,14,15,26,21,27,4,21,13,15,16,28,2,8,12,14,29,7,28,9,3,7,0,10,29,14,13,17,24,27,15,4,6,18,2,26,18,18,4,20,21,17,19,21,24,25,14,2,16,18,27,15,16,11,27,23,5,8,0,29,17,3,9,25,5,11,12,1,0,2,4,19,1,3,23,21,4,21,24,14,11,3,13,2,10,18,15,6,8,0,18,15,7,14,27,8,23,29,20,15,7,21,1,17,26,9,0,28,13,25,10,5,17,16,7,6,28,8,25,16,19,15,22,26,11,29,20,26,0,5,22,19,3,5,29]"
ta47,1416,"[0,1,1,1,1,2,2,0,0,1,0,0,1,2,2,0,2,2,1,2,0,1,2,0,0,2,1,2,1,0]","[5,2,3,2,12,1,21,27,8,29,13,15,16,24,16,20,8,2,14,11,7,29,2,24,20,14,14,6,11,7,20,20,15,18,26,29,21,23,6,1,19,24,18,23,9,27,6,3,1,4,1,16,29,21,19,4,9,23,7,20,9,0,24,7,16,4,28,7,14,22,4,17,12,9,8,14,7,11,25,0,10,27,19,13,18,0,8,22,29,20,3,28,14,3,2,3,3,1,3,8,7,25,5,15,7,2,0,3,1,15,28,12,15,4,10,24,20,5,24,15,15,26,26,9,27,13,0,22,27,6,16,17,2,10,21,28,26,18,19,19,10,23,22,7,4,26,14,13,29,1,8,6,14,25,9,0,5,20,13,9,26,27,18,3,24,6,2,21,24,23,6,3,14,13,7,14,11,29,15,13,18,29,9,11,25,27,6,20,19,1,17,25,17,17,3,5,22,28,2,26,2,13,8,23,0,0,21,21,10,5,17,29,6,16,10,4,24,22,15,0,14,17,5,12,3,25,16,1,14,8,21,1,9,8,25,26,11,23,16,15,5,12,10,29,16,4,12,16,0,28,21,18,8,11,26,21,23,10,28,27,22,24,24,9,8,17,28,8,18,12,27,28,2,10,20,11,6,0,6,24,2,12,22,8,9,29,18,7,11,26,14,5,20,18,0,18,14,28,23,4,28,13,24,19,23,1,0,2,17,18,25,17,19,23,29,7,22,14,4,16,9,22,17,25,20,23,17,15,15,16,22,6,21,3,17,11,29,25,25,0,8,25,1,10,19,19,14,26,11,11,4,27,4,12,7,19,12,1,22,2,19,6,26,3,23,27,10,4,22,13,18,24,14,3,23,1,17,21,28,7,1,7,26,20,14,22,21,17,25,22,5,12,5,0,12,7,15,22,28,24,13,16,8,25,29,15,8,16,2,26,4,22,17,22,10,14,21,25,13,0,26,19,0,5,12,28,12,13,20,1,22,16,23,9,7,25,15,18,23,16,21,23,12,15,3,16,27,2,4,5,10,20,26,20,13,17,12,28,8,29,14,28,6,27,4,0,11,17,29,26,6,19,27,4,22,29,12,9,19,23,28,19,26,4,7,13,20,12,7,10,3,1,24,13,11,23,6,24,24,25,16,9,26,18,26,25,9,11,19,9,5,5,3,8,15,20,29,29,9,4,2,21,13,27,6,20,18,16,4,0,28,11,18,27,21,2,17,3,5,18,11,17,27,10,2,27,13,21,10,6,12,10,3,29,20,19,5,8,25,28,15,5,9,15,19,23,27,18,5,0,5,8,21,11,12,10,2,1,1,6,24,10,13,25,1,9,11,15,19,13,21,10,27,16,11,7,6,18,28,24]"
ta48,1454,"[0,1,1,1,0,0,1,0,1,0,0,0,0,1,2,2,1,2,2,2,1,2,1,2,1,2,2,2,0,1]","[4,13,10,27,21,17,15,25,15,29,4,2,8,3,5,20,0,29,5,27,16,3,17,0,10,2,23,13,4,11,9,5,8,16,24,8,5,18,25,29,22,23,2,5,16,6,9,26,12,13,28,3,4,24,12,28,26,25,27,16,18,28,17,22,14,3,14,1,16,5,1,26,19,3,20,27,17,14,11,0,11,19,10,4,14,21,16,10,1,19,1,6,14,27,27,22,17,9,13,0,0,4,15,21,6,18,18,10,5,3,27,3,10,5,14,8,25,21,3,7,13,9,23,28,27,7,13,11,23,28,5,7,29,0,18,14,16,20,4,24,5,15,20,1,7,16,28,13,2,20,27,20,6,29,7,23,18,9,9,18,17,3,22,29,12,11,10,14,12,14,0,20,5,29,4,21,18,21,2,16,6,12,11,26,23,28,0,22,19,1,19,12,29,14,21,15,9,8,0,20,4,13,12,20,13,28,18,25,22,6,17,14,10,24,18,27,12,1,5,3,26,19,10,20,25,17,7,15,19,8,6,9,10,25,19,22,13,24,25,24,2,0,16,25,18,22,1,27,24,1,6,9,28,17,26,23,18,2,29,15,10,19,13,17,24,21,14,24,20,4,3,4,4,12,15,28,2,22,17,2,27,11,10,21,29,29,7,12,24,29,23,2,9,24,27,25,21,4,8,18,3,24,3,1,12,19,26,3,15,10,7,7,10,12,26,13,15,26,27,20,2,12,10,8,2,7,22,14,29,21,7,9,28,17,21,14,1,6,9,15,2,15,8,8,19,20,7,17,26,8,15,6,27,0,8,11,9,5,0,12,22,3,5,6,23,19,6,2,19,16,15,13,25,11,19,17,6,1,15,24,23,17,5,28,23,13,18,21,3,12,11,25,22,29,2,23,6,0,23,1,12,6,19,1,19,9,1,18,5,7,19,23,28,4,7,14,8,13,5,26,29,0,9,25,4,24,9,4,22,15,26,14,0,8,21,11,5,11,27,19,24,28,4,0,7,8,17,2,25,1,14,25,16,10,23,25,29,9,24,13,16,2,5,12,13,28,27,18,3,19,23,25,0,22,19,26,9,9,23,8,2,7,18,26,7,0,17,28,8,24,14,3,3,24,6,25,1,17,23,15,4,20,16,8,16,1,6,26,12,28,6,11,9,16,14,25,20,21,1,22,11,25,29,0,20,16,20,8,2,24,21,26,10,24,22,11,21,28,17,26,22,27,18,13,8,28,27,11,10,20,15,4,20,4,7,11,22,13,26,10,11,21,14,29,21,16,7,22,12,20,27,0,15,5,28,11,10,6,26,22,21,23,7,18,16,26,15,12,18,23,16,3,6,29,2,11,1,29,17,13]"
ta49,1438,"[0,1,1,1,1,0,1,0,0,2,2,0,2,2,1,2,2,2,0,1,1,2,0,1,1,0,2,0,1,2]","[8,8,26,11,26,23,5,8,0,27,21,6,20,23,6,21,21,15,19,19,0,22,18,18,5,22,5,22,19,23,25,20,19,25,14,23,0,6,26,19,12,9,22,16,3,17,9,7,25,11,13,27,9,13,1,16,25,25,21,28,4,17,6,6,26,18,6,15,14,25,19,11,0,7,20,24,16,8,0,6,27,14,3,20,0,12,28,9,25,16,4,27,9,11,0,0,28,21,19,3,28,26,20,24,15,29,16,15,13,14,10,20,8,2,1,1,15,5,19,7,20,11,29,18,16,15,23,12,4,24,23,29,26,7,2,11,10,16,28,20,8,7,6,22,3,26,25,14,17,1,20,7,14,21,5,10,28,24,17,6,2,9,24,25,25,26,13,9,28,20,24,22,28,26,20,0,4,14,0,16,12,26,10,28,13,2,23,28,21,18,29,16,13,13,13,1,28,4,22,0,4,23,13,29,18,28,23,17,17,18,19,7,19,13,8,27,4,1,11,2,15,3,4,26,13,3,23,17,14,29,26,11,17,25,19,18,9,16,10,18,9,24,7,19,4,12,5,23,25,17,21,17,10,29,23,25,14,28,8,11,13,3,23,12,29,12,12,3,12,10,14,15,17,29,1,8,0,5,6,3,9,18,9,13,14,15,1,5,13,14,16,6,27,19,20,12,29,4,27,17,8,11,28,17,5,24,10,4,18,14,10,25,23,15,20,12,25,4,4,21,2,9,20,10,6,6,8,9,7,1,2,4,27,2,1,10,21,11,19,26,21,22,11,3,24,0,29,7,7,22,14,9,9,28,26,0,8,19,2,1,16,8,4,17,22,23,6,15,16,24,10,1,13,8,2,12,13,22,21,27,27,22,2,2,28,10,10,20,26,12,5,29,24,9,2,22,18,0,19,15,15,2,18,10,21,16,3,10,3,2,0,0,15,14,4,8,3,12,13,22,23,29,27,1,24,29,2,20,5,29,27,8,8,7,18,24,11,22,5,3,27,10,8,7,21,6,15,11,12,17,22,25,26,4,17,23,11,3,9,21,27,6,25,27,17,5,28,11,21,5,3,1,3,16,16,24,12,23,15,8,11,1,24,16,17,23,7,9,24,19,14,19,18,0,15,5,11,26,16,26,15,21,19,25,12,20,1,13,22,2,27,21,25,14,2,19,24,7,6,4,27,9,3,22,15,7,18,18,26,29,7,12,14,5,26,2,5,23,9,17,1,1,24,10,24,28,29,17,13,20,10,12,16,20,1,15,7,8,27,11,7,18,28,21,12,22,13,29,27,0,20,6,5,16,4,29,28,5,2,11,18,1,7,18,14,10,6,25,3,24,21,14,0,3,4,6,22,27,29,5]"
ta50,1480,"[2,0,1,2,0,0,2,0,2,1,1,1,0,2,1,0,0,2,1,1,1,2,2,0,2,1,0,1,1,0]","[8,17,0,21,29,5,7,19,26,4,2,3,8,4,7,8,4,10,5,26,28,16,26,22,28,12,20,24,13,26,15,3,14,1,9,25,15,21,11,20,17,13,12,6,16,5,9,6,18,7,29,19,7,25,0,8,1,15,9,22,22,25,6,6,3,7,4,21,13,1,4,24,9,21,11,7,22,16,29,14,29,7,27,21,8,16,20,0,24,27,23,16,10,17,20,6,23,24,22,18,8,14,17,10,28,11,13,15,14,3,0,22,4,10,21,12,29,12,15,6,24,7,22,10,8,11,10,10,15,12,25,18,11,15,18,23,12,4,15,7,28,3,18,11,27,17,13,19,18,23,0,28,20,28,12,14,25,27,27,8,9,24,25,16,2,12,22,6,23,5,28,9,17,13,23,1,25,11,13,8,17,19,9,26,15,19,23,25,16,1,24,5,0,8,14,13,24,16,9,21,25,18,14,9,29,2,3,4,11,0,29,1,26,2,0,19,5,27,18,9,29,14,1,24,10,2,21,29,8,6,14,14,10,9,18,24,28,6,28,1,14,17,20,3,2,28,15,20,10,24,21,0,14,20,3,22,5,24,10,12,11,3,16,19,8,17,27,0,26,13,16,26,14,19,18,25,1,13,7,18,6,28,3,0,0,25,23,8,12,19,24,4,3,5,18,17,2,10,25,23,27,13,22,1,3,23,0,20,12,7,19,12,28,19,6,11,9,10,22,16,29,9,26,0,22,4,6,15,9,23,11,17,20,5,20,12,16,23,0,15,6,6,28,5,26,27,4,21,5,27,3,2,2,14,19,3,29,29,12,15,22,13,25,20,9,17,24,7,5,28,10,28,29,23,27,17,19,4,16,12,16,28,3,26,2,5,25,1,2,13,13,9,15,21,28,10,13,19,19,18,11,1,1,24,1,14,8,11,7,16,24,20,24,16,11,29,3,23,8,1,16,5,22,17,22,17,21,15,13,3,27,20,4,22,7,18,2,26,21,29,25,21,26,12,26,5,2,22,25,29,5,18,20,11,26,24,22,11,19,18,8,9,20,29,23,23,24,1,5,26,3,14,6,11,29,0,2,26,4,4,17,29,13,25,11,26,15,27,11,19,19,4,16,17,1,8,25,6,19,6,27,24,10,18,2,15,0,2,2,7,14,28,2,8,10,7,2,18,12,17,3,23,15,27,7,6,18,7,29,2,27,21,22,21,25,16,12,14,16,27,15,20,4,7,20,10,13,7,21,1,28,23,6,19,18,5,26,21,0,3,22,9,8,12,13,14,23,21,12,5,5,0,23,27,17,8,20,9,27,4,17,9,6,15,11,14,1,13,4,20,27,25,10,1,28,0,26,4,10,21]"
ta51,1573,"[0,0,1,0,2,2,2,1,2,0,1,2,1,2,1,2,2,2,2,0,0,1,2,0,0,1,1,0,1,2,1,1,0,2,0,1,0,2,2,0,2,1,1,0,1,0,1,0,2,1]","[41,21,37,28,39,36,39,22,42,16,24,22,47,18,39,0,23,34,35,41,34,34,44,28,8,2,5,9,2,20,20,7,39,10,49,23,32,33,20,30,35,41,21,46,31,13,34,40,18,8,24,10,26,43,22,39,15,11,37,17,28,8,11,45,26,32,3,15,19,38,34,37,11,9,32,3,25,0,30,10,24,31,20,47,38,9,24,47,37,12,29,5,5,35,12,13,16,41,43,45,32,44,49,7,16,33,47,24,10,13,2,10,17,48,46,18,1,4,37,25,22,9,1,7,10,20,24,13,42,9,6,7,12,48,31,18,34,19,12,2,3,43,29,34,48,41,5,22,4,9,0,35,31,25,49,41,9,42,42,36,1,33,22,19,25,46,16,27,7,18,2,27,33,16,29,32,45,9,34,3,10,37,49,27,16,33,3,31,46,21,6,24,11,41,32,39,13,1,11,29,8,41,12,17,17,38,16,15,10,4,28,19,38,22,35,42,38,30,43,1,45,18,46,1,48,35,14,20,24,6,16,0,39,11,28,33,12,16,11,3,3,43,38,32,47,24,44,45,0,28,25,2,28,47,34,3,20,7,18,27,37,15,49,17,48,49,32,43,39,33,0,11,38,30,9,0,29,0,16,24,29,15,22,14,34,4,24,5,45,8,27,0,43,24,21,19,49,8,48,2,44,12,6,0,27,27,6,45,49,6,18,20,20,28,24,31,22,9,41,33,36,26,20,6,41,27,4,19,4,35,27,18,11,19,28,34,29,11,15,8,48,36,3,49,47,11,23,4,45,1,1,43,23,6,19,24,16,38,25,46,33,21,40,48,30,47,20,15,0,4,35,31,33,46,30,15,31,22,43,29,32,11,13,41,37,46,46,44,30,36,42,2,25,27,40,0,7,44,19,25,17,7,13,36,8,14,22,41,0,46,48,49,25,26,17,9,2,6,3,9,25,45,40,40,2,35,1,31,40,40,15,49,20,45,28,10,40,21,32,20,8,26,40,17,4,18,15,45,46,42,47,5,11,26,27,19,25,44,43,8,14,2,21,7,31,37,30,38,32,5,47,15,20,3,23,40,21,18,3,29,17,39,1,35,13,4,48,25,45,36,34,42,12,33,44,13,49,31,28,21,13,23,16,23,48,21,48,24,17,36,37,6,1,42,13,17,46,29,14,43,33,42,22,45,5,6,19,38,14,12,14,28,35,49,26,10,4,0,48,27,23,5,5,39,42,28,28,21,26,12,26,38,1,23,41,5,25,11,33,39,38,27,1,1,34,31,8,30,30,42,17,2,40,15,36,3,18,35,14,34,8,47,42,44,21,14,15,20,12,32,30,40,30,8,49,10,36,29,38,37,43,2,23,29,10,14,45,22,32,10,4,7,43,4,14,37,23,6,8,3,43,22,15,14,42,44,13,12,12,25,37,15,47,31,36,47,43,7,23,26,7,13,23,47,14,40,29,22,36,23,9,41,42,2,44,32,6,7,9,39,9,37,26,39,35,13,5,31,26,40,23,16,17,18,39,26,3,19,26,0,46,49,38,19,1,28,29,19,30,18,14,34,46,37,6,16,2,4,10,47,36,44,39,10,27,19,35,41,21,36,7,33,6,44,12,30,46,7,11,27,40,17,45,29,31,5,38,12,8,5,21,14,16,30,13,44,17,18,5,21,48,26,48,4,25,33,35,32,36,44]"
ta52,1515,"[0,0,2,1,1,2,0,1,2,1,0,0,2,2,1,1,1,2,2,2,2,0,0,2,2,1,0,2,1,1,0,0,0,0,0,2,0,1,2,1,2,0,0,0,2,1,1,1,1,0]","[5,1,31,9,23,5,19,39,27,25,20,3,49,22,5,31,48,8,39,49,41,38,42,47,35,23,23,25,25,32,35,40,41,42,10,41,23,46,33,8,1,1,10,45,45,17,45,47,44,44,36,43,37,6,2,47,41,34,10,28,11,32,0,27,2,12,30,2,49,16,5,15,4,26,28,39,34,24,11,4,26,25,44,18,23,33,31,9,32,15,41,1,43,32,42,10,33,18,6,0,24,0,24,44,27,31,37,31,40,45,38,16,25,40,22,15,13,47,1,7,8,43,11,31,49,25,38,19,17,47,12,46,7,46,46,19,16,24,36,49,44,12,5,38,20,6,22,43,43,12,49,7,42,0,9,0,8,23,47,26,49,5,1,29,26,46,42,36,25,27,7,28,5,16,11,35,23,31,23,34,27,7,16,8,3,49,2,41,20,2,22,44,20,10,45,46,17,36,28,32,48,8,47,22,40,29,15,21,8,29,49,24,16,48,22,46,40,31,27,5,3,24,30,28,24,4,22,24,9,14,1,31,12,37,15,18,13,29,32,47,41,5,19,46,42,25,35,6,40,42,19,6,36,20,48,3,29,33,41,21,13,2,13,16,34,23,24,8,10,3,29,3,11,37,22,10,7,0,11,3,0,1,36,12,3,9,23,22,30,20,28,31,15,32,6,27,32,47,11,36,40,24,43,30,10,35,16,20,7,43,45,21,24,3,5,39,4,40,8,15,0,45,28,30,24,34,27,40,19,39,47,23,10,44,46,5,12,36,2,15,38,9,22,10,28,42,36,45,27,21,33,33,38,2,4,5,8,42,16,38,25,14,35,8,18,21,34,16,11,25,40,37,34,6,3,21,39,18,45,28,14,7,13,40,27,30,3,46,48,46,8,4,1,6,18,26,21,7,35,22,29,48,1,17,14,46,2,21,37,2,45,41,39,2,33,15,5,18,35,8,34,40,4,35,14,26,39,12,13,11,0,19,46,23,7,17,44,18,13,30,28,26,18,46,31,19,19,24,0,11,37,13,12,15,7,14,17,11,15,6,38,49,29,34,43,9,29,26,38,27,3,45,33,44,23,32,17,34,9,30,15,7,39,14,40,10,19,26,41,44,18,12,25,39,12,26,31,1,25,17,9,44,2,13,41,30,5,24,37,48,33,38,6,43,31,18,43,14,11,42,40,35,39,14,39,20,32,38,11,14,18,19,1,48,26,8,14,41,44,10,21,33,16,13,36,11,18,2,28,48,43,39,17,22,4,15,30,36,20,47,9,34,10,23,28,16,18,36,41,22,47,32,44,24,48,46,48,19,0,32,7,15,37,32,37,34,13,6,30,7,36,36,29,12,9,11,28,12,43,0,9,31,20,37,0,49,21,33,30,35,48,6,2,39,4,16,34,20,41,4,28,10,21,29,45,19,44,34,33,4,33,18,17,5,47,48,13,20,45,14,20,3,25,4,21,29,42,37,37,41,26,9,29,16,19,27,40,39,30,43,38,42,44,49,35,45,21,17,14,6,43,42,13,34,42,30,4,25,1,12,28,2,16,6,13,1,36,4,33,9,27,26,31,15,3,26,13,7,20,17,14,9,35,19,29,47,32,48,17,38,1,22,47,17,12,38,0,6,21,49,22,26,14,33,49,20,4,30,8,48,38,45,17,43,29,42,37,32,21,35,27,3,10,49,23,37,0,25,35,27]"
ta53,1490,"[2,2,2,2,1,2,0,1,0,2,2,2,0,0,2,2,2,0,0,0,1,1,1,0,2,1,0,1,1,1,0,0,1,0,2,2,0,0,1,1,0,1,1,1,0,1,0,0,2,2]","[3,11,43,1,34,28,31,29,45,46,30,48,22,45,23,31,41,43,43,27,4,4,49,22,36,29,2,21,24,16,2,44,7,27,48,46,41,20,33,13,31,37,13,42,9,35,42,8,13,12,21,35,49,1,27,6,25,21,40,32,5,44,2,38,19,28,35,0,1,34,36,10,8,3,1,31,39,48,23,35,43,14,15,31,30,41,49,40,41,30,8,7,46,47,37,25,19,45,4,30,46,5,39,24,34,47,29,20,34,17,5,21,28,8,25,30,7,13,6,26,31,10,22,7,17,43,40,0,41,16,19,9,10,27,33,2,21,36,5,34,45,32,24,33,10,20,15,25,8,27,38,25,20,8,34,45,38,40,48,37,12,35,3,2,48,38,11,29,30,18,4,11,38,24,19,39,23,46,6,10,13,30,40,41,26,38,35,43,49,45,35,6,18,3,17,21,11,10,40,47,24,47,29,43,41,12,5,6,40,26,31,4,2,44,11,31,32,9,39,42,26,20,40,22,17,30,36,19,9,23,27,0,23,46,49,0,2,2,33,35,31,35,24,36,15,15,34,33,4,49,3,38,33,34,27,28,26,6,32,18,46,34,1,31,26,35,0,0,13,9,33,13,27,3,5,39,46,28,2,28,5,28,40,10,49,24,25,14,4,20,2,42,26,47,40,19,6,42,0,34,20,16,11,46,30,37,48,24,18,38,34,47,39,23,0,39,48,2,41,28,1,47,42,29,10,29,31,41,12,15,30,44,0,1,13,17,2,25,14,13,21,26,15,13,41,25,20,9,32,12,11,15,7,6,49,37,22,5,32,44,10,12,18,34,27,20,49,29,46,44,18,25,47,45,19,18,23,32,1,12,7,32,39,22,33,26,28,43,45,6,7,9,30,19,28,36,14,46,31,37,10,40,26,39,43,32,43,27,44,18,36,49,41,22,3,33,3,15,11,3,42,48,16,16,36,16,5,47,8,12,38,3,36,15,26,9,9,25,4,14,17,42,21,24,20,41,14,4,19,29,16,1,19,48,18,3,14,16,19,46,14,20,33,28,23,14,17,39,42,27,5,32,22,48,10,27,26,13,44,1,44,8,16,23,32,11,25,45,45,8,14,8,14,21,37,1,44,35,20,10,21,18,0,41,22,14,0,15,1,36,24,11,18,32,38,31,45,16,48,21,43,27,19,36,0,9,49,15,1,42,35,2,33,23,21,12,14,6,19,15,33,28,28,37,38,39,7,6,7,3,48,17,17,47,22,0,25,49,3,5,12,4,13,27,18,11,23,40,20,8,29,7,2,38,30,24,26,16,17,24,48,30,31,3,44,3,24,36,10,46,47,28,4,24,20,25,44,22,15,6,16,34,10,9,33,9,45,16,35,39,16,39,5,48,4,7,16,32,17,4,48,29,29,26,25,8,13,30,5,18,49,34,12,18,40,25,23,45,45,17,12,17,11,17,35,49,37,43,36,47,39,37,29,35,7,9,40,47,29,41,7,47,42,19,34,39,8,21,37,12,14,37,21,15,5,41,1,23,33,30,42,10,11,21,32,2,4,23,22,9,13,42,27,42,46,17,37,11,32,22,7,40,11,37,43,5,22,6,47,7,6,43,18,13,38,23,15,0,45,8,37,46,44,8,42,22,33,20,24,0,38,19,12,49,44,6,36,26,31,12,44,14,4,29,28,9,1,36,38,43]"
ta54,1488,"[0,1,0,1,2,0,1,1,2,2,0,1,1,1,2,1,1,1,2,0,0,0,2,1,2,0,1,0,2,1,1,2,2,1,1,2,2,0,2,0,2,0,0,0,2,0,2,1,2,1]","[25,10,40,42,46,21,43,31,25,44,13,7,3,17,37,36,26,31,34,1,41,12,32,35,35,46,31,21,41,20,0,13,4,33,11,13,19,10,2,21,10,36,12,5,18,33,22,44,43,19,47,34,7,11,49,39,45,15,28,17,5,23,32,14,2,34,4,41,47,36,25,3,13,18,42,8,14,34,27,19,2,15,8,1,16,27,21,32,22,33,27,6,13,25,38,9,36,23,3,44,30,30,25,17,29,0,23,37,40,9,8,37,47,41,49,34,39,20,48,31,49,45,22,18,13,28,2,31,5,3,48,16,31,22,41,16,49,20,17,42,12,5,42,15,46,5,37,37,22,30,2,0,11,31,15,0,22,44,1,35,10,4,0,42,39,35,47,3,9,45,27,38,34,42,32,31,37,33,45,43,1,19,6,15,1,28,16,35,14,25,32,5,30,33,47,9,6,9,26,10,34,27,19,40,21,42,4,36,10,43,47,18,30,33,23,48,16,27,12,20,30,12,39,13,35,14,20,6,4,29,36,3,23,24,18,8,37,31,7,33,41,1,26,44,29,47,9,32,4,34,13,17,49,39,32,6,35,24,46,3,28,24,24,16,28,18,19,49,22,5,33,29,25,11,21,46,11,22,20,14,3,45,35,12,37,9,32,2,23,34,24,26,16,10,11,43,1,36,13,6,29,16,39,3,43,48,27,27,14,28,11,17,7,0,47,39,2,19,32,38,8,44,30,14,6,26,30,10,23,41,26,20,16,42,35,20,0,3,29,16,13,11,49,9,4,48,21,41,32,18,39,12,7,48,48,5,45,18,44,5,38,32,27,0,28,35,7,42,26,35,44,26,46,18,3,25,35,28,36,15,29,13,5,33,49,37,28,15,19,15,32,25,18,9,13,35,0,28,23,5,34,7,24,25,9,41,46,24,48,49,36,22,24,29,24,33,48,12,1,11,36,31,43,26,38,4,40,35,45,42,46,20,3,41,10,1,8,4,29,19,33,25,10,15,14,3,42,22,13,31,14,18,45,26,17,31,0,17,7,17,49,45,11,49,45,34,26,24,12,12,24,17,42,2,26,1,1,38,31,40,22,20,45,22,48,36,23,40,37,6,30,46,17,16,38,30,31,6,47,7,15,0,29,48,48,4,19,23,10,46,23,48,43,41,5,11,14,13,46,0,38,25,47,41,10,20,5,26,33,42,7,10,30,36,1,37,26,9,11,4,3,19,27,18,11,40,0,12,25,39,18,33,39,37,2,2,17,0,21,13,40,40,8,23,10,8,47,21,2,41,8,19,12,44,18,17,30,46,27,15,27,38,8,1,9,42,17,6,47,40,14,8,36,14,45,6,4,39,44,19,27,28,30,30,49,47,41,22,15,31,29,2,39,44,43,14,15,24,46,9,38,10,40,34,36,39,24,1,21,35,12,29,19,14,5,27,48,24,41,37,43,45,12,21,1,7,39,11,28,7,18,45,47,16,29,44,44,25,2,46,46,28,25,9,6,20,21,26,6,22,20,38,6,43,2,4,44,20,17,4,36,33,23,16,32,15,2,34,8,7,24,12,5,21,34,29,38,40,14,16,33,7,43,38,40,34,43,32,43,44,39,21,0,21,40,6,19,38,23,8,28,47,28,38,20,37,48,42,30,45,49,29,8,7,15,4,22,27,49,8,16,40,37,9,49,23,11,3,43,32]"
ta55,1500,"[2,1,2,2,1,2,0,1,0,2,2,0,1,0,1,0,2,1,1,0,0,1,1,2,1,0,0,0,1,0,2,0,2,1,1,0,0,2,1,2,0,2,2,0,1,0,1,2,2,1]","[42,22,39,39,31,35,29,7,0,25,20,11,10,17,21,42,20,32,11,3,20,30,9,0,44,46,16,3,42,19,13,4,42,3,15,24,10,1,34,29,29,44,32,37,38,42,37,34,39,17,33,3,11,36,9,15,8,24,38,20,31,33,42,23,47,1,40,48,13,36,48,33,12,24,47,15,2,36,31,28,49,18,40,3,17,47,22,43,17,14,38,39,31,31,6,23,3,13,41,1,27,36,49,18,46,13,43,15,23,30,38,21,32,48,49,32,44,2,30,31,38,34,8,25,8,9,8,21,30,46,3,43,42,17,13,44,2,41,37,44,12,21,8,7,28,42,18,21,49,27,6,27,32,29,1,9,17,25,47,29,26,1,39,37,22,6,25,8,21,10,48,45,35,26,34,49,24,27,23,20,37,29,4,34,33,23,44,14,18,23,22,43,35,11,3,8,25,26,46,11,24,18,39,2,0,36,43,27,22,33,34,7,43,10,7,23,40,7,46,22,29,12,21,11,2,24,24,35,46,14,36,16,21,16,28,1,40,14,8,21,18,22,28,43,33,9,28,49,5,37,47,37,12,18,37,47,45,36,31,9,48,36,34,48,32,13,21,33,40,41,28,41,34,29,40,39,29,5,7,42,5,40,11,11,27,6,39,39,45,41,25,2,20,6,24,0,37,46,19,28,26,4,12,28,24,6,4,36,14,1,43,30,10,48,47,39,9,19,28,31,4,14,9,5,30,35,36,26,22,19,23,39,44,7,10,16,38,19,41,42,9,44,25,48,2,38,43,0,48,43,45,45,40,13,28,44,35,36,32,21,32,32,7,29,7,18,31,20,41,15,18,13,19,24,38,12,1,47,45,19,47,1,15,5,12,34,22,13,10,10,10,48,49,26,19,31,6,37,48,24,15,34,10,33,6,28,28,41,33,27,6,1,41,8,47,6,36,35,26,1,19,17,27,45,1,42,23,9,0,28,25,4,23,40,38,27,17,7,0,37,30,45,1,8,45,49,30,25,16,13,31,19,39,17,43,0,7,15,6,16,0,23,44,27,10,37,37,22,48,3,22,14,40,30,47,46,8,9,22,32,28,36,43,14,16,4,35,4,0,46,41,7,38,39,18,48,2,35,31,19,24,17,12,46,17,21,11,25,6,27,13,34,3,44,34,29,10,46,1,35,13,15,26,11,30,12,5,20,25,6,47,2,20,35,9,25,35,49,45,5,3,23,16,15,16,2,20,18,32,20,16,4,9,42,9,21,38,4,2,15,19,11,2,38,22,14,2,41,12,3,15,5,34,46,40,22,21,43,12,20,10,45,26,40,48,16,6,24,46,14,42,25,5,30,11,5,8,15,4,26,30,26,20,49,14,8,30,42,19,30,44,31,9,14,45,32,29,26,33,35,13,32,17,18,16,47,0,17,26,41,4,4,33,29,39,41,18,31,30,6,20,12,0,12,27,27,13,19,5,32,45,21,40,14,15,12,38,20,25,49,11,33,5,3,26,48,40,14,28,0,37,24,23,16,18,10,41,22,44,33,0,19,29,36,11,13,15,49,5,33,23,1,4,17,42,49,44,34,38,45,12,25,7,7,49,43,31,11,7,14,39,18,41,35,47,3,17,26,38,32,27,27,36,35,44,16,29,40,2,3,49,46,2,8,16,33,47,0,24,4,43,5,23,45,37,34,46,8,10,5]"
ta56,1424,"[0,1,1,2,0,0,0,2,1,2,1,1,1,2,1,0,1,0,1,2,1,1,0,1,2,2,0,2,0,2,2,0,1,2,0,1,0,0,1,1,2,0,2,1,1,2,2,0,0,1]","[38,14,35,5,14,12,4,26,45,19,30,33,22,17,4,39,21,33,33,18,18,15,6,24,32,22,24,37,37,9,10,9,41,34,24,36,49,21,6,43,4,33,14,32,42,12,27,33,12,15,48,2,21,0,19,30,5,23,1,22,19,38,32,43,35,20,41,31,11,29,42,36,3,10,17,22,41,0,27,32,29,24,46,2,33,35,4,44,49,47,17,10,14,43,2,3,5,36,41,33,43,43,11,26,22,31,33,28,29,10,25,20,23,31,25,31,2,45,39,42,48,39,12,34,40,5,19,45,46,17,27,38,16,31,34,11,26,36,40,7,6,29,6,49,4,17,7,22,16,0,31,46,25,29,45,37,24,19,41,7,47,8,8,20,3,27,21,15,16,11,27,26,32,4,4,45,2,16,21,15,1,36,41,8,38,37,38,47,18,18,44,12,42,16,38,13,9,12,14,21,46,33,4,30,21,49,47,31,27,27,12,34,15,33,36,27,28,44,30,48,17,13,34,42,1,49,37,23,14,17,11,0,10,13,28,28,28,13,33,19,4,18,15,46,32,5,4,21,1,2,2,15,35,44,19,42,8,35,23,14,48,49,40,16,7,46,3,20,43,17,8,17,18,28,30,31,41,13,45,16,9,43,11,33,29,14,25,27,19,26,13,4,4,24,45,38,6,36,32,31,21,26,8,0,13,47,38,1,29,19,19,46,5,3,44,35,11,15,3,36,3,13,40,20,45,42,38,25,11,7,5,38,40,41,49,20,34,26,0,26,25,37,45,15,18,47,39,15,40,12,46,45,0,33,26,1,16,37,45,12,22,37,49,33,37,30,14,3,40,34,29,37,39,7,32,23,23,16,24,29,23,8,24,39,8,14,12,10,29,49,39,37,45,47,8,14,13,11,19,17,28,22,47,48,38,6,30,15,0,34,42,3,47,5,49,2,5,1,1,11,23,7,48,9,9,24,9,18,41,49,7,49,46,2,42,27,10,0,20,43,22,6,28,32,5,30,48,44,6,16,27,42,43,36,24,10,21,28,44,10,8,25,49,48,46,46,9,17,42,18,25,8,36,48,14,1,10,46,7,13,40,48,12,20,26,20,3,9,44,8,18,24,18,22,2,14,2,12,22,9,34,25,35,3,20,20,34,38,20,46,28,31,15,36,7,4,43,8,21,31,44,4,7,13,45,31,12,48,7,39,32,23,35,34,47,28,34,36,30,26,49,23,30,5,18,14,28,41,42,10,25,35,38,48,21,17,9,26,24,27,5,35,46,45,48,6,32,34,19,40,15,1,31,11,30,14,37,35,3,28,47,22,40,39,41,3,40,9,8,5,9,44,16,36,6,1,42,1,16,5,16,47,22,25,38,23,1,24,1,3,35,7,2,45,23,22,21,41,29,11,43,5,43,6,43,40,23,48,10,44,47,39,1,30,24,27,17,39,26,25,7,20,41,29,21,13,19,9,32,25,37,32,18,19,27,23,37,17,31,8,30,7,29,6,29,2,43,20,11,0,17,11,32,3,19,28,6,34,0,18,0,38,39,16,35,18,36,47,41,26,12,35,11,20,40,49,10,37,40,33,13,31,30,30,35,22,2,21,23,15,0,41,13,6,29,0,26,13,48,24,39,10,43,39,44,10,2,27,47,44,42,42,6,44,25,28,0,25,4,12,32,9,16,40,39,15,36,46,34,44]"
ta57,1546,"[2,1,0,1,0,1,1,1,2,0,2,2,0,2,1,0,0,2,1,1,0,1,0,2,0,1,0,0,0,1,0,0,0,1,2,0,0,2,2,1,1,2,0,2,2,1,2,2,2,1]","[42,36,15,10,15,33,16,33,16,19,42,39,43,10,39,3,32,29,42,5,34,0,23,42,5,41,23,12,26,10,47,4,22,4,45,39,25,14,39,4,13,20,2,36,1,33,35,7,33,21,20,46,14,18,22,1,42,47,16,37,16,13,33,4,25,31,26,46,45,48,39,27,5,14,23,42,17,2,43,24,26,11,36,26,23,38,37,31,6,37,1,22,30,49,43,0,39,41,47,8,20,11,5,24,29,7,7,36,24,16,21,44,9,41,3,24,14,49,20,7,0,42,27,40,5,30,28,3,18,13,35,29,46,25,7,39,46,40,42,43,40,26,24,19,22,12,28,34,31,31,17,4,45,44,11,9,33,19,22,42,18,2,28,36,47,7,4,49,17,26,6,37,23,15,25,6,41,25,1,8,42,26,16,9,18,14,28,23,35,35,6,8,9,19,45,43,45,10,29,9,1,35,4,47,34,13,39,17,26,19,43,21,7,13,14,15,48,44,21,12,6,6,1,36,38,27,6,35,1,48,27,43,44,32,41,32,30,9,43,25,36,23,22,41,35,30,12,11,1,10,29,38,37,44,48,38,21,32,4,37,29,28,48,29,23,32,45,27,11,49,18,47,44,37,28,15,26,28,43,40,26,34,41,9,16,24,3,25,29,34,0,42,8,31,49,48,37,8,4,28,8,3,10,16,6,0,29,45,1,16,35,45,27,42,30,34,27,3,10,4,16,38,33,41,37,7,12,25,14,32,7,44,9,14,32,5,4,5,7,22,25,46,35,15,9,15,46,21,40,30,34,9,40,25,45,18,43,20,11,19,17,11,48,6,11,20,23,40,40,31,15,33,47,4,17,46,0,49,15,48,21,18,29,35,48,2,12,11,47,7,16,5,38,6,5,5,38,28,8,31,40,20,19,25,32,13,39,31,9,31,13,10,43,5,13,34,39,15,47,44,22,47,39,6,49,36,24,42,41,12,0,3,19,37,22,0,38,4,26,49,16,30,14,10,48,46,33,0,48,11,38,25,30,45,9,41,35,18,39,35,3,34,21,33,17,18,45,7,8,46,19,1,22,33,0,20,18,5,16,47,48,18,30,19,34,10,4,22,41,13,33,41,29,27,13,7,46,26,17,30,33,29,10,49,21,17,8,12,13,7,14,49,27,8,31,35,31,20,22,32,22,31,21,5,49,11,36,12,11,44,32,8,48,20,33,1,46,24,3,40,44,46,8,19,23,21,2,43,14,19,23,46,36,47,3,2,28,21,23,34,0,10,18,11,37,44,12,0,38,34,21,32,16,20,13,30,24,2,1,17,17,14,30,9,2,11,25,15,28,8,18,24,43,38,32,38,35,32,30,28,20,19,3,10,14,47,40,41,44,27,6,9,36,15,12,46,44,47,45,27,35,39,45,28,36,2,19,27,3,44,20,38,12,42,20,2,7,26,13,49,15,6,36,32,27,32,27,30,14,0,33,10,24,18,37,37,24,49,14,39,29,26,46,2,25,27,17,13,4,26,34,11,24,18,6,12,1,40,8,15,40,21,31,45,5,44,34,10,43,21,22,29,23,38,29,28,3,31,28,3,23,48,1,40,6,39,17,0,17,2,17,2,49,49,20,45,0,41,30,12,12,19,24,36,24,1,36,9,34,41,13,25,38,16,43,47,40,37,2,5,3,42,48,37,8,2,22,31,15,23]"
ta58,1601,"[1,0,1,2,2,1,0,2,2,0,0,2,1,2,0,1,0,2,1,0,0,1,2,2,0,2,0,1,1,1,2,2,0,2,0,0,2,2,1,2,1,0,1,1,1,0,0,1,1,1]","[25,24,18,27,4,9,10,13,11,44,34,20,4,29,29,31,32,5,34,30,9,8,36,1,15,26,49,1,34,5,33,43,24,12,24,47,42,15,6,19,45,49,18,4,44,3,49,47,5,19,16,31,30,16,10,38,11,17,36,22,20,17,30,46,45,4,24,37,40,25,19,11,17,19,41,17,26,21,0,18,15,40,35,10,20,36,48,36,48,16,47,17,3,30,13,25,2,35,28,47,28,14,5,34,8,7,29,33,49,37,11,34,41,38,27,47,38,31,14,44,9,42,42,22,43,38,41,18,22,37,5,28,34,36,18,15,24,23,20,45,45,6,20,39,46,21,13,44,14,2,47,23,0,19,22,7,28,17,32,30,42,33,1,48,29,6,19,14,7,3,39,27,26,11,14,41,43,11,0,25,31,47,37,49,15,17,40,27,33,20,27,38,35,49,41,1,39,43,24,1,24,35,36,48,40,0,6,16,3,32,28,0,40,41,29,10,3,20,21,7,16,47,22,43,7,30,15,35,8,43,12,0,30,41,17,8,46,2,28,37,16,49,28,45,4,7,30,2,48,38,14,14,25,12,44,24,42,42,7,44,11,9,21,30,2,7,21,39,38,4,9,31,29,25,23,40,43,9,32,15,45,38,25,29,12,29,40,8,31,38,47,10,26,22,23,30,34,35,37,11,25,15,20,31,7,42,47,1,2,13,6,46,6,4,5,31,29,21,25,4,46,48,37,14,48,18,27,3,49,13,46,37,18,30,32,12,7,32,40,6,44,34,33,49,8,45,32,2,4,39,42,2,21,0,10,29,48,38,43,48,44,48,27,20,49,12,16,19,23,16,20,33,30,17,26,23,41,28,35,9,13,26,15,26,1,36,13,10,18,37,45,49,8,16,22,8,22,35,6,26,5,20,36,34,13,48,0,41,48,32,11,44,12,46,42,27,5,14,9,12,23,19,47,43,33,40,12,30,17,33,13,9,23,49,23,0,5,1,7,1,29,26,20,9,31,3,37,13,39,5,25,5,35,6,27,23,11,46,1,42,21,28,40,12,16,2,28,25,6,25,32,8,3,7,6,6,33,27,17,45,46,14,6,2,26,24,5,24,3,31,4,20,3,33,33,41,31,7,46,34,13,29,28,4,23,27,37,9,22,9,29,38,16,26,24,36,4,2,8,41,15,26,30,17,47,28,11,4,19,32,22,39,23,40,8,26,8,15,11,29,42,46,8,1,21,4,37,2,43,18,46,13,5,12,10,33,19,20,12,19,39,35,41,6,45,28,2,48,2,15,21,29,3,7,21,7,34,45,45,43,26,22,23,27,44,35,28,14,33,16,3,44,47,15,43,22,19,11,15,41,39,18,43,31,10,16,21,34,33,32,15,25,42,1,32,24,4,8,22,3,27,17,49,9,14,18,31,32,23,19,12,35,37,11,34,39,38,39,39,47,32,10,46,14,1,42,31,12,0,47,25,17,5,8,0,45,13,43,20,46,36,36,44,11,33,25,10,0,22,27,36,1,39,44,43,49,38,12,16,21,3,36,17,39,34,44,40,36,5,18,1,35,46,10,6,0,16,38,24,10,38,28,35,18,24,40,18,2,14,24,10,45,13,9,42,27,42,23,41,39,19,22,30,45,40,21,3,26,49,21,9,40,35,19,18,13,14,32,41,34,36,0,48,37,37,0,10,48,31,44]"
ta59,1509,"[0,2,0,0,2,0,1,0,1,2,2,1,1,0,0,2,1,2,2,0,0,1,1,1,2,2,1,0,1,0,1,1,1,2,2,0,0,2,0,2,2,0,1,1,0,2,1,0,2,2]","[31,15,33,33,42,11,45,24,41,28,12,19,18,28,29,26,10,5,21,47,46,22,6,36,40,42,35,16,41,23,32,46,20,19,7,38,14,30,26,1,12,0,7,5,46,40,6,0,34,30,7,46,29,47,11,7,27,1,19,49,32,49,46,29,5,40,23,36,31,2,36,2,10,37,37,22,4,2,23,1,21,45,33,30,3,0,41,22,11,40,38,6,29,42,48,3,36,31,8,18,25,49,21,47,45,15,48,44,43,24,34,6,41,19,22,31,14,10,41,16,29,28,24,3,8,32,30,16,12,26,48,36,19,42,8,3,20,43,5,34,5,45,42,2,15,36,42,48,8,1,12,14,21,8,33,2,41,3,16,4,15,20,20,28,39,28,17,37,31,44,23,20,21,22,49,34,21,23,10,36,0,4,33,37,15,44,29,38,34,9,29,5,44,43,34,20,45,30,41,9,5,5,4,5,39,10,20,28,40,25,7,35,11,7,46,22,43,23,34,15,6,20,45,39,7,39,7,13,9,48,28,12,49,2,45,30,0,16,18,45,14,32,3,48,43,12,17,23,33,43,14,39,17,9,22,13,17,42,13,28,13,25,30,21,19,14,39,7,49,21,6,11,41,49,25,9,27,0,27,23,13,35,7,11,33,48,13,22,46,32,34,38,48,17,31,21,42,8,19,40,47,2,41,20,43,4,32,36,27,14,36,13,21,16,24,6,38,5,40,14,47,9,44,21,39,41,15,27,5,2,23,4,28,20,19,40,43,26,48,21,7,47,17,3,15,42,38,33,23,35,2,24,47,0,30,18,7,18,46,16,15,41,34,39,18,14,6,27,37,31,3,47,43,47,27,34,8,9,46,45,40,35,35,39,37,46,43,43,14,45,20,45,1,30,24,32,19,17,44,10,19,27,12,12,39,15,23,42,28,29,43,20,33,17,10,14,5,4,35,2,47,44,17,37,26,33,13,41,24,0,5,16,18,29,0,26,35,27,25,37,13,30,30,16,16,7,13,43,26,22,33,27,1,11,8,25,41,2,11,4,20,39,47,24,35,19,44,17,6,33,42,12,27,24,28,15,15,14,9,4,10,47,36,27,0,25,3,4,25,8,6,31,10,1,22,30,35,18,29,1,30,38,8,22,6,40,33,18,16,40,35,35,38,25,39,40,30,18,23,29,45,14,38,10,44,36,26,29,37,33,34,36,15,13,44,26,11,41,12,46,11,42,32,4,46,3,23,38,11,9,21,49,45,25,44,31,1,17,27,40,22,20,37,10,49,37,46,38,0,9,19,30,42,8,31,17,10,3,9,3,23,2,3,37,24,4,8,16,24,24,34,27,2,0,32,25,45,16,34,49,22,12,9,49,26,26,19,37,44,23,15,39,4,0,19,6,46,35,31,12,44,6,28,17,49,14,21,42,25,32,6,41,13,3,48,39,18,31,34,24,1,32,39,11,36,48,38,11,43,38,43,32,33,18,9,35,16,1,29,12,38,32,6,10,26,26,11,24,24,4,29,38,45,9,40,26,17,36,5,18,15,47,48,1,31,8,12,22,48,28,20,22,13,13,9,29,12,18,36,10,28,0,32,31,17,37,47,49,3,49,31,25,2,40,21,26,42,25,0,35,13,19,1,8,34,48,37,14,49,7,8,32,7,1,47,46,16,1,44,11,28,4,18,10,44,5,27,25,2,48]"
ta60,1506,"[0,1,0,1,2,2,0,2,0,2,0,0,2,1,0,2,1,1,0,2,2,0,2,0,2,1,1,1,1,0,0,2,1,2,1,0,0,2,1,0,1,0,1,0,2,0,1,1,2,2]","[31,27,30,4,26,31,24,11,17,7,26,28,5,23,19,21,24,3,3,18,30,28,29,32,20,21,48,34,45,42,44,35,19,31,45,43,36,15,5,43,33,42,15,34,31,42,23,33,23,28,25,10,23,20,41,41,24,6,10,8,21,36,34,34,2,5,25,20,0,19,7,47,42,25,26,28,17,14,43,32,29,28,12,4,22,40,47,25,2,33,23,13,27,36,33,26,37,46,24,46,37,32,11,7,35,24,7,42,46,3,47,40,40,16,25,7,26,49,2,44,3,35,4,26,20,14,37,33,44,15,41,25,26,42,24,17,37,28,0,16,47,30,38,40,46,22,13,42,1,19,49,40,27,39,12,31,16,15,37,17,47,22,28,26,43,25,11,44,9,43,19,13,16,3,9,20,38,6,1,12,14,30,10,13,45,22,47,8,7,45,13,31,48,27,30,12,18,37,18,15,20,46,19,12,49,36,6,5,13,18,38,27,37,43,15,12,8,16,0,10,12,28,22,12,26,47,28,23,44,26,6,12,47,27,47,8,35,10,0,2,48,0,46,3,10,25,39,38,15,7,40,48,10,49,7,29,22,41,46,35,39,44,26,48,49,21,8,8,4,9,34,37,28,25,1,30,48,15,19,15,34,0,27,45,27,39,34,12,32,39,30,0,48,26,27,8,12,40,33,14,5,18,7,16,20,1,29,25,6,1,3,21,45,38,5,31,33,49,17,36,45,8,30,9,2,44,39,24,45,21,19,3,23,27,23,4,20,43,11,7,29,4,35,8,11,35,9,28,6,14,11,44,34,38,31,21,7,5,37,19,9,35,6,44,17,31,17,27,17,0,21,1,39,5,29,10,49,20,11,15,19,11,35,34,15,11,8,13,6,12,21,19,47,44,18,20,2,13,13,43,36,47,38,24,33,1,1,48,35,6,11,0,10,34,22,49,41,12,43,4,4,4,39,48,16,13,10,4,47,46,30,41,31,33,23,1,29,17,43,31,34,11,36,45,1,10,40,39,29,45,48,30,30,2,19,9,25,29,41,1,21,39,38,49,7,43,24,46,40,23,18,37,14,42,32,24,23,32,25,25,34,48,21,25,2,2,32,14,39,27,13,36,20,32,24,41,14,9,24,42,19,49,1,30,14,43,14,38,4,32,40,10,22,0,6,26,38,20,8,18,30,11,29,23,42,6,32,45,48,32,31,27,15,11,28,33,6,5,21,37,42,36,10,35,14,47,9,48,42,17,5,33,8,43,26,38,3,22,7,0,31,18,14,12,17,17,13,34,36,17,16,5,11,2,22,9,45,8,3,44,19,14,6,16,27,41,42,33,16,35,38,43,29,18,3,46,38,42,22,30,41,37,2,46,9,49,41,48,10,4,36,11,13,20,18,0,4,5,46,36,39,20,2,28,2,6,36,31,44,24,3,43,13,16,26,49,44,29,18,23,20,15,15,45,44,13,21,23,39,35,25,32,49,31,16,1,46,40,3,3,39,14,18,21,27,16,18,38,9,35,17,36,40,16,10,42,15,22,5,7,24,0,5,28,6,22,28,9,23,29,47,9,44,37,39,2,41,32,4,38,32,49,37,40,41,37,29,48,46,5,33,16,4,34,1,30,17,12,33,8,1,0,45,29,14,33,22,3,36,8,34,7,18,35,41,19,40,24,32,41,0,9,21,22,46,40,45,47,2,49]"
ta61,1768,"[2,0,0,1,2,0,0,0,2,1,0,2,1,1,0,1,1,0,1,2,1,1,2,1,2,2,2,0,0,0,1,1,1,2,0,2,0,1,2,2,0,2,0,2,0,2,1,0,1,1]","[33,27,28,7,48,30,43,40,47,46,12,27,28,10,14,24,33,35,13,12,11,47,37,37,28,18,43,25,17,20,15,19,26,32,10,13,5,39,25,47,18,4,0,16,4,40,8,37,15,46,16,26,22,5,45,18,17,49,28,29,11,42,38,39,36,6,21,14,41,21,27,30,10,24,11,47,25,39,26,22,22,40,19,5,0,39,36,9,12,16,32,26,43,34,2,20,31,24,6,47,8,32,15,36,33,8,18,39,33,5,8,34,13,24,24,26,33,45,38,5,42,3,7,13,41,1,5,46,40,7,1,49,38,1,38,42,32,17,34,25,8,45,46,10,45,18,13,6,31,39,10,21,24,7,2,6,35,19,15,41,5,29,15,32,25,10,4,24,22,46,48,36,40,32,48,30,18,4,32,9,19,1,35,16,49,30,2,4,1,43,15,12,38,25,24,37,10,27,46,17,36,36,41,13,20,7,26,23,49,43,8,38,9,4,37,27,17,23,25,44,10,29,29,35,10,0,46,7,31,34,33,35,16,21,21,6,28,19,9,48,14,46,43,11,1,17,11,10,45,41,16,21,0,17,48,37,20,39,9,42,31,44,1,17,47,27,26,23,3,10,8,27,35,44,23,23,43,41,22,5,38,1,11,36,24,18,10,22,18,34,29,25,0,16,4,14,20,19,3,40,13,7,46,19,11,24,49,3,3,39,24,24,9,45,31,10,0,18,26,27,9,8,34,13,44,2,36,5,28,37,26,41,21,5,24,16,3,13,29,45,2,16,48,41,31,7,12,16,45,45,14,4,11,31,47,32,42,41,44,18,14,39,41,44,15,30,21,41,43,32,27,49,38,37,17,36,43,44,7,15,42,0,23,9,23,33,6,42,29,34,42,41,22,5,13,27,39,36,8,41,48,10,40,46,45,47,13,26,34,42,20,29,6,20,15,34,14,6,0,33,46,30,1,36,41,0,38,14,15,32,6,34,14,45,14,35,47,43,17,44,12,26,18,23,49,23,33,20,19,4,5,8,27,45,41,18,43,9,19,20,32,12,47,12,29,40,33,23,38,42,3,22,4,43,47,27,6,16,49,9,36,41,31,29,33,4,39,28,7,44,44,12,14,32,19,48,3,1,11,48,27,34,41,29,49,26,45,2,18,23,35,49,17,6,19,31,6,15,8,17,12,16,38,0,37,23,31,49,16,33,11,48,2,33,46,25,6,24,49,16,19,7,12,25,16,21,15,26,48,21,31,48,2,47,40,34,15,9,8,35,1,41,21,3,41,12,2,34,34,46,44,3,1,19,49,32,48,17,22,20,30,29,27,5,23,32,30,30,37,17,47,26,29,30,5,21,34,15,44,46,16,44,34,28,40,5,22,26,12,18,47,8,45,18,18,11,28,25,23,22,28,43,2,37,2,35,9,25,34,26,13,22,42,7,25,45,35,44,22,21,23,20,21,30,23,39,38,4,15,28,13,14,29,14,14,23,3,39,28,23,40,1,24,32,20,19,32,25,22,0,39,16,20,28,8,19,30,47,18,7,14,20,24,17,37,27,21,42,18,46,31,3,37,18,44,14,13,10,29,43,46,31,9,28,16,4,14,12,35,47,36,40,16,7,15,36,39,42,21,13,26,31,42,24,42,28,13,35,14,3,46,1,7,19,17,37,8,7,2,0,36,35,3,30,34,36,11,0,6,38,9,11,35,43,9,8,40,13,40,0,29,49,15,25,42,11,42,27,25,46,28,31,31,7,13,49,19,36,15,4,40,10,2,7,35,12,43,3,33,26,38,2,18,24,32,48,45,21,40,35,48,33,44,4,22,6,1,49,40,48,4,14,47,20,43,5,5,36,39,21,33,46,14,37,20,23,43,30,31,38,0,25,44,5,29,40,8,49,49,38,24,2,4,25,43,11,4,10,3,46,8,9,33,3,49,40,4,22,17,17,9,45,44,11,31,33,1,2,38,2,38,28,0,33,6,9,2,6,6,28,39,10,1,25,1,5,3,36,48,13,37,48,10,26,45,22,45,39,26,37,29,35,20,12,10,0,21,22,35,7,0,6,3,27,47,38,48,37,15,7,42,24,28,8,28,4,47,16,48,30,11,9,38,32,12,34,40,20,42,20,29,12,35,17,19,32,3,11,41,15,11,39,30,37,30,1,27,32,20,29,44,21,47,9,19,22,6,42,1,37,5,31,33,43,0,45,27,13,34,0,12,12,2,31,30,17,30,11,19,30,36,25,39,2,8,27,23,22,49,44]"
ta62,1846,"[0,0,1,1,1,0,2,2,0,1,1,1,2,2,0,1,1,1,1,2,0,0,0,2,0,0,0,2,2,2,2,1,0,1,0,1,0,2,1,2,2,0,2,1,0,2,2,2,2,1]","[9,48,40,12,35,17,0,21,10,18,44,42,33,35,30,10,12,46,40,43,44,2,45,39,23,46,37,21,36,46,39,20,28,34,11,49,38,22,2,36,15,1,37,5,45,13,31,19,12,30,10,25,6,45,49,37,10,33,16,13,6,46,40,45,1,18,4,48,42,27,19,15,0,43,24,44,1,29,39,28,0,14,48,47,41,42,32,1,48,31,28,8,41,25,36,0,33,18,45,8,2,32,13,41,38,18,28,11,44,3,25,31,38,29,11,25,15,8,25,10,26,24,36,27,48,27,2,3,10,18,6,21,4,38,18,22,9,5,40,23,42,17,22,3,11,47,29,22,33,24,10,19,1,37,49,38,27,5,31,40,48,27,22,44,9,13,16,49,8,24,6,9,43,16,32,11,36,11,42,38,14,18,37,35,38,17,33,23,8,13,9,47,19,11,15,26,18,12,31,7,1,30,34,19,43,39,26,4,15,32,20,22,0,46,41,23,24,0,48,0,13,5,37,34,22,2,36,42,35,9,39,9,9,38,44,28,2,45,17,34,49,34,27,18,45,43,36,44,13,35,17,26,4,15,25,39,11,16,46,2,41,22,13,22,14,4,27,44,2,41,5,44,30,13,23,35,4,22,25,16,14,42,30,40,37,45,25,1,16,0,21,36,41,17,27,25,12,6,10,18,42,34,21,9,33,23,30,16,13,24,45,37,3,41,8,34,24,48,37,31,44,16,25,7,9,5,9,33,15,5,46,20,16,35,16,14,21,11,30,25,29,40,40,10,35,3,42,46,5,26,23,39,26,23,31,48,43,28,4,38,33,40,28,43,6,37,28,39,37,43,29,39,33,20,34,41,27,46,4,44,30,33,0,42,18,45,29,4,42,20,28,43,11,3,23,8,30,22,11,28,49,1,34,29,6,33,11,30,5,43,13,24,28,33,15,1,16,38,19,1,24,3,37,45,1,42,11,47,0,49,40,14,41,3,29,1,27,17,17,30,20,45,1,32,24,14,12,47,41,5,28,24,44,6,2,27,44,1,8,15,29,29,19,10,36,0,7,23,39,26,10,37,24,3,6,32,1,26,12,23,28,29,31,28,41,43,39,45,6,32,44,16,18,19,6,44,13,38,2,38,44,18,23,36,47,0,2,39,36,20,20,36,12,14,16,8,14,46,24,4,45,32,20,42,47,32,30,37,7,12,41,29,34,27,31,19,12,7,5,10,4,43,38,7,21,41,29,16,15,3,11,28,5,38,19,43,9,48,14,30,26,36,12,47,35,20,48,40,42,29,7,46,2,44,33,4,7,49,42,43,30,16,32,9,7,31,43,45,2,10,32,26,29,28,20,29,4,36,49,39,32,45,34,49,42,23,10,4,26,23,49,17,40,42,5,25,26,13,8,9,34,25,14,46,21,17,28,1,5,38,18,8,18,1,12,19,8,38,8,7,0,16,22,31,41,28,22,19,44,36,7,26,38,23,18,34,38,32,34,19,12,17,40,20,17,33,45,19,19,21,48,40,4,47,12,18,24,47,21,23,47,35,39,33,47,24,6,47,10,20,1,40,8,39,21,35,15,3,7,0,28,48,38,35,48,31,35,37,49,16,11,6,25,5,21,32,49,19,13,33,31,22,37,28,37,46,44,20,2,21,7,11,43,14,7,15,3,15,43,38,11,35,26,17,17,33,10,15,40,29,21,35,47,32,0,41,43,6,46,25,25,4,8,27,17,20,34,40,39,45,20,37,20,36,23,2,12,4,5,23,19,23,13,20,13,36,18,14,6,16,20,45,26,34,5,30,25,29,24,3,35,36,14,10,46,30,12,35,24,46,14,14,3,6,15,34,4,47,41,16,21,33,7,9,27,39,35,29,9,47,48,39,49,31,17,15,13,5,2,14,5,7,37,47,40,21,49,26,27,27,33,7,19,31,22,10,21,0,49,0,1,22,16,30,4,22,34,11,11,3,9,41,13,42,32,49,31,19,3,47,22,17,15,49,15,11,31,10,48,8,25,8,25,17,0,7,32,39,47,2,36,46,3,30,14,26,32,42,24,9,18,10,45,30,21,17,2,12,9,6,31,32,46,13,3,7,26,39,48,37,46,22,8,3,26,41,25,4,13,2,40,46,27,24,1,29,49,14,12,17,48,14,22,6,15,6,26,21,3,36,6,18,31,9,0,15,27,34,34,33,0,8,35,27,12,47,41,27,48,12,40,35,23,48,44,31,30,43,7,2,8,21,20,5,19,43,42,49,32,24]"
ta63,1696,"[1,0,0,2,2,1,2,0,1,2,2,2,2,0,0,2,0,1,1,2,1,1,1,1,1,2,0,1,0,1,0,1,2,0,0,0,0,2,2,2,2,2,1,2,0,0,1,1,0,1]","[1,46,13,27,9,29,39,5,1,39,3,4,18,27,44,1,21,0,3,0,6,5,9,21,20,6,20,13,7,14,40,3,17,22,49,3,21,36,1,24,31,0,40,21,9,21,15,20,40,49,10,11,44,30,1,18,27,37,14,26,29,39,2,3,1,20,7,34,4,25,39,23,11,26,38,15,22,30,27,30,36,45,41,47,40,5,41,30,21,20,29,42,18,36,38,37,27,20,23,24,17,1,47,44,28,42,28,36,45,4,12,21,28,42,21,24,12,40,40,21,28,38,32,45,27,20,4,1,24,39,10,7,0,10,49,15,7,44,5,42,34,26,29,4,37,22,45,27,17,7,37,6,17,44,31,47,6,5,12,1,38,34,10,2,3,44,33,11,19,33,48,37,42,45,43,11,33,6,48,14,2,0,39,26,15,43,3,24,9,10,20,8,25,11,43,19,43,25,40,8,1,38,14,32,39,15,20,13,25,11,25,23,22,49,7,22,42,11,22,6,19,41,26,22,48,47,5,26,10,38,12,2,4,24,30,3,17,29,43,24,38,8,24,37,18,49,46,24,48,47,21,32,11,46,44,17,14,1,35,17,7,6,24,41,44,20,13,34,46,49,4,27,10,35,37,45,0,30,31,26,39,3,15,41,8,35,16,49,17,12,12,3,33,7,16,32,4,43,6,10,33,2,37,38,37,25,2,31,33,35,35,21,12,19,31,16,2,45,34,15,36,29,4,18,23,47,22,3,2,9,5,16,44,22,38,23,11,27,48,45,13,15,19,28,10,4,36,6,26,19,28,20,31,43,1,17,32,13,1,42,37,21,45,48,39,48,8,39,42,48,30,29,46,2,45,20,48,7,18,13,36,3,15,15,25,19,40,14,13,6,30,44,1,46,43,27,26,34,18,44,46,16,46,5,25,7,2,4,13,35,41,35,35,36,4,18,0,30,38,34,14,28,47,28,25,49,47,20,8,40,18,34,21,19,6,11,4,31,15,27,23,38,10,49,24,19,7,4,40,12,45,41,46,49,45,32,10,23,7,30,35,29,22,1,18,38,13,47,32,25,28,6,41,30,9,19,40,32,8,10,13,40,28,39,0,6,9,17,27,33,5,15,5,2,27,23,2,46,47,8,21,4,28,19,8,36,37,44,27,35,3,23,34,29,12,24,11,48,5,16,17,34,47,19,5,4,16,14,49,16,42,37,43,32,32,21,26,13,17,7,24,1,9,30,18,49,2,29,44,26,18,12,11,27,49,42,22,42,4,15,8,38,30,4,35,32,26,40,31,16,18,16,3,31,43,25,1,29,38,29,17,14,21,9,14,33,10,29,12,35,18,23,39,35,29,45,41,49,17,14,35,28,20,11,47,23,22,24,9,19,20,33,25,16,17,2,35,24,43,33,20,9,34,8,8,14,14,5,32,43,43,43,0,48,49,5,48,26,25,39,36,42,34,36,21,25,34,18,44,32,16,19,30,45,45,46,46,20,0,22,11,42,12,23,7,22,7,21,6,22,37,46,42,11,39,6,32,41,30,47,48,36,41,48,49,3,36,32,41,27,41,39,6,3,22,30,14,6,42,38,34,11,40,43,19,17,46,44,27,18,25,39,8,26,4,37,22,31,12,11,26,0,5,29,44,6,13,38,29,9,17,40,5,47,35,42,24,35,46,41,5,0,33,18,25,10,37,7,9,3,2,34,41,2,47,15,31,16,3,8,26,36,33,39,8,48,9,41,10,49,40,12,6,37,34,43,36,12,32,1,10,8,17,8,0,12,35,30,29,2,29,31,15,36,0,40,30,16,44,36,28,13,45,23,22,15,16,4,5,22,28,34,10,49,42,33,38,33,10,18,41,9,26,21,31,21,19,0,26,33,28,17,37,48,29,28,18,32,8,14,44,28,1,45,19,16,33,10,48,24,16,35,40,48,8,13,6,47,20,13,9,15,31,30,28,7,46,9,31,47,45,31,7,25,10,7,19,2,34,29,3,36,14,13,14,24,46,19,0,35,14,30,48,22,2,23,31,16,40,43,19,40,44,43,25,33,39,28,48,46,0,23,23,1,38,37,7,23,26,36,44,27,45,46,45,24,41,12,12,15,24,42,39,34,46,23,28,38,13,12,5,17,39,26,18,37,3,32,38,37,0,13,23,9,25,33,0,20,27,36,2,49,8,15,13,49,47,11,32,27,31,9,43,43,32,47,31,0,20,9,42,41,14,16,12,25,16,34,11,41,42,11,14,23,47,33,5,33,31,15]"
ta64,1718,"[1,1,1,1,2,0,0,0,2,2,0,2,2,2,0,2,2,2,0,0,1,2,1,0,0,0,2,1,2,1,0,1,1,2,0,0,1,2,0,1,1,2,0,0,2,2,1,1,0,1]","[0,6,23,11,34,34,46,7,6,48,37,22,44,38,2,18,32,26,41,44,41,38,47,3,37,37,4,47,0,47,9,30,31,18,5,36,16,32,19,27,29,8,4,25,27,42,32,9,34,13,42,31,41,22,33,10,0,9,21,4,16,14,27,17,5,42,47,46,24,1,33,5,4,39,49,22,38,14,17,37,1,15,29,49,7,23,4,8,0,30,15,27,45,43,48,38,30,12,42,25,14,22,1,30,17,6,17,25,41,32,5,1,35,17,0,33,11,0,23,30,23,28,33,42,46,30,25,28,13,11,43,46,29,26,23,37,13,18,2,25,42,40,25,11,32,15,49,38,39,32,25,12,11,10,10,15,18,7,47,25,20,46,45,40,9,40,47,41,36,6,49,5,38,12,42,44,39,39,39,23,6,1,0,31,49,31,38,48,40,16,13,0,19,24,27,30,8,10,13,22,38,5,21,48,21,41,28,4,35,19,43,43,44,3,48,14,28,42,40,16,11,30,22,7,18,29,49,16,19,19,44,41,38,5,40,11,31,49,41,36,19,13,42,24,44,24,12,5,35,39,47,4,16,37,39,14,3,40,27,41,35,37,17,49,22,21,1,42,15,8,39,7,45,28,45,37,19,15,26,44,46,2,48,14,38,8,19,11,33,8,45,40,18,17,37,37,44,11,4,30,42,9,19,45,8,0,35,20,32,18,33,33,30,15,23,49,9,6,14,8,2,33,6,9,43,17,48,32,38,10,27,37,42,26,41,33,18,26,22,1,30,46,36,21,29,49,38,11,37,37,43,28,26,49,20,21,13,34,18,7,40,15,11,21,43,42,29,6,12,13,25,2,14,16,8,5,37,7,8,11,20,0,14,46,8,17,30,20,4,16,3,46,35,43,29,2,0,7,22,26,40,3,43,43,6,32,35,16,7,36,35,41,12,27,33,27,31,31,41,20,16,25,0,24,29,49,48,24,46,47,39,21,24,4,36,8,48,44,2,24,1,16,6,14,34,15,33,1,48,3,32,20,8,26,29,23,39,3,32,23,15,23,39,8,3,28,16,29,45,12,1,22,49,29,23,45,32,45,2,24,30,41,30,9,37,24,0,48,10,19,26,36,30,21,36,35,34,27,35,45,33,12,6,46,18,5,13,40,14,26,21,44,1,36,0,18,7,5,36,7,44,12,19,44,23,33,29,26,40,47,41,48,10,45,46,47,49,37,35,21,22,23,15,38,43,31,44,23,16,34,10,2,2,17,24,28,45,21,17,30,8,4,26,0,36,26,35,19,29,39,17,25,34,45,24,29,18,26,5,4,37,48,31,28,31,34,26,0,25,27,13,32,20,25,20,17,2,39,29,40,22,41,42,32,22,22,31,41,34,33,31,7,45,29,22,35,3,13,3,24,48,4,43,0,49,34,14,6,48,4,49,13,3,39,6,11,20,46,19,18,14,47,4,35,4,10,10,4,28,9,26,42,41,40,7,24,9,12,27,49,38,17,36,38,39,18,5,14,15,8,3,20,41,32,17,23,44,34,24,24,35,47,36,15,13,25,1,40,32,37,2,43,21,2,40,46,6,6,18,47,34,28,9,28,10,20,22,10,25,38,38,12,5,27,39,15,22,46,31,16,10,21,23,20,1,18,9,36,6,19,6,43,13,19,26,3,0,13,3,12,47,2,9,34,22,15,9,1,20,12,27,47,17,21,9,10,20,21,44,6,10,45,39,3,45,36,46,36,17,2,47,43,14,19,43,7,24,16,30,13,3,3,27,22,43,8,10,29,2,14,31,20,35,7,16,34,3,0,18,14,14,15,39,31,48,40,33,4,1,29,38,35,24,19,49,43,11,30,5,28,47,8,39,28,6,46,4,24,1,12,7,48,21,9,33,28,36,19,25,15,46,26,42,25,40,48,46,49,15,33,11,13,18,27,23,34,13,11,27,21,12,7,9,17,44,5,28,12,2,17,7,5,46,27,25,2,31,28,6,35,45,44,48,17,41,1,16,37,45,28,9,11,29,7,27,42,35,8,13,30,32,15,9,47,43,11,28,41,14,12,26,31,16,21,11,16,14,1,32,8,21,43,49,16,40,47,10,5,44,42,34,18,12,3,23,28,19,44,39,23,0,34,25,36,20,20,1,31,22,29,42,36,3,20,45,36,11,27,35,32,38,47,48,40,10,33,12,34,5,2,12,1,30,20,34,4,25,9,33,10,10,18,32,38,45,15,44,24,19,31,7,42,37,23,13,5,33,26,31,2]"
ta65,1788,"[0,1,1,0,0,1,2,2,1,1,0,0,1,0,1,1,2,2,1,2,1,2,0,2,2,1,2,1,0,2,2,0,0,2,0,2,0,1,0,0,0,1,1,1,2,2,0,1,2,1]","[14,48,33,33,0,12,6,20,45,15,4,38,8,5,14,39,14,17,10,42,43,6,48,31,32,14,46,2,8,11,37,0,42,10,27,30,41,20,16,42,15,7,25,5,1,28,12,42,12,16,40,24,31,27,49,39,8,15,6,20,23,18,34,30,25,3,30,24,26,10,10,27,16,26,5,36,45,16,18,41,37,48,29,48,11,0,19,45,15,40,5,20,34,31,13,49,26,7,18,31,47,44,12,26,45,1,7,19,22,35,8,44,4,32,7,45,46,2,22,39,24,4,14,34,10,13,11,24,19,28,37,22,4,7,18,34,29,10,7,48,36,16,35,30,48,35,9,4,12,42,33,16,22,10,18,24,7,15,21,22,37,3,31,12,25,38,47,8,39,27,21,19,14,47,4,8,35,26,37,19,42,31,37,15,16,25,29,43,7,15,46,12,22,3,47,2,40,33,45,47,33,33,32,27,34,45,2,40,6,42,14,39,12,37,23,29,5,30,20,13,34,3,13,37,1,30,6,25,40,11,16,24,38,34,26,41,9,34,12,13,17,19,11,43,49,19,24,33,32,26,14,35,18,47,4,23,42,47,21,7,23,49,11,39,13,23,24,2,46,25,23,46,16,2,46,8,6,1,44,19,28,31,43,34,43,32,1,2,3,39,33,33,46,26,35,19,8,8,49,34,14,19,5,40,25,4,43,17,23,6,11,14,16,24,47,14,20,45,5,48,21,28,0,9,9,13,37,22,0,36,30,46,25,9,5,16,40,9,38,40,36,42,22,37,10,34,23,19,32,23,1,25,30,6,24,33,29,14,44,3,44,35,18,0,29,5,25,28,17,3,2,7,7,5,35,28,39,22,36,33,32,31,11,48,18,17,11,31,20,30,18,9,2,49,22,41,13,30,49,46,46,32,23,33,34,12,47,22,5,1,18,26,9,34,49,24,23,39,12,10,36,32,26,28,21,29,39,17,37,4,43,15,34,32,5,13,47,3,41,15,35,17,4,11,5,36,22,49,31,20,40,32,32,35,28,12,17,28,6,46,15,25,15,4,35,46,27,7,19,10,24,8,10,12,44,6,49,47,5,37,6,13,19,8,38,28,18,9,29,43,36,1,42,45,22,17,20,44,37,28,3,19,8,29,9,48,27,46,40,23,0,48,27,18,31,19,44,26,27,18,12,40,26,48,2,24,46,18,26,11,38,49,14,24,21,9,26,33,36,42,1,17,21,0,42,49,31,26,13,25,30,12,38,27,36,48,44,43,43,47,15,19,36,38,27,37,21,35,30,38,27,27,39,12,13,0,33,4,41,15,4,48,29,49,36,21,1,2,37,26,43,39,24,29,13,3,17,48,32,15,19,46,11,47,36,13,15,10,21,17,48,28,36,30,41,7,20,37,20,3,25,9,20,18,4,41,16,33,16,33,38,8,41,32,41,43,4,32,25,32,28,8,49,15,14,49,1,1,20,48,41,14,31,36,28,35,0,20,2,11,16,20,22,18,8,13,7,18,2,45,2,10,44,3,6,38,24,25,40,13,8,31,38,39,0,14,45,19,28,11,35,41,17,16,26,18,29,46,34,23,44,24,16,49,24,45,6,1,28,39,42,25,17,39,44,44,5,43,37,43,7,42,21,40,2,46,9,27,43,15,3,0,5,30,27,21,44,35,3,32,9,4,9,11,38,42,10,45,31,9,47,27,3,20,44,13,3,39,21,17,34,28,1,41,39,30,6,5,6,29,1,0,36,35,42,8,42,37,12,20,48,44,30,49,29,9,38,0,45,29,31,17,24,11,41,2,42,28,22,45,22,34,7,12,29,4,29,11,29,30,14,14,0,31,45,41,11,6,38,21,11,46,34,40,7,41,40,25,45,29,44,9,43,22,43,17,0,30,10,6,36,22,32,7,38,36,5,5,16,5,29,49,45,23,17,21,39,16,13,47,24,35,23,6,34,41,45,31,4,37,40,33,41,1,48,30,35,19,27,41,37,42,26,30,33,6,21,40,45,38,21,0,26,38,15,14,26,48,43,15,44,47,2,22,31,34,35,28,17,32,16,46,3,13,18,23,23,7,32,2,0,22,1,48,44,20,12,3,41,33,39,9,25,8,6,2,39,14,40,27,10,23,21,33,27,7,10,17,13,27,1,31,10,8,9,21,47,46,3,38,42,25,47,21,19,38,3,23,47,16,23,20,0,18,2,47,36,12,44,4,4,43,15,36,28,10,43,1,10,49,40,35,25,8,1,11,0,20,49,40]"
ta66,1809,"[1,1,1,1,0,1,2,2,1,1,1,2,2,2,0,2,1,0,2,2,2,1,0,1,0,1,0,2,0,2,2,1,0,0,0,0,2,0,0,0,1,1,2,2,0,1,0,0,2,1]","[18,36,30,37,29,43,41,7,27,34,44,37,27,18,38,48,11,41,6,5,21,19,45,2,37,27,17,11,46,30,10,11,6,27,11,45,34,16,45,48,46,43,40,14,8,39,45,31,37,1,40,17,40,24,18,38,47,46,7,33,11,21,15,13,16,20,24,44,35,40,0,21,38,13,11,7,14,24,36,47,32,17,23,33,31,41,17,21,26,42,43,10,18,9,31,8,6,42,12,30,24,44,20,8,39,28,10,0,23,36,4,26,8,46,35,21,6,30,27,29,45,28,4,8,10,22,28,24,22,7,34,0,32,35,6,39,39,16,11,43,20,40,19,17,19,9,12,15,47,42,0,48,14,19,46,45,42,23,44,21,31,49,36,13,32,16,12,14,1,7,2,38,29,37,30,19,22,22,37,45,25,19,43,9,27,25,11,5,36,3,48,49,29,10,21,13,4,11,43,18,25,5,11,1,25,22,10,47,21,2,18,40,5,11,1,28,2,10,30,36,29,40,32,31,23,15,0,34,0,24,43,8,5,47,2,48,0,41,4,17,13,34,32,2,16,21,6,3,5,14,20,4,36,46,38,44,22,41,37,35,43,28,15,48,42,12,33,9,47,17,25,29,22,3,18,30,18,39,10,26,32,41,32,49,41,12,13,26,44,47,11,26,30,40,41,31,21,40,14,34,17,21,2,20,6,27,16,19,48,46,25,34,3,10,21,46,35,7,41,27,2,41,20,12,45,7,9,3,28,32,38,24,17,41,31,5,21,30,9,30,24,25,9,13,0,28,1,30,13,20,35,39,42,43,32,7,13,31,18,31,40,22,19,27,41,5,39,46,12,33,9,31,34,36,10,12,5,39,30,19,14,4,18,3,25,33,41,37,31,36,11,33,17,44,34,5,37,9,40,28,20,44,15,33,25,5,25,6,27,19,46,29,39,13,43,33,22,15,47,7,43,17,5,22,31,20,40,49,40,44,26,8,28,39,44,1,34,8,15,30,43,45,35,16,33,31,26,12,38,4,14,24,42,4,12,38,45,15,16,33,37,4,17,16,19,26,43,24,4,12,49,19,12,16,26,37,23,17,40,25,32,10,28,49,2,36,27,10,5,49,13,19,15,4,25,20,18,26,8,7,2,27,4,35,24,0,37,7,10,17,23,10,1,36,25,4,7,20,34,1,2,26,29,47,36,42,10,26,2,7,10,38,6,48,22,3,37,0,48,4,21,33,49,30,17,24,47,19,1,33,27,23,38,16,6,14,41,23,31,35,6,32,5,8,24,23,45,48,3,20,32,28,27,16,21,4,43,23,44,12,49,1,24,47,0,34,0,40,28,24,12,39,30,36,49,28,33,29,36,38,46,49,20,3,42,38,23,33,37,48,41,14,45,4,39,18,26,29,33,44,43,20,48,29,34,28,46,34,2,11,13,10,4,45,8,11,12,14,47,46,27,11,29,38,38,13,0,14,21,28,9,22,11,28,29,20,26,9,9,13,40,8,47,29,35,27,18,38,17,10,30,30,36,34,18,49,46,5,9,35,14,23,6,34,1,16,44,49,44,15,8,36,20,3,42,35,16,47,48,9,22,37,6,45,22,16,39,11,0,42,37,39,9,49,19,41,5,27,26,41,12,37,5,19,44,6,32,26,35,47,9,24,27,3,32,45,30,7,7,48,32,44,24,11,26,22,2,32,47,15,33,44,44,40,25,13,10,42,35,20,38,48,35,2,3,37,47,14,6,9,41,44,6,28,45,35,49,17,28,18,47,43,34,5,12,48,43,1,30,49,39,48,17,16,45,42,3,23,18,35,2,29,17,8,23,15,3,13,38,15,15,32,13,26,20,13,8,39,42,25,35,8,18,17,40,8,29,46,3,30,34,9,22,23,25,33,39,16,43,48,39,15,8,23,49,33,40,5,1,43,38,29,15,2,8,41,19,25,16,31,13,7,49,35,29,34,36,37,8,31,1,27,1,0,10,0,23,22,31,42,18,32,2,3,18,23,1,49,0,6,12,9,28,6,42,23,45,4,5,41,1,48,49,38,42,28,4,16,19,40,33,7,12,15,20,20,3,36,19,4,39,42,12,15,27,46,3,33,14,38,34,31,42,25,1,21,37,22,3,16,26,7,25,6,0,36,29,15,0,45,24,14,18,6,14,3,22,22,43,48,32,2,47,7,29,46,44,9,31,1,35,45,15,0,11,14,31,1,21,13,46,46,42,19,39,23,25,24,26,7,46,32,21,14,2,24,36,21,14,47]"
ta67,1761,"[1,2,0,0,1,1,2,1,1,1,0,2,2,1,2,2,0,1,0,1,1,2,1,2,0,2,2,2,2,2,2,0,0,1,1,0,0,0,2,1,0,2,1,0,0,1,2,0,0,2]","[35,47,26,0,37,43,27,6,36,4,49,44,21,42,48,9,31,11,14,35,12,5,44,42,15,38,14,24,1,0,11,27,5,14,11,18,23,3,33,35,43,27,11,31,29,20,5,40,12,35,45,28,12,27,47,28,4,9,14,39,15,47,1,20,11,28,42,30,7,3,24,16,0,18,43,38,8,47,6,32,31,15,25,42,4,14,11,30,22,19,25,18,21,30,25,6,15,13,28,15,22,37,40,14,10,23,1,41,16,15,7,14,26,48,43,38,31,21,40,15,25,10,36,20,6,30,22,30,38,4,45,42,2,6,49,27,39,15,36,41,49,35,38,27,13,10,24,10,15,44,39,33,15,9,35,30,6,8,11,14,40,30,47,6,28,8,0,17,0,16,34,20,2,32,25,33,0,35,9,42,4,23,48,16,37,3,40,26,45,20,3,12,23,2,17,6,34,20,3,5,47,39,46,45,39,8,3,10,2,41,3,17,39,3,49,19,29,0,45,19,24,1,35,37,48,18,46,17,48,17,20,2,32,24,33,32,41,41,43,19,48,0,18,12,32,32,18,19,31,8,47,17,7,15,40,31,19,23,28,3,16,11,27,41,6,10,13,10,21,5,2,19,32,41,16,11,45,47,24,42,49,9,28,4,33,22,29,1,44,36,13,36,17,11,41,0,9,33,8,18,43,21,14,17,46,1,15,41,0,24,30,42,36,16,29,23,33,6,40,24,16,27,36,22,4,29,7,48,19,10,14,29,41,6,28,26,42,41,29,45,24,32,44,39,26,19,7,38,35,44,5,14,26,5,49,20,34,35,21,7,38,9,19,39,28,36,19,18,39,3,5,27,32,4,25,30,0,34,32,0,11,12,33,16,34,18,0,6,49,47,15,43,2,15,10,35,31,48,16,43,9,12,25,39,25,37,40,5,48,19,24,18,24,46,5,26,49,35,34,22,1,17,13,38,4,8,24,0,37,38,43,13,48,12,21,9,45,40,8,49,48,10,30,35,29,16,41,32,7,26,17,47,26,33,2,48,23,13,46,7,1,43,18,14,37,14,8,27,21,44,3,16,25,13,40,44,0,12,37,25,15,5,21,35,36,31,27,44,19,14,36,27,45,8,46,5,38,39,46,18,12,34,33,7,17,18,48,29,20,11,23,26,31,43,9,28,47,10,47,2,44,26,12,2,29,17,33,31,1,11,28,29,10,9,37,12,38,11,3,30,46,36,39,26,46,45,0,26,38,8,25,12,29,21,40,10,11,26,13,3,30,17,41,22,48,33,30,0,36,46,9,42,42,40,13,14,34,13,22,31,37,4,5,12,25,7,22,6,44,38,5,12,32,15,20,7,28,23,22,47,46,46,9,44,34,19,24,6,26,13,44,42,27,43,41,20,1,18,37,1,1,20,19,41,23,19,31,31,33,21,36,0,15,7,49,12,30,31,4,49,32,47,34,6,30,36,11,13,37,39,29,46,17,2,2,34,2,24,38,33,11,30,18,9,33,22,38,30,1,33,37,7,1,27,21,1,37,29,41,49,46,48,42,19,42,27,22,40,24,18,38,31,48,23,25,7,43,16,47,46,25,21,32,43,15,26,34,49,36,21,18,26,21,20,34,29,3,18,21,8,4,29,22,25,10,13,30,47,37,45,47,33,24,23,31,9,42,10,37,40,44,4,44,4,34,20,45,40,14,8,3,8,21,16,14,9,8,28,25,45,6,26,45,49,27,17,45,13,46,37,39,43,14,34,45,44,47,22,33,7,43,49,49,31,17,21,23,31,4,33,39,12,23,29,43,13,45,40,38,2,11,36,43,39,5,27,2,23,4,2,48,40,17,44,10,24,45,41,16,13,5,2,47,40,12,10,32,27,42,20,27,4,16,48,8,44,29,5,7,29,44,1,3,35,5,26,41,1,22,22,36,21,28,3,45,13,20,8,13,4,34,1,8,37,38,2,5,45,25,32,23,28,2,10,38,22,1,29,49,46,28,46,48,21,32,19,9,35,6,11,35,20,24,7,40,12,33,39,17,14,43,49,37,34,39,36,19,36,35,16,14,17,39,13,7,16,42,43,32,5,41,32,34,22,10,8,22,42,4,32,6,46,3,9,15,25,9,18,35,10,28,12,48,3,42,26,30,7,8,0,7,6,30,47,6,28,46,28,4,25,36,38,20,23,11,28,49,40,49,44,27,23,1,24,0,16,35,37,20,25,9,41,3,31,16,34,42,23,39,22,15,19,24,2,23,34,18,31,17,20]"
ta68,1793,"[1,0,1,2,2,0,1,2,1,2,2,1,1,0,0,0,2,0,1,1,2,0,1,1,2,2,2,0,0,0,1,0,2,1,1,1,0,0,2,1,1,2,1,2,0,0,0,0,1,2]","[25,42,1,28,25,30,5,21,41,33,29,19,39,9,4,47,37,30,36,35,17,29,44,29,11,22,1,16,23,17,13,8,11,32,40,7,44,31,17,44,9,7,43,30,14,31,33,17,25,44,23,37,2,19,38,45,38,11,4,2,36,10,24,26,0,12,11,43,20,40,11,27,8,12,1,32,29,19,0,18,17,48,13,49,42,17,5,7,4,49,21,33,9,0,14,4,20,12,9,49,21,16,31,45,22,29,12,43,0,45,35,35,34,2,42,22,24,38,17,15,42,39,11,5,3,30,44,33,5,43,14,37,24,44,20,33,35,43,14,9,14,23,19,30,28,1,12,34,36,37,2,30,38,33,19,14,42,7,24,20,6,10,27,18,47,27,15,21,9,13,11,14,45,23,6,10,41,19,43,2,45,24,11,13,43,20,36,4,18,1,46,48,34,24,26,30,47,37,29,20,23,29,29,37,34,28,9,3,1,46,15,49,20,25,48,21,22,1,45,44,13,25,6,13,49,4,27,40,39,10,14,31,9,3,8,41,3,1,36,29,40,45,41,15,21,33,36,49,21,41,45,0,32,47,6,47,10,22,1,17,30,33,27,4,44,23,15,30,29,32,22,37,39,20,11,32,43,45,8,19,49,23,20,25,35,26,39,19,16,49,31,13,45,24,19,23,33,10,12,41,46,12,31,32,5,24,46,12,32,19,3,33,33,9,38,23,16,26,48,48,16,24,13,8,29,5,8,0,27,34,18,21,18,24,48,15,38,27,22,20,14,37,36,15,48,32,44,20,32,3,7,22,32,12,9,42,15,14,8,16,7,25,39,15,44,19,31,7,38,17,26,37,12,13,34,6,34,44,46,24,30,4,29,30,13,5,3,47,18,28,8,6,27,13,19,40,19,9,41,36,17,4,34,3,9,8,5,47,12,18,0,35,42,2,35,24,22,42,29,39,2,13,48,25,48,17,14,0,6,18,41,2,27,15,29,22,47,16,44,28,36,7,14,34,16,15,30,21,0,46,36,41,2,46,47,12,28,15,18,13,16,41,15,49,22,21,32,40,6,47,29,36,32,1,5,37,35,6,30,35,2,41,47,33,1,8,35,1,22,44,32,5,46,46,18,37,26,44,36,33,9,42,10,39,24,26,34,39,17,10,23,14,38,42,15,20,35,38,11,47,3,18,43,17,5,31,34,21,12,2,15,47,3,13,45,26,37,44,37,28,37,40,45,9,42,33,3,15,11,27,27,25,3,28,34,47,31,4,29,8,23,25,14,43,16,33,46,38,13,43,1,43,22,3,28,10,24,18,24,30,23,3,49,41,45,36,47,7,39,2,2,1,2,0,42,41,3,25,37,19,48,47,6,38,42,23,29,48,16,30,16,44,7,40,49,10,14,17,4,11,42,47,13,40,8,49,22,6,1,26,26,39,21,23,41,36,14,0,31,49,0,9,40,32,11,29,34,19,32,7,45,25,23,6,46,30,38,35,36,28,40,49,7,1,28,43,38,40,26,42,41,31,39,40,43,15,13,11,24,29,32,19,8,2,38,11,28,20,43,5,31,48,33,21,31,35,21,1,34,30,18,27,22,17,8,0,48,26,15,48,30,39,43,3,10,11,27,44,23,27,5,12,6,8,5,2,27,28,42,5,12,23,47,16,10,8,46,18,19,31,33,14,46,17,32,21,14,21,37,31,42,37,12,19,45,10,16,41,31,4,41,20,38,47,26,28,7,17,22,2,7,41,28,32,48,25,4,28,9,48,20,9,38,40,18,16,45,20,46,36,13,48,48,25,6,3,16,19,45,46,31,42,44,6,38,4,32,31,39,34,46,37,10,16,3,35,49,9,1,27,11,23,24,4,7,12,26,35,28,38,3,49,12,39,44,14,37,7,40,9,12,35,8,7,37,35,40,1,4,5,13,45,7,18,16,21,35,6,10,12,42,30,41,39,21,4,11,31,34,17,18,41,25,27,43,15,11,2,0,45,6,20,47,25,40,15,11,16,26,44,4,40,43,45,36,27,0,43,19,26,46,38,21,22,32,46,40,20,25,36,34,33,46,43,4,39,20,8,49,26,10,33,2,39,48,7,0,25,42,6,29,31,3,46,24,49,25,0,26,18,6,23,10,14,39,8,13,34,2,16,35,5,27,0,7,25,10,26,5,9,28,10,30,6,38,36,49,5,4,17,34,23,22,48,17,49,36,0,28,1,18,27,8,22,0,21,22,35,33,40,28,10,5,39,24,20,24,34,26,18]"
ta69,1824,"[2,2,2,1,0,1,1,1,1,1,1,0,2,2,0,2,2,0,2,2,1,2,0,2,1,1,0,2,0,1,2,1,2,0,1,0,1,0,1,0,0,1,0,1,2,2,0,1,0,2]","[8,18,31,7,22,13,11,21,15,48,2,0,40,9,18,41,3,13,43,41,24,24,6,0,20,30,10,0,13,1,5,17,23,23,25,10,41,35,49,16,25,30,11,37,31,17,42,40,40,40,6,38,2,47,29,45,47,41,2,30,19,16,45,31,42,6,49,26,29,45,0,32,0,35,47,39,18,10,30,22,10,6,9,1,35,44,1,4,35,44,11,18,37,12,25,36,43,20,34,34,3,27,12,23,25,11,42,4,44,23,39,21,9,42,10,35,20,35,17,19,10,24,26,34,8,45,17,31,44,24,25,33,36,3,36,31,1,9,8,42,2,3,2,16,33,7,23,4,41,29,11,12,20,13,12,2,26,27,5,45,36,21,27,5,15,24,7,3,7,22,32,44,15,11,11,39,49,36,24,19,23,8,38,14,15,17,39,25,9,48,20,48,43,43,23,44,19,29,2,7,41,48,46,38,10,37,33,15,45,14,28,28,10,4,16,8,43,45,48,32,22,2,26,25,40,44,3,23,40,46,0,24,36,43,30,4,40,31,13,21,46,32,34,2,11,7,9,6,11,29,7,28,49,44,14,11,46,12,7,13,46,27,22,12,35,6,20,11,12,35,36,40,48,33,20,1,18,27,0,14,39,29,32,44,33,4,41,1,33,6,33,9,14,2,16,21,31,4,49,37,19,36,34,46,17,38,22,40,9,5,17,34,26,46,20,23,16,21,25,27,14,39,43,35,43,47,27,47,32,29,48,7,5,45,31,28,0,27,22,49,26,17,43,2,45,24,19,12,33,39,31,12,8,41,24,41,13,21,36,1,39,12,38,27,24,0,32,30,38,44,25,27,21,44,10,10,6,14,29,6,18,27,42,49,4,28,1,9,33,44,46,28,49,33,37,6,39,27,37,24,17,30,17,30,11,18,30,39,19,30,9,18,23,38,18,29,36,25,18,25,48,10,5,39,4,24,3,43,26,43,40,46,18,4,24,42,46,10,33,17,49,20,24,2,43,29,1,9,5,20,37,31,16,3,46,8,37,20,2,1,33,30,8,3,3,8,6,28,12,20,34,14,3,34,19,5,38,40,19,33,11,15,38,39,16,31,37,31,2,16,45,38,14,12,23,48,2,16,9,42,26,43,1,12,47,38,13,47,30,2,15,36,1,29,25,11,10,40,13,8,32,0,32,24,0,47,18,42,19,42,23,7,8,17,6,39,26,9,13,1,28,28,26,13,40,26,1,16,0,29,41,19,6,12,36,20,41,37,32,49,12,31,5,5,35,23,38,17,24,19,21,23,6,19,2,32,8,0,7,49,45,43,27,22,49,43,21,5,21,18,47,18,10,22,0,45,29,23,39,38,37,9,49,40,46,6,26,21,24,4,3,28,10,14,21,32,19,9,19,41,38,33,11,21,48,16,32,18,41,15,25,36,14,0,26,15,7,14,37,45,4,5,10,45,19,20,48,12,28,21,7,33,23,22,24,20,16,44,19,4,32,40,48,15,8,33,42,32,4,42,39,30,14,43,25,42,42,32,8,19,32,4,29,34,29,17,0,5,13,44,16,48,35,17,7,37,37,45,25,0,28,16,5,35,35,28,48,46,32,37,45,34,21,46,47,44,8,13,37,23,29,47,35,49,3,1,21,11,35,3,40,20,35,34,9,24,31,25,23,30,18,7,16,43,44,42,22,13,47,15,31,28,22,39,30,20,34,6,10,8,35,4,14,3,36,14,28,15,29,47,28,13,27,17,39,3,16,39,47,47,6,11,30,19,36,15,48,11,36,8,26,5,46,2,36,46,31,9,6,33,25,39,3,28,14,28,31,43,37,49,17,38,48,22,46,48,18,36,26,20,22,38,7,46,44,41,44,37,34,0,37,31,20,34,9,18,47,4,13,24,15,10,7,47,49,38,37,41,33,7,2,15,27,4,23,40,35,17,35,43,19,14,30,15,26,15,49,33,17,35,38,34,26,45,13,30,26,34,43,13,13,25,16,5,10,9,29,13,11,3,26,20,15,25,27,6,22,1,40,0,36,30,27,44,1,32,21,41,45,38,21,25,5,36,41,18,8,11,45,7,22,31,47,42,42,0,12,32,48,14,33,14,34,4,8,42,27,5,26,12,29,34,28,41,42,16,15,49,2,27,10,8,41,45,1,22,34,9,34,41,14,39,12,40,22,49,21,42,3,48,15,5,22,46,48,3,31,44,38,16,29,17,23,12,46,47,1,47,40,1,18,7,5,4,22,28,27,49,6,30]"
ta70,1892,"[0,2,1,0,0,2,1,1,0,2,1,0,2,1,0,2,0,0,1,1,0,1,2,0,1,2,1,0,1,0,2,2,2,2,0,2,1,0,1,2,2,2,1,0,1,2,0,2,0,1]","[16,4,28,21,35,17,45,49,47,25,7,44,7,39,43,38,44,24,27,16,24,11,31,31,32,46,42,43,45,32,28,36,41,30,48,41,11,16,25,26,32,44,35,33,46,7,25,42,37,24,24,39,40,27,33,28,25,27,36,22,37,10,44,18,27,7,47,6,2,34,23,10,4,13,36,38,31,15,42,12,23,30,37,49,3,40,12,19,47,0,19,2,35,43,5,16,40,32,27,14,33,38,40,19,32,40,48,9,34,6,15,33,8,44,14,44,23,9,15,23,1,48,29,1,13,5,34,15,36,41,43,26,34,37,23,27,37,43,15,7,0,40,26,28,4,19,12,4,3,10,42,8,0,9,41,19,18,46,39,18,1,20,26,9,27,18,4,31,38,21,7,21,42,37,10,48,45,32,11,9,19,13,6,26,18,21,31,39,29,45,12,23,34,35,28,6,2,25,3,47,1,24,43,34,18,30,19,48,8,29,48,34,9,23,6,42,11,29,29,35,11,39,43,9,9,23,12,45,13,8,9,39,14,24,5,46,20,28,9,4,46,46,37,32,40,41,2,25,28,1,20,41,37,4,32,7,17,46,19,39,41,6,16,20,33,11,18,38,47,46,4,14,4,47,44,1,15,14,34,47,49,14,4,49,22,35,15,13,34,32,42,25,47,9,4,7,17,47,37,30,17,28,31,16,18,28,2,32,26,30,15,30,6,38,29,7,5,49,27,2,39,12,29,41,8,6,44,0,14,37,17,39,25,28,11,10,33,43,29,34,47,1,4,11,38,16,17,8,8,30,3,10,10,26,45,1,45,42,11,41,8,4,12,17,49,26,2,45,5,49,36,33,13,7,14,35,10,45,49,38,49,47,45,8,33,25,48,45,45,25,32,44,46,21,29,18,5,45,33,48,33,46,24,9,47,12,20,48,33,40,34,13,1,29,26,25,6,2,40,39,35,3,1,31,15,30,20,19,11,31,44,2,8,20,8,2,1,21,0,42,7,22,21,42,30,29,48,34,36,21,45,18,15,38,36,39,0,35,18,46,5,16,46,35,5,24,18,36,7,40,7,4,27,1,30,32,22,49,22,35,23,0,2,30,21,29,5,16,48,25,23,20,40,31,0,7,18,24,35,31,18,11,49,34,20,10,9,22,8,24,32,3,17,20,17,47,32,41,2,20,11,40,26,3,6,9,36,17,13,17,24,4,26,33,29,30,1,23,3,5,13,9,23,41,14,30,26,16,36,21,45,25,20,36,0,37,31,29,17,0,1,8,44,28,6,11,15,23,33,44,27,34,41,14,14,36,21,22,15,12,31,12,43,4,46,41,41,3,33,46,35,48,15,29,24,24,0,24,7,28,41,3,16,28,2,28,30,21,8,37,23,38,4,33,34,14,36,38,7,10,7,10,47,0,18,11,0,12,33,17,46,15,16,5,3,6,44,24,34,19,10,45,5,27,20,45,15,24,49,43,28,6,1,25,13,11,26,46,19,23,35,40,38,46,5,24,27,6,19,34,1,41,30,15,27,46,11,49,8,42,37,27,39,14,7,35,19,17,46,3,38,1,27,43,5,13,36,27,22,14,29,9,37,23,10,36,22,14,28,26,41,33,30,0,12,31,42,36,8,48,3,30,20,41,25,41,12,2,21,48,42,44,27,35,5,19,43,12,3,11,49,1,17,10,16,0,8,31,20,25,49,0,26,26,25,17,42,19,25,21,32,6,21,38,41,39,28,43,46,34,22,29,5,31,0,31,22,24,33,39,35,43,38,43,39,14,6,42,38,5,47,2,47,15,32,33,1,22,6,18,2,26,40,43,21,0,31,11,32,23,10,42,23,35,8,9,22,4,47,44,13,3,22,38,42,15,43,48,43,49,16,18,21,16,40,30,25,11,22,32,22,38,12,40,17,7,9,14,36,48,6,13,20,48,36,10,16,22,2,32,35,17,44,9,48,39,40,13,3,49,37,31,29,49,19,30,2,18,2,19,3,22,15,3,38,48,43,24,10,10,12,13,22,42,16,21,47,31,17,27,8,6,10,8,45,12,1,27,0,45,26,44,23,40,28,28,37,33,30,43,29,38,5,39,21,44,16,12,20,37,18,13,18,19,36,4,15,42,44,37,7,40,21,11,48,16,4,13,13,26,37,13,2,35,34,28,12,20,42,47,40,14,24,13,17,49,39,14,25,6,49,19,31,45,3,37,39,19,23,26,20,32,12,16,5,29,5,47,0,27,20,39,44,22,14,36,10,3,34,9]"
ta71,2705,"[2,1,0,1,1,1,1,1,0,2,1,0,0,1,1,2,0,1,1,0,1,0,2,2,0,0,0,2,2,0,0,0,1,0,2,2,1,2,2,0,0,0,0,1,0,2,2,0,2,1,1,0,0,1,1,2,2,2,0,2,2,1,1,1,1,0,1,2,1,1,2,2,2,0,1,1,1,1,0,2,1,0,0,0,2,2,2,2,1,1,0,1,2,0,2,2,0,1,0,1]","[9,7,51,69,94,37,76,87,90,31,81,44,53,64,12,38,31,3,19,7,99,45,16,7,84,20,11,85,19,73,66,16,28,96,41,44,51,7,73,57,50,7,53,44,35,79,31,71,74,25,17,62,40,12,83,34,47,77,68,72,8,99,20,45,20,7,76,74,24,42,26,13,82,42,0,25,31,72,10,47,90,92,27,82,18,67,11,75,75,0,72,21,8,44,91,48,84,60,23,61,58,79,36,33,80,64,72,96,57,50,60,58,66,35,58,11,72,7,80,17,90,85,18,3,35,22,12,95,16,15,44,71,88,62,63,36,44,80,37,50,70,32,19,58,11,21,82,12,29,1,98,71,41,4,64,18,44,92,29,4,80,41,12,25,33,43,3,60,49,23,90,85,47,59,5,14,28,31,4,40,6,95,0,58,9,15,62,15,13,88,61,56,89,18,76,70,53,71,63,70,90,81,94,25,29,65,54,67,2,64,25,56,68,16,48,53,35,52,26,93,35,50,78,69,67,89,98,54,77,56,28,30,92,26,56,16,44,69,66,69,97,15,4,36,26,68,91,73,77,34,20,58,8,68,27,66,99,23,11,76,9,89,18,14,78,26,20,13,47,55,10,85,95,66,51,50,81,33,1,12,8,88,35,57,21,36,1,96,30,70,14,29,76,39,91,54,57,95,51,64,26,38,49,96,97,69,27,47,22,42,41,29,5,76,72,32,61,90,3,17,6,13,81,37,14,44,57,16,1,55,33,49,55,89,23,63,9,12,33,69,40,52,6,74,24,7,15,13,65,39,22,5,96,97,66,26,70,20,45,28,13,60,78,81,28,50,83,55,88,30,20,13,7,38,32,86,67,12,92,33,91,1,46,43,36,23,5,17,85,99,39,57,90,21,42,31,15,39,26,54,56,45,33,34,92,6,93,76,2,71,73,87,74,56,83,34,41,56,98,95,22,24,62,69,38,69,13,47,47,92,47,85,1,60,39,7,5,87,84,8,75,3,19,36,65,1,3,78,31,57,51,80,45,39,1,61,85,67,90,53,50,87,68,52,31,37,73,82,93,92,21,45,17,27,41,95,22,34,30,99,11,17,40,58,77,99,47,73,38,30,61,6,6,4,22,0,20,88,74,54,59,71,73,9,51,80,40,24,6,75,96,35,68,16,11,59,57,20,43,73,37,45,20,26,96,52,23,90,97,11,34,66,78,94,88,78,17,14,66,55,74,67,99,90,0,80,96,57,0,41,11,96,66,56,81,41,39,53,36,35,88,97,33,76,43,50,25,30,32,72,83,59,32,88,6,41,96,6,14,45,91,76,19,91,99,52,67,32,9,13,52,25,61,62,26,16,96,5,5,53,65,47,14,25,56,56,14,20,76,58,31,48,87,57,31,65,46,94,55,69,8,79,70,61,42,33,87,31,5,22,0,85,69,2,22,25,95,36,52,33,81,37,18,91,63,65,48,50,47,98,42,15,85,6,87,12,71,14,80,9,43,26,77,86,39,67,89,16,60,63,86,19,57,36,91,83,47,79,65,92,78,43,1,59,43,30,29,72,53,94,30,22,93,46,75,82,80,38,34,5,93,12,41,97,11,58,97,16,91,23,38,84,78,82,48,55,56,92,8,82,29,77,14,91,97,35,92,59,99,2,3,87,36,94,36,8,74,10,34,41,90,91,4,67,92,83,24,79,30,27,60,63,64,96,80,75,19,6,79,9,69,82,55,62,42,89,13,78,63,3,85,57,91,24,68,89,87,87,60,9,49,57,75,41,76,96,9,77,92,22,60,82,14,79,81,87,50,79,93,60,2,74,88,48,40,45,38,44,30,43,64,64,94,52,6,14,76,62,10,95,40,53,97,82,84,46,68,61,54,41,99,42,53,50,20,16,65,10,97,43,66,72,63,95,19,2,37,26,3,59,96,86,10,24,64,61,73,38,70,76,60,53,11,52,54,86,55,48,31,86,82,13,66,46,0,94,48,95,69,67,86,18,55,0,6,13,4,32,40,58,1,16,8,56,62,84,34,72,20,43,53,60,82,10,2,19,68,71,22,60,82,58,87,38,72,93,45,2,24,55,52,17,80,36,45,28,0,25,54,83,31,31,65,52,97,23,17,92,6,40,33,60,3,21,96,51,98,17,70,72,43,51,78,55,94,62,49,48,39,35,32,42,76,1,3,12,50,97,74,14,3,31,75,75,77,58,7,3,55,50,28,14,54,70,23,19,97,63,19,53,62,19,83,84,99,38,21,37,40,0,24,0,70,33,66,44,73,81,55,19,84,2,80,77,35,65,5,27,75,45,13,79,88,18,21,27,52,23,46,79,79,37,51,93,97,46,34,89,68,8,64,28,43,25,29,46,17,2,45,43,94,89,95,7,29,16,84,75,24,66,2,64,37,34,12,18,5,52,26,63,61,50,83,61,4,15,29,93,5,12,95,85,27,81,48,95,42,62,21,59,57,63,58,62,48,34,79,27,38,58,93,28,81,65,9,54,73,81,22,71,33,77,24,30,74,83,34,73,35,18,12,55,54,65,88,48,53,69,72,83,47,17,47,37,70,42,90,98,32,51,37,8,31,45,29,99,36,86,70,59,64,22,88,34,74,19,87,75,76,64,49,20,67,37,15,75,90,7,98,4,75,85,86,59,34,67,35,45,98,56,67,15,68,24,34,89,94,84,10,47,1,96,92,80,42,42,24,24,31,5,85,28,89,90,90,46,58,26,63,69,12,17,31,33,4,31,8,70,1,19,24,84,62,59,79,3,35,39,14,46,70,40,77,62,28,57,81,27,49,30,84,73,51,43,56,87,41,48,75,29,0,28,51,5,5,94,84,34,99,49,16,71,3,40,22,32,93,32,85,50,98,21,29,93,51,28,63,98,21,47,59,91,71,78,52,79,49,51,11,76,81,78,85,94,5,39,21,57,53,98,30,8,80,92,43,44,32,8,99,64,81,39,38,6,84,24,49,24,7,67,44,12,77,37,56,18,52,79,46,1,69,4,29,62,40,61,84,7,11,55,7,63,95,3,18,8,39,73,66,96,67,42,33,95,54,68,27,45,93,74,84,61,30,50,90,54,61,3,74,49,78,37,29,32,82,92,63,50,52,18,9,78,19,95,44,23,40,96,0,67,77,24,83,80,36,58,78,29,78,30,39,80,13,1,30,21,48,70,45,82,94,14,88,53,68,27,89,6,93,26,2,85,54,71,57,72,25,73,67,54,44,56,79,15,91,65,55,19,43,77,59,10,46,83,90,60,61,82,13,90,11,70,86,60,89,4,79,7,5,18,93,40,25,56,98,13,33,54,2,15,10,92,46,18,17,74,74,99,4,26,10,21,80,44,29,17,86,85,48,91,9,2,39,10,48,72,85,67,73,98,94,96,17,14,74,93,17,89,41,32,67,49,46,95,66,54,86,61,53,43,15,98,62,72,30,20,97,86,65,5,99,55,98,27,34,36,42,15,53,72,49,85,23,48,80,51,94,78,61,31,51,70,72,2,25,23,23,83,2,91,59,57,64,71,5,76,98,23,55,40,4,71,81,52,74,47,57,10,9,28,35,0,74,27,10,71,47,71,75,15,96,27,83,80,35,82,27,22,77,56,70,62,26,76,65,69,54,92,75,12,49,21,0,41,42,65,2,50,20,21,77,12,35,78,88,4,11,3,72,40,25,39,42,65,61,52,9,9,27,87,63,81,43,9,1,59,24,52,32,58,46,13,85,23,2,21,59,99,68,11,23,98,34,22,40,86,36,54,51,32,4,0,33,10,29,51,23,16,24,39,9,11,30,2,75,69,63,55,86,21,84,60,10,91,27,35,13,13,88,70,6,98,0,61,50,60,45,74,17,22,49,74,92,90,40,66,30,53,29,32,38,70,93,99,9,66,20,95,63,78,42,46,46,16,75,38,62,77,25,82,18,63,68,67,97,65,79,1,91,16,48,52,11,44,26,4,49,83,87,65,88,94,38,26,35,64,44,95,33,1,35,46,19,69,37,94,88,89,33,14,60,58,83,61,25,64,43,13,98,21,64,68,71,0,59,15,3,15,16,47,42,69,76,51,59,42,17,73,7,58,71,45,66,59,44,72,18,58,8,28,18,3,81,12,54,94,93,87,41,56,84,28,45,32,38,15,6,47,28,97,73,29,20,88,73,86,0,49,64,49,41,83,1,82,7,36,91,77,86,26,4,86,68,8,28,93,37,15,1,21,27,28,30,4,40,77,12,66,81,87,83,51,56,64,91,68,89,46,23,73,10,5,89,38,94,41,88,19,39,48,36,6,16,97,2,39,20,27,49,99,43,20,62,86,36,11,71,68,93,10,14,92,57,90,18,38,79,66,34,38,10,79,88,71,98,89,17,81,19,37,78,25,14,63,41,36,83,33,87,22,28,86,53,44,10,50,11,89,37,32,84,65,25,69,46,22,32,60,87,99,59,9,18,8,8,4,75,89,8,23,48,62,77,97,82,37,80,6,95,16,15,68,84,39,22,97,25,49,7,76]"
ta72,2542,"[1,0,2,2,0,1,0,2,2,0,1,1,2,1,2,0,1,1,0,2,1,0,2,2,0,2,1,0,1,1,1,0,2,1,2,0,2,1,0,1,1,2,2,2,1,0,1,0,2,0,0,1,1,2,0,0,1,2,2,2,0,0,0,1,2,2,1,0,0,2,1,0,1,2,1,0,1,0,2,2,0,0,1,2,2,0,0,0,1,1,0,1,2,1,1,2,0,0,0,1]","[34,36,17,12,67,80,24,79,20,84,79,93,16,46,53,19,63,27,89,64,60,41,47,89,92,5,99,18,1,10,76,76,61,24,99,71,44,71,23,26,47,43,21,82,62,73,17,83,3,27,36,53,91,93,85,0,76,35,15,7,85,9,68,41,98,15,50,38,88,23,75,17,67,66,65,28,68,3,46,81,77,1,2,13,65,88,20,39,6,55,46,16,34,65,76,5,64,59,15,44,2,96,58,93,23,25,40,72,75,22,35,16,92,55,87,29,71,3,26,98,73,4,97,95,99,8,55,33,52,50,31,15,20,57,11,69,80,40,94,45,87,41,28,81,52,5,9,32,93,21,66,38,12,71,9,44,78,38,81,43,45,78,9,77,0,41,18,18,14,23,12,85,42,53,75,79,65,66,6,79,5,75,80,47,76,59,66,21,8,37,40,48,79,85,26,94,70,40,69,43,44,9,72,18,76,29,0,11,13,2,71,38,47,81,49,46,56,45,99,40,37,42,23,49,64,82,84,20,2,7,25,56,87,98,13,5,33,57,14,63,17,24,94,91,51,86,5,96,42,23,25,70,32,57,44,56,13,3,84,19,0,60,46,99,1,35,22,34,99,89,21,30,44,57,13,48,36,22,85,83,30,7,43,37,99,40,44,36,54,12,26,44,69,34,82,43,90,31,27,36,45,16,58,7,37,2,56,11,12,95,82,76,43,20,75,12,55,99,50,57,50,29,26,66,17,68,15,2,80,28,32,68,27,28,42,90,35,22,86,4,23,31,20,26,52,52,97,0,26,81,39,63,34,10,13,64,64,48,18,94,54,95,58,28,56,81,1,34,20,34,71,41,8,28,92,7,70,62,34,90,57,7,60,23,54,54,35,23,5,64,68,58,6,49,29,69,43,53,28,77,76,22,87,59,9,98,43,6,70,38,74,14,4,97,59,96,42,19,42,73,98,94,93,96,61,6,61,95,34,91,12,81,96,63,65,45,62,86,4,92,30,15,52,87,34,16,74,19,50,44,34,59,60,77,62,56,93,72,32,32,83,22,65,23,97,78,92,47,86,96,80,72,72,70,64,98,87,44,66,35,9,25,5,80,19,86,75,8,35,64,13,8,51,24,29,0,23,52,47,86,15,81,40,38,60,61,21,75,48,81,59,12,20,39,83,49,76,5,69,91,6,39,62,79,27,88,68,48,95,12,10,79,2,36,84,10,87,28,35,42,10,89,30,52,36,3,97,67,86,60,63,62,79,63,72,38,17,47,54,51,60,51,80,70,29,26,13,73,23,92,82,41,21,19,68,89,53,81,16,35,53,54,88,91,92,25,3,30,55,38,0,12,56,45,96,53,71,83,6,55,59,60,91,37,88,38,16,57,21,23,55,61,0,82,80,78,81,27,23,97,78,21,22,49,38,19,85,51,97,98,83,76,66,15,21,50,24,51,56,62,49,27,58,0,73,66,84,36,94,3,47,59,89,34,25,58,35,17,21,85,46,91,63,17,73,4,14,93,91,68,15,57,77,23,84,37,44,58,10,56,90,32,53,32,87,9,28,22,15,70,52,26,33,72,61,12,80,85,72,95,14,44,8,65,43,79,51,17,67,77,40,92,1,47,2,19,65,37,31,88,47,20,42,29,90,12,91,72,42,14,53,2,40,24,98,43,90,20,94,5,80,54,29,75,99,36,85,74,39,96,85,96,6,88,77,36,74,6,78,91,59,16,30,60,84,40,90,51,76,7,85,83,93,33,55,95,9,73,99,20,49,98,48,27,57,65,26,77,35,6,60,97,1,81,13,93,52,26,83,24,3,28,52,67,17,74,72,12,13,20,17,72,64,84,87,80,78,3,93,26,56,34,16,4,84,12,12,11,23,96,57,31,93,88,3,49,89,90,14,70,8,37,35,12,65,67,96,94,93,63,55,22,67,79,21,77,17,52,7,14,50,47,86,71,74,5,14,31,6,22,92,84,28,9,92,82,62,71,14,19,65,41,0,50,14,62,63,83,61,68,22,70,7,53,1,20,40,89,61,39,66,1,9,33,84,62,70,28,41,42,75,32,21,84,18,19,13,64,54,11,47,71,61,2,60,50,84,20,49,19,4,25,65,45,11,59,46,77,26,90,53,32,37,70,44,31,69,9,1,32,95,88,58,17,43,18,25,37,95,66,39,38,75,46,92,76,1,64,50,66,23,98,57,53,27,29,96,27,74,30,11,34,97,76,54,84,13,45,45,17,92,98,41,42,66,69,76,8,0,41,88,36,66,15,39,0,41,42,87,73,43,71,94,65,93,32,57,94,75,5,40,82,83,33,77,83,94,36,38,83,9,32,10,33,99,19,38,48,31,25,77,33,80,4,30,37,97,96,54,14,15,20,11,38,29,15,28,92,50,33,64,39,25,74,87,45,24,41,68,35,99,32,36,37,25,56,45,80,48,35,60,32,71,74,78,99,98,94,55,45,31,96,49,10,1,72,26,2,56,45,44,83,47,40,53,63,81,48,7,50,30,18,58,61,11,68,4,72,18,50,30,87,89,8,74,18,46,30,46,40,92,50,78,78,69,73,74,81,97,7,30,9,64,74,93,93,53,50,88,68,89,58,55,43,97,22,16,86,74,13,98,10,40,57,58,3,46,60,82,33,56,30,84,6,52,63,91,78,75,80,69,63,92,8,16,68,46,79,39,53,48,98,39,31,18,83,14,85,95,82,94,63,12,87,51,48,6,8,40,58,62,9,81,98,79,19,59,26,73,97,44,91,84,16,54,69,69,97,27,12,52,76,66,88,90,45,93,28,55,97,44,58,48,82,1,84,52,10,89,3,38,4,11,93,12,29,93,83,86,5,50,76,45,10,65,5,36,48,54,53,87,63,44,51,25,33,32,39,42,86,44,37,1,18,95,3,94,31,72,8,17,21,52,80,30,15,7,37,68,2,23,88,18,61,39,27,69,16,35,49,21,53,51,96,60,87,97,84,20,71,69,23,1,23,33,4,3,54,56,25,64,26,94,43,66,62,72,76,90,56,15,11,63,82,59,90,41,69,97,95,78,5,74,2,99,53,7,29,63,59,69,31,39,1,8,93,96,53,9,35,48,1,35,61,71,47,63,5,45,79,2,43,16,62,83,49,67,28,67,13,67,78,13,85,90,80,79,86,40,41,29,31,70,48,4,91,40,55,57,98,6,18,24,68,86,67,99,4,18,27,31,59,73,88,24,73,82,14,73,65,58,30,83,13,73,15,41,75,65,1,46,57,35,37,24,75,25,92,68,13,21,32,25,49,55,79,98,82,73,55,32,91,74,31,58,42,73,22,65,81,26,25,88,89,82,64,90,92,8,95,19,76,10,56,58,21,11,95,86,68,83,15,1,88,18,57,87,63,33,77,64,31,86,51,8,73,54,61,3,21,11,99,82,31,37,83,56,3,52,51,24,62,69,21,81,43,25,66,75,10,37,34,46,29,82,43,6,54,27,42,96,5,39,94,70,94,22,96,6,38,43,86,2,72,48,61,0,57,58,86,82,24,12,70,36,77,32,39,16,26,30,11,75,20,19,89,99,51,29,56,33,19,96,80,49,7,22,19,85,9,67,79,46,74,93,99,31,89,63,86,49,24,56,70,27,69,87,19,58,14,72,36,17,59,62,14,55,77,66,82,90,74,79,65,16,47,77,71,4,77,29,67,25,8,97,64,15,7,89,90,47,71,89,87,18,5,80,16,45,55,10,11,38,33,0,71,61,79,65,26,68,51,74,24,21,91,4,34,78,78,68,53,42,81,68,89,95,17,10,57,49,48,18,24,75,71,41,13,8,92,72,41,11,36,29,77,91,2,77,39,74,22,0,42,91,6,35,47,46,27,13,30,7,52,61,9,67,89,3,78,4,86,84,50,67,59,56,5,86,22,41,67,46,85,45,49,4,69,14,50,8,80,20,28,33,69,61,45,88,49,3,70,54,60,1,80,85,34,41,8,95,62,28,78,9,37,32,27,38,64,50,14,24,3,87,70,55,98,63,14,62,11,10,58,33,28,78,90,60,10,20,42,10,24,40,96,25,73,6,97,98,71,74,26,51,3,42,67,36,21,44,89,92,33,97,11,34,27,37,76,85,71,17,84,51,94,60,0,95,66,45,39,62,73,36,59,24,92,95,90,24,39,19,81,30,85,4,47,61,99,94,16,2,11,14,88,33,61,48,7,69,35,81,9,54,95,57,30,70,38,54,10,52,22,88,42,48,49,79,8,60,19,38,54,85,51,75,67,27,64,58,7,0,54,15,91,79,52,2,91,29,46,11,34,31,49,62,82,29,51,67,51,28,90,28,17,44,64,43,20,15,52,31,7,10,7,2,6,77,16,98,87,55,57,72,75,88,0,36,22,78,67,13,29,48,22,66,16,39,75,33,27,32,47,0,59,46,78,17,65,4,5,91,37,30,72,70,66,76,46,95,41,55,85,40,4,83,61,18,50,60,94,59,70,0,60,89,62,99,18,90,25,34,47,73,6,2,1,59,43]"
ta73,2701,"[2,0,1,0,2,1,1,2,2,0,0,2,2,0,2,0,1,2,1,0,2,0,2,1,1,0,1,2,0,0,2,1,2,1,2,1,2,0,0,2,1,2,0,1,0,1,1,1,1,0,0,2,2,1,2,1,0,1,0,1,0,1,2,1,1,2,2,0,2,1,0,0,1,2,0,1,1,0,1,1,0,1,0,2,0,0,1,2,0,2,0,0,2,2,0,0,2,2,1,1]","[8,74,43,46,18,80,83,39,61,63,36,90,17,74,35,59,76,68,47,74,93,5,42,18,64,45,55,22,35,11,76,92,49,40,6,98,53,87,79,37,67,32,87,47,11,93,65,18,94,99,19,55,18,49,44,54,76,80,71,56,4,75,52,43,28,90,78,46,30,60,38,14,34,39,73,68,76,30,83,27,50,43,45,82,36,65,80,77,79,96,2,83,41,88,35,61,94,32,34,49,42,25,25,56,62,36,3,31,84,80,44,91,3,52,11,66,95,53,26,36,61,51,79,69,22,31,39,65,29,97,40,82,61,87,38,19,68,94,6,99,56,12,53,37,73,26,15,70,77,73,21,74,56,63,7,92,5,43,0,88,17,98,82,94,95,1,87,27,78,90,64,58,43,84,73,23,83,4,84,98,90,19,97,58,62,96,98,23,2,64,3,99,77,28,46,17,58,11,32,71,67,63,5,69,15,10,53,24,36,17,32,45,72,19,20,83,45,21,57,53,95,46,92,44,98,61,24,51,42,93,12,59,26,53,56,34,35,59,88,86,33,12,57,32,96,0,79,92,4,20,20,67,94,36,13,67,8,25,20,64,96,63,4,58,10,97,92,55,8,0,3,73,93,57,28,12,43,33,28,0,11,31,37,56,77,72,58,74,6,55,97,91,99,40,81,8,64,48,68,27,13,41,60,73,75,96,27,95,17,93,89,70,77,36,56,64,84,95,34,68,96,51,2,37,70,30,78,2,52,13,77,37,13,47,5,89,1,29,35,30,94,59,26,20,18,27,85,25,60,28,7,80,64,42,43,72,14,21,30,41,18,16,22,23,22,39,63,57,56,84,90,39,84,79,10,75,37,35,35,75,91,70,16,36,81,38,27,59,74,31,66,81,24,24,24,55,54,78,1,67,73,58,86,78,15,10,34,36,38,75,93,33,36,30,2,42,22,64,20,71,79,86,32,88,60,90,85,46,0,53,7,71,5,49,33,58,0,25,72,38,11,85,53,44,96,21,65,43,56,17,90,21,9,76,92,87,96,16,78,35,16,52,75,40,3,7,21,86,9,30,2,10,79,29,94,13,25,47,92,24,35,48,55,66,91,49,46,99,43,73,72,62,44,32,50,48,71,48,75,58,69,86,34,33,99,70,49,52,55,15,24,8,0,68,92,27,63,82,68,86,48,52,81,28,97,79,20,6,83,45,64,94,64,7,60,59,72,39,92,6,4,48,6,34,81,97,90,34,43,99,44,25,51,91,5,70,57,83,81,15,36,77,69,21,74,67,60,89,41,34,41,73,72,48,63,11,65,65,97,6,66,44,50,28,5,80,94,13,37,89,95,88,33,88,82,12,55,51,66,23,39,55,31,30,71,66,48,75,50,14,57,72,46,25,29,77,83,72,25,15,65,12,86,12,47,46,91,43,56,57,84,97,59,62,13,84,26,62,10,56,60,77,44,1,53,4,80,15,47,76,51,27,79,45,98,59,95,6,9,89,18,91,83,25,22,79,88,25,25,25,28,55,18,36,3,13,98,15,78,15,98,26,12,10,23,54,98,39,47,82,76,57,11,66,33,61,29,94,20,26,89,22,8,28,1,10,90,50,82,95,96,56,18,48,95,99,26,67,63,55,43,79,12,91,1,14,30,51,18,85,57,19,56,57,30,60,20,81,29,31,31,67,80,23,7,32,81,42,21,23,27,9,37,24,5,32,84,29,60,83,50,84,46,76,86,30,89,70,19,65,67,87,94,98,93,51,53,52,71,83,7,5,22,59,63,30,35,69,84,79,68,97,87,16,20,26,48,95,52,54,85,8,69,66,63,64,30,98,33,49,29,69,14,11,27,76,76,48,4,73,0,90,88,29,45,60,4,99,61,74,10,70,44,11,7,73,68,74,16,96,16,74,63,31,48,41,68,78,52,31,0,60,13,56,98,38,49,29,26,52,77,81,33,97,62,39,45,99,26,9,37,12,55,97,9,17,99,59,59,16,69,88,80,87,94,32,2,44,44,42,51,5,85,16,3,34,5,2,28,75,27,13,23,78,32,64,93,34,17,22,47,78,20,17,92,54,82,16,86,54,47,6,80,92,72,80,15,46,42,17,27,48,72,65,66,5,18,86,67,20,52,41,74,89,32,76,9,46,80,32,78,45,70,91,14,39,65,98,92,77,49,87,84,89,1,1,26,36,25,75,70,83,10,14,87,41,84,64,1,5,69,91,15,24,67,54,37,96,51,28,63,40,40,69,77,46,98,61,71,96,63,44,93,19,25,19,42,99,51,32,20,72,10,85,2,99,30,20,39,93,36,42,48,78,43,93,23,65,46,56,7,44,91,90,74,47,88,18,8,80,32,10,84,18,89,9,37,86,12,53,94,25,24,0,9,86,57,91,30,66,61,9,22,5,3,35,37,86,85,64,62,79,13,59,63,9,34,94,15,51,80,90,97,73,26,33,70,3,87,75,2,63,1,40,23,13,49,71,40,97,15,86,37,98,54,49,74,70,3,87,45,79,86,33,30,34,89,75,76,66,46,7,89,23,27,24,27,76,91,83,92,37,61,8,72,10,62,85,95,19,60,19,78,29,89,55,98,43,2,75,81,16,31,70,37,12,64,17,68,3,21,17,31,60,81,50,11,25,90,58,14,19,41,39,17,85,84,99,75,72,28,87,50,44,20,23,54,79,82,65,32,68,55,59,2,50,14,80,90,71,59,68,10,6,28,21,41,49,85,45,6,12,47,12,54,83,13,46,12,95,25,11,44,7,26,60,52,53,26,40,60,76,76,48,14,43,46,40,18,38,13,65,88,24,41,85,11,54,76,44,83,49,30,24,38,87,33,38,58,72,71,14,11,43,9,42,66,62,87,54,59,1,47,16,75,21,3,58,74,66,6,93,53,41,66,53,31,31,5,26,92,36,57,81,16,12,38,78,52,58,3,88,11,67,1,39,54,61,90,69,61,41,15,28,62,94,26,2,63,94,17,45,83,74,35,15,69,68,13,13,83,81,55,54,70,89,20,41,23,37,1,2,59,84,37,57,13,91,57,56,65,72,59,29,35,51,8,33,0,79,74,64,7,24,41,82,57,74,3,38,61,64,15,67,40,22,50,76,55,29,82,95,46,54,14,48,68,27,97,35,80,86,61,7,86,7,33,13,69,9,93,80,88,71,9,5,69,73,0,38,6,89,39,33,24,83,64,98,57,53,25,4,29,50,27,36,8,92,4,82,0,29,43,77,75,87,16,1,2,47,51,22,2,95,85,54,34,48,10,20,76,73,62,57,14,19,28,3,55,43,95,9,65,19,57,89,56,33,47,20,97,23,52,32,7,68,11,61,2,62,2,45,18,39,16,99,22,44,50,96,47,87,10,16,30,53,26,90,83,62,11,8,17,19,68,42,50,61,75,76,32,72,91,90,32,86,87,98,93,8,18,41,49,61,23,6,40,7,18,56,74,39,42,3,35,69,77,65,18,51,4,52,91,81,1,18,19,45,23,29,94,60,76,51,12,52,29,1,6,59,92,73,58,38,1,70,38,69,58,6,9,92,0,98,7,8,69,49,74,31,28,7,61,21,39,23,9,68,14,45,14,92,67,80,93,8,1,81,80,40,99,28,17,88,53,16,59,78,10,65,89,47,63,90,14,82,3,92,46,34,10,47,82,60,24,16,9,78,4,5,62,33,33,61,50,49,75,96,69,97,37,3,67,30,22,89,2,35,46,79,69,17,98,16,85,29,95,35,14,51,86,55,4,31,6,73,36,58,31,28,19,85,31,96,5,40,51,75,77,0,69,91,21,67,97,36,61,28,31,71,63,45,44,49,73,0,14,1,88,48,53,84,66,72,21,63,4,70,4,52,19,94,68,53,58,82,37,40,88,29,95,41,65,54,84,58,4,72,71,12,78,82,77,39,85,17,40,47,24,4,50,40,74,8,71,73,45,77,21,21,42,26,43,34,59,0,93,42,34,51,89,36,55,60,36,39,4,15,78,80,22,88,27,82,81,81,86,52,70,73,14,50,97,50,5,24,0,91,66,21,66,97,48,10,60,42,22,6,91,21,90,47,85,10,7,19,17,29,96,96,94,68,84,67,62,50,96,20,21,19,42,71,93,40,77,51,42,66,22,95,85,62,11,12,53,38,81,55,49,88,60,0,87,90,8,54,85,38,62,30,79,33,65,91,62,70,3,99,15,11,47,9,27,34,39,22,42,15,35,20,45,99,81,33,8,9,62,56,23,64,26,18,84,31,46,88,13,1,28,27,79,67,83,66,23,45,78,22,58,15,24,71,14,82,50,4,92,8,8,22,27,5,78,24,72,94,38,67,85,13,35,99,95,71,52,40,71,32,6,4,31,63,57,19,49,71,41,38,77,93,99,75,62,17,41,93,45,11,54,67,87,65,82,93,52,79,40,7,57,16,58,70,12,6,38,41,49,42,66,48,89,64,43,97,96,96,70,44,73,3,25,81,21,38,0,34,54,82,95,2,56,77,23,34,58,88,44,35,37,50]"
ta74,2656,"[0,2,1,2,0,1,0,0,2,1,2,1,1,0,2,1,1,2,2,1,1,1,1,0,1,2,2,1,0,2,0,2,0,1,0,2,1,0,0,1,2,2,1,1,2,0,2,0,1,2,1,0,0,1,1,0,2,2,0,2,0,1,1,1,1,0,2,2,2,0,1,0,1,2,0,2,0,2,0,0,2,0,0,2,1,2,0,1,2,1,2,1,2,2,1,2,1,0,0,2]","[85,19,75,48,59,12,15,32,91,46,48,55,16,88,28,20,72,1,8,28,2,99,75,25,36,82,4,86,16,15,26,8,47,83,75,89,65,52,36,32,49,88,89,32,79,70,79,46,26,92,66,92,62,15,23,69,23,49,96,32,80,46,93,24,82,85,73,15,45,22,22,59,5,80,30,12,0,3,91,13,74,3,58,16,68,23,20,5,65,85,93,39,80,46,72,29,53,41,91,9,77,39,36,15,35,16,61,36,58,53,69,34,68,44,94,37,59,98,72,54,19,51,22,22,95,93,5,85,68,11,80,41,18,33,3,10,86,23,83,89,89,8,42,67,80,55,44,92,33,11,83,67,19,99,89,28,32,80,19,3,77,59,71,8,61,60,47,81,51,98,56,31,96,38,64,89,74,77,83,81,44,24,73,81,2,20,1,10,35,53,23,51,27,9,25,41,13,15,45,80,27,86,38,60,26,50,12,66,87,47,3,65,93,71,9,40,6,22,16,53,86,14,24,72,1,8,34,51,30,7,51,93,1,75,73,42,39,46,8,80,14,7,59,63,37,89,12,21,49,57,48,53,32,51,22,32,26,77,4,31,55,29,63,62,59,37,32,77,13,59,20,34,0,21,61,84,30,94,98,76,89,45,27,70,25,87,90,56,26,76,25,86,50,9,40,79,36,66,93,41,71,64,17,43,79,34,19,18,37,33,36,39,55,73,22,51,0,58,72,53,52,30,6,39,2,88,70,60,68,4,79,23,9,79,43,11,29,2,73,4,77,28,89,33,95,64,2,54,52,79,97,4,95,49,48,27,63,78,24,11,95,25,72,29,11,75,6,44,96,2,0,72,90,48,92,32,29,52,81,13,45,15,83,18,76,14,85,58,71,74,72,35,29,97,19,85,62,90,88,94,3,75,68,10,71,25,18,35,68,28,42,88,63,59,56,74,86,76,65,54,11,12,48,12,42,83,3,38,51,34,21,4,14,37,93,18,95,77,30,19,94,82,79,33,74,83,74,58,33,90,63,88,71,30,13,50,23,28,34,51,57,48,56,5,96,76,23,58,63,68,7,46,48,54,54,17,20,95,57,24,90,24,91,19,50,79,25,72,74,19,87,69,57,60,28,91,4,1,34,49,28,14,77,97,23,71,74,34,58,14,10,33,91,78,85,45,4,44,38,47,98,96,69,44,29,21,86,61,95,34,15,60,35,40,92,31,99,76,11,1,39,23,43,88,16,75,97,78,5,28,12,82,90,33,2,81,49,51,44,3,76,43,77,29,32,78,9,41,39,50,49,91,38,42,63,70,11,47,21,49,17,78,17,14,81,68,70,7,56,65,15,26,66,65,55,50,60,73,35,51,98,56,80,53,37,12,27,97,58,61,16,97,90,0,3,61,17,55,5,75,96,31,22,24,3,13,47,30,21,1,72,78,18,91,83,19,26,64,77,7,47,60,53,14,80,94,63,77,82,84,47,7,12,81,73,63,99,17,22,41,40,35,3,50,74,92,54,86,46,52,32,67,49,91,57,94,64,46,5,76,3,51,41,25,81,48,66,88,11,85,61,35,39,35,86,67,17,67,75,83,90,73,32,13,12,10,64,96,37,72,84,15,49,7,82,71,16,5,18,92,5,5,43,1,13,24,99,73,89,71,22,82,13,55,14,2,90,78,56,17,73,45,19,90,6,97,32,9,45,48,95,1,42,61,96,84,38,85,94,93,10,31,61,4,97,3,55,62,51,78,87,25,46,14,21,44,65,13,40,88,81,72,55,97,99,27,53,11,65,23,25,18,52,46,55,6,22,96,30,14,81,94,62,61,84,29,22,26,79,53,47,92,29,1,85,52,68,42,84,30,92,25,46,40,12,73,67,54,49,26,57,85,89,8,76,25,49,4,7,69,70,89,59,52,31,17,8,65,89,23,62,87,80,86,58,64,52,90,37,69,36,15,43,92,76,58,58,22,7,76,88,99,21,42,61,94,30,24,77,28,67,65,83,77,93,14,98,66,24,99,17,97,76,9,40,45,41,33,52,71,97,81,69,4,44,75,66,69,0,55,93,46,49,56,48,88,12,92,88,69,90,39,50,82,28,43,12,57,31,44,33,40,63,6,98,16,46,49,56,94,18,16,33,28,54,9,87,96,39,83,29,82,80,87,78,74,12,52,98,8,84,20,40,93,4,99,46,74,17,61,86,84,31,98,21,84,20,83,53,19,58,19,50,37,43,72,71,37,35,33,73,3,78,38,7,52,47,92,30,28,52,21,84,79,59,57,25,69,84,18,35,64,59,21,10,57,36,98,61,95,57,52,40,53,66,63,60,56,44,73,56,64,76,69,67,81,14,63,75,8,17,17,45,78,58,8,5,15,52,91,31,39,62,25,62,6,17,71,32,17,95,55,7,88,54,69,79,72,78,53,47,63,10,62,67,64,40,40,26,61,81,79,89,1,19,57,24,37,91,98,42,9,16,35,42,45,5,36,54,43,14,99,42,67,20,78,44,71,3,75,54,83,54,29,21,67,13,76,85,38,31,18,62,54,92,41,48,95,51,49,4,59,65,86,6,28,80,75,44,25,54,87,82,27,40,94,50,40,76,6,56,51,79,82,98,39,5,88,60,37,34,66,46,96,16,84,26,1,2,21,27,58,69,73,30,36,68,60,98,62,30,57,12,15,44,0,85,84,60,80,7,16,58,39,17,27,85,90,65,30,14,50,50,61,37,20,61,15,21,78,9,23,78,92,17,56,21,84,88,20,50,51,35,52,94,36,6,3,87,70,56,57,60,31,75,30,20,16,8,49,95,38,1,26,35,0,39,21,43,14,50,54,25,43,7,22,55,38,67,80,13,92,43,93,93,22,11,78,38,79,19,71,37,42,75,90,10,33,49,92,43,41,61,37,16,77,70,95,83,56,64,27,84,48,65,28,11,29,3,23,64,99,46,4,59,24,78,1,47,85,10,85,97,26,32,1,68,50,9,68,61,40,89,74,72,34,8,36,94,43,13,94,39,9,45,99,36,58,42,64,60,53,6,60,22,6,33,45,38,27,97,40,55,8,60,8,97,39,66,64,79,39,47,15,65,27,86,70,88,78,91,96,77,52,96,35,38,81,67,74,79,74,27,73,60,70,29,53,38,87,7,66,41,64,6,10,1,1,85,94,10,73,21,70,55,5,7,50,10,53,4,32,12,75,55,90,71,79,21,8,95,38,95,26,54,65,0,11,9,37,97,6,62,6,6,83,26,18,84,83,91,16,50,47,57,44,62,41,2,56,23,38,89,5,56,13,36,27,24,27,94,55,31,5,0,47,52,68,79,32,2,74,28,30,5,93,33,0,31,78,16,68,2,46,20,37,89,75,71,68,36,57,41,47,46,93,86,75,31,31,9,27,80,4,0,65,69,67,96,18,44,41,98,71,24,14,48,2,57,0,85,95,45,47,4,5,27,82,62,56,45,25,67,28,54,19,40,77,20,72,9,5,35,27,59,99,52,23,31,18,6,91,58,12,51,18,99,82,36,86,11,3,36,85,12,87,69,15,32,70,90,9,38,57,71,29,10,41,93,63,99,15,62,10,87,91,62,7,96,83,25,79,84,76,15,93,81,81,62,53,58,53,34,21,57,59,72,33,74,33,13,30,47,97,70,45,37,43,54,17,66,40,76,91,70,61,35,43,49,98,46,91,24,2,92,6,52,35,91,97,8,82,68,37,65,20,96,19,89,87,82,94,68,20,66,96,55,34,8,53,30,14,75,7,41,82,62,64,58,19,68,67,44,50,66,53,14,42,20,11,3,42,43,19,74,10,44,23,98,73,5,76,11,99,26,48,73,13,26,88,48,11,66,29,82,94,67,45,28,69,18,40,9,49,25,87,66,70,98,69,11,80,87,65,96,26,54,8,77,24,84,72,10,9,10,41,59,88,82,38,80,72,41,77,63,43,99,43,2,69,87,59,51,10,60,39,29,84,2,6,78,43,51,58,94,99,88,2,2,34,48,2,27,96,24,90,34,22,16,93,59,0,68,95,92,47,48,87,36,1,61,32,92,42,64,45,91,74,28,99,70,41,42,81,0,4,29,42,15,9,33,72,49,45,63,32,56,0,91,23,35,40,66,26,85,86,3,50,60,95,27,29,63,70,48,31,83,18,69,67,36,21,97,87,73,18,25,8,62,83,59,99,97,60,73,38,71,0,13,14,56,64,30,24,13,34,29,31,57,0,31,13,71,38,15,22,98,39,89,86,76,59,11,11,83,45,93,22,12,16,7,81,90,17,4,33,35,22,88,24,20,54,69,45,41,82,74,86,65,67,87,1,64,1,84,94,90,0,18,34,66,63,16,76,68,86,66,86,63,60,44,98,63,23,23,87,4,19,13,70,12,42,64,7,26,67,6,57,34,18,98,2,51,75,48,24,37,97,55,89,28,42,70,90,81,30,77,50,66,10,20,34,7,33,81,47,36,34,31,80,44,65,82,62,0,17,95,39,46,70,20,55,95,20,93,74,96,92,80,77]"
ta75,2639,"[0,0,2,0,1,1,1,1,1,2,2,2,2,0,1,1,0,2,1,2,1,0,1,2,2,1,0,1,0,0,2,2,0,2,2,0,2,1,0,1,2,2,1,1,0,2,1,2,2,1,1,0,0,0,0,0,1,1,0,2,2,0,1,2,0,2,0,2,1,0,2,2,1,0,1,0,1,0,0,0,1,0,0,1,2,1,0,0,2,2,0,2,1,1,2,2,1,0,0,1]","[75,68,19,52,36,40,26,28,79,58,27,33,34,23,98,36,71,92,37,80,71,18,17,51,86,28,53,85,19,1,34,57,99,44,34,62,30,93,4,68,37,84,16,26,49,90,82,29,6,18,75,77,71,47,99,1,0,89,73,35,44,58,43,66,84,37,38,61,25,79,60,35,30,69,89,80,3,44,88,47,52,10,26,68,89,37,10,92,0,32,26,21,63,22,83,84,61,18,1,45,20,73,59,54,24,32,29,57,91,11,42,30,56,12,39,81,8,62,81,12,4,49,21,97,18,37,13,0,37,6,27,7,44,6,43,73,18,86,21,93,31,19,21,28,83,96,36,44,49,34,83,70,8,70,76,20,6,99,53,30,65,64,94,29,71,59,34,48,58,38,57,11,89,57,40,76,9,36,12,92,22,35,44,65,0,66,82,14,96,78,59,65,97,45,63,16,4,25,14,95,14,20,47,89,69,67,13,43,50,71,98,31,85,91,56,97,48,91,73,0,15,96,89,70,84,86,5,75,1,53,9,80,30,63,67,19,35,84,40,97,24,81,47,87,80,11,80,40,32,77,65,62,74,98,2,83,35,75,8,84,20,76,59,36,86,28,61,98,80,42,79,34,16,95,13,11,6,86,78,41,86,2,11,45,74,25,50,6,22,96,86,34,62,91,41,74,31,68,51,10,85,95,21,18,22,83,57,66,97,90,40,13,71,28,20,70,94,54,23,19,84,6,41,63,52,93,8,74,55,68,68,35,51,58,4,84,14,20,90,54,96,86,98,9,67,70,65,60,32,78,90,31,62,35,42,47,22,16,29,71,15,78,85,49,46,15,92,17,65,76,52,50,34,73,27,81,68,75,81,62,44,78,42,60,28,69,73,44,10,75,64,30,49,7,97,82,23,44,10,58,49,69,87,38,59,11,78,99,44,43,83,71,49,84,2,57,20,99,18,42,82,26,17,97,55,17,56,59,69,73,97,42,74,59,36,10,62,69,87,13,75,99,91,3,12,25,32,76,77,75,17,40,20,68,83,74,69,30,51,88,34,31,88,25,14,89,78,3,88,6,1,73,96,9,92,23,42,14,14,56,29,72,30,48,2,42,6,22,32,49,32,50,64,29,74,89,82,50,94,38,66,64,5,48,88,41,18,62,17,32,68,12,43,14,0,43,58,55,29,8,78,35,0,64,19,8,1,97,18,83,63,62,99,10,73,47,7,65,55,43,21,50,95,33,86,19,51,27,86,38,87,72,57,93,29,57,99,27,99,43,67,31,84,83,21,89,65,5,19,87,60,22,45,33,58,23,64,81,29,35,0,43,37,17,39,30,85,85,39,98,90,87,31,94,3,15,80,86,91,45,23,4,72,71,44,63,84,59,56,43,44,88,39,99,42,4,72,3,54,53,23,4,79,12,68,63,76,90,2,53,79,33,52,60,29,49,85,74,4,82,26,66,40,10,70,70,78,25,32,59,91,5,69,46,78,77,63,86,55,95,78,45,67,26,56,47,9,53,44,94,92,83,33,60,23,69,2,3,50,31,43,25,41,10,88,17,56,83,24,28,10,15,59,36,52,92,56,16,97,23,53,26,7,82,62,97,44,95,34,63,92,69,23,23,52,31,56,45,93,92,75,24,50,67,90,22,92,60,47,37,96,98,83,86,82,93,95,70,12,9,1,16,85,86,30,77,10,3,10,76,48,55,98,37,68,60,55,30,47,82,98,52,64,81,87,84,97,4,24,63,83,59,66,46,77,61,0,84,7,55,21,95,79,57,57,80,91,59,40,72,39,31,15,88,15,51,53,67,68,69,92,92,76,39,3,19,4,50,56,10,26,16,61,39,29,92,49,90,13,94,77,69,26,43,48,69,35,70,5,46,42,6,26,38,51,5,34,38,14,93,58,80,41,38,65,90,96,66,68,81,89,9,35,86,22,38,27,89,96,59,35,75,27,1,6,90,38,46,8,91,86,11,4,25,46,17,32,98,53,15,21,65,53,6,9,3,78,41,51,67,73,21,92,33,82,84,31,38,27,12,54,37,49,48,95,56,60,85,93,90,54,18,79,75,71,15,87,92,85,2,1,78,87,99,50,63,71,76,63,65,0,7,16,23,32,64,2,72,37,74,24,48,28,45,62,51,77,70,20,27,12,28,73,0,62,55,95,67,7,6,5,90,89,50,54,37,3,40,13,15,68,39,34,95,91,39,40,46,41,65,25,81,24,87,83,98,66,74,98,76,80,3,56,54,11,22,95,90,1,85,74,22,7,13,83,90,88,94,58,33,5,97,20,93,77,68,44,63,17,31,91,36,34,87,9,77,60,32,18,75,55,38,38,80,72,55,3,59,58,35,82,32,88,62,80,1,52,7,35,1,41,27,48,74,40,64,98,17,91,33,84,13,52,79,1,4,52,6,93,26,95,0,36,81,2,24,42,36,68,1,52,83,4,41,81,51,3,59,79,22,93,12,12,91,50,69,88,73,79,21,92,82,27,87,65,82,47,56,71,26,18,88,33,61,11,16,19,91,8,46,54,38,98,77,70,36,31,64,57,67,16,46,33,25,98,18,87,44,33,75,69,64,62,39,43,55,81,2,33,60,98,67,31,51,88,81,81,10,33,20,11,47,41,84,42,87,29,12,75,27,26,78,67,57,88,9,18,29,36,20,30,32,48,8,36,84,8,32,42,59,27,53,72,46,45,66,17,45,6,58,73,50,18,0,30,25,29,42,63,65,15,9,13,16,79,10,80,64,95,60,2,17,16,79,76,63,14,93,83,36,4,44,72,61,55,62,43,6,80,93,51,58,22,8,0,64,25,24,42,13,19,62,58,61,72,36,77,94,27,54,39,9,80,34,37,77,72,58,26,94,64,32,25,79,74,11,15,70,1,4,41,29,60,78,56,28,5,91,46,54,52,97,11,23,40,47,82,56,18,7,81,1,64,37,5,68,90,66,46,80,41,74,42,4,76,92,16,71,41,14,94,73,93,59,40,6,99,25,15,84,85,29,94,74,38,75,75,66,13,21,89,58,51,91,27,30,89,24,78,88,79,6,26,0,96,82,94,72,23,56,0,96,67,4,12,82,65,5,48,64,2,85,5,14,81,22,99,7,53,77,94,6,10,65,22,89,82,48,77,11,5,12,55,42,5,69,35,23,6,36,88,85,47,75,67,8,3,8,96,80,35,63,70,58,31,82,11,24,35,12,21,25,46,41,3,34,65,61,94,30,94,24,92,96,17,94,85,91,72,5,7,98,1,98,71,0,48,54,50,45,8,14,69,66,16,72,81,36,14,11,3,98,61,51,48,19,42,11,28,53,66,40,79,85,27,53,86,76,47,50,67,74,20,73,90,38,57,82,96,61,28,8,9,94,73,45,28,50,17,52,89,21,63,21,52,71,13,10,60,42,25,40,53,19,75,13,70,15,12,19,93,52,55,51,73,4,7,4,63,93,24,2,63,40,33,72,1,70,43,28,16,64,53,5,37,66,22,9,46,86,60,70,26,27,54,41,44,39,94,89,71,24,23,61,16,14,58,7,9,53,83,15,38,48,70,77,73,52,7,55,76,87,61,30,20,67,20,32,63,7,99,85,76,66,3,21,45,30,99,62,7,19,9,49,17,20,22,62,93,87,54,64,93,35,87,50,37,21,77,19,22,11,40,97,17,16,48,49,71,45,53,43,54,73,28,91,46,85,79,41,46,15,48,95,2,70,60,43,45,60,62,40,66,72,89,33,45,9,79,25,54,35,28,96,48,5,1,83,61,53,28,80,21,86,78,71,20,23,26,23,94,27,45,29,8,12,65,72,97,45,32,96,8,43,49,64,14,46,61,47,0,87,9,90,2,79,24,37,49,33,99,31,80,76,7,57,0,78,14,84,86,90,10,95,47,31,68,81,39,79,74,76,33,54,0,12,23,81,60,18,62,61,4,40,74,13,38,34,57,35,96,15,64,19,7,46,69,11,50,58,29,91,96,47,60,44,39,29,71,84,78,30,79,26,57,54,55,48,31,60,47,49,65,49,49,61,97,96,23,55,8,72,37,95,24,2,99,56,59,34,13,33,52,53,19,30,48,70,56,2,25,81,82,17,52,87,22,59,88,98,42,10,71,3,15,46,21,7,31,14,14,13,34,5,66,41,51,26,9,43,16,39,2,96,76,77,13,93,34,20,18,57,50,44,76,83,78,9,54,85,51,24,40,41,58,25,93,90,56,88,75,11,87,59,66,22,31,24,49,68,69,39,46,99,5,77,51,72,47,69,55,13,8,97,61,56,38,45,43,88,36,21,32,27,51,32,15,72,33,8,37,55,12,28,74,61,13,39,67,36,37,18,38,50,66,36,27,89,34,39,90,33,45,19,20,80,16,3,89,73,30,94,66,97,74,95,49,11,67,92,51,99,99,17,12,28,95,41,52,88,14,91,95,39,1,77,2,24,57,75,5,28,67,18,61,97,47,92,58,19,16,68,29,20,39,15,2,57,85,3,54,17,65,76,10,24,25,70,57,67]"
ta76,2690,"[1,0,0,1,1,1,1,2,1,1,1,0,0,2,2,2,1,2,2,0,2,1,1,1,0,0,0,2,0,2,0,0,1,2,2,1,2,0,2,0,0,0,2,0,1,2,0,1,1,0,2,2,2,1,2,1,0,2,0,0,2,0,1,2,1,2,0,0,0,1,1,2,1,0,2,1,0,2,2,1,0,1,2,1,2,1,0,2,0,0,2,2,1,2,2,2,1,1,0,1]","[3,15,48,24,77,5,33,94,15,76,54,50,85,3,37,53,26,20,53,25,11,98,5,9,54,73,40,66,18,28,32,54,55,72,51,47,65,92,1,12,81,13,98,5,65,13,40,31,18,90,44,82,99,90,88,34,94,12,86,1,84,22,44,20,61,64,23,39,16,61,20,53,36,59,12,29,83,60,13,11,70,7,22,50,27,74,39,12,38,95,41,86,10,48,36,42,90,52,47,4,31,35,75,96,6,45,79,36,2,40,91,12,26,17,66,13,17,10,44,72,83,39,64,57,81,41,26,66,14,92,86,47,6,75,65,78,79,83,81,15,5,66,37,99,38,96,97,17,21,1,43,97,48,84,55,74,26,27,81,2,26,86,24,98,39,77,59,3,40,43,39,13,11,79,61,40,7,65,78,61,70,28,48,4,8,18,93,35,33,30,81,2,95,44,66,80,84,96,93,38,0,28,19,19,86,71,96,13,73,64,69,53,67,73,3,74,34,10,53,78,75,89,55,10,26,18,65,85,27,54,21,95,1,26,59,15,24,70,71,82,49,30,45,43,50,5,15,23,79,69,4,31,77,49,12,44,73,42,61,45,61,55,91,99,49,10,64,57,68,84,3,88,10,34,29,59,58,22,43,16,75,39,51,69,61,96,33,25,54,58,95,21,96,80,86,21,6,43,22,63,47,43,42,61,42,85,62,31,32,52,19,0,66,60,24,88,73,74,88,5,96,78,10,9,57,67,92,21,13,32,63,6,53,6,81,77,99,65,3,69,55,94,68,62,52,45,41,52,61,14,37,83,89,50,50,67,97,59,5,91,62,18,70,45,63,60,17,44,16,34,98,45,35,92,67,44,66,37,83,46,20,63,69,91,10,77,2,23,7,1,14,9,50,18,62,33,63,49,97,67,25,20,87,42,92,75,42,79,91,30,81,63,75,1,82,48,37,48,59,3,90,95,63,58,8,25,38,52,83,39,46,9,36,71,99,48,11,36,47,54,76,39,35,4,17,63,75,57,95,75,97,81,81,15,70,18,2,51,38,27,49,36,86,44,33,67,77,54,81,65,41,71,67,59,33,46,54,20,1,14,35,12,64,56,83,72,3,86,34,39,42,87,35,16,44,32,17,99,86,37,95,75,13,46,26,76,85,49,14,41,84,10,87,74,77,41,96,9,4,54,11,30,52,17,77,93,90,18,67,2,31,73,30,23,64,60,30,4,69,52,37,5,94,71,21,90,37,45,81,36,63,62,98,32,98,88,78,24,32,20,48,29,56,25,27,20,86,90,39,36,91,52,85,57,97,73,7,89,43,60,0,49,80,87,20,47,15,58,81,97,31,37,72,84,11,37,7,81,4,3,4,45,38,40,50,9,40,15,69,92,89,22,57,81,49,74,21,94,87,17,41,77,11,50,51,49,10,30,8,57,72,28,78,58,21,90,7,26,23,74,31,73,61,34,23,18,84,84,80,55,83,23,38,29,34,80,79,84,10,95,30,38,55,10,54,21,78,55,44,23,49,9,14,2,80,68,24,90,10,51,38,51,4,17,35,71,59,60,68,9,74,92,14,90,71,69,21,8,22,11,15,17,87,20,51,29,16,98,64,51,0,6,21,37,88,66,20,53,43,87,68,26,83,47,56,25,32,98,85,46,77,94,48,80,75,7,82,44,69,6,10,92,8,54,46,39,50,32,18,96,22,7,42,82,27,38,38,25,73,59,7,4,89,18,93,53,39,9,76,85,76,87,90,53,42,5,27,62,85,70,49,2,19,63,25,80,90,31,7,15,66,78,91,74,78,80,23,57,58,96,14,27,74,74,94,76,91,53,11,22,47,23,34,80,59,67,75,38,55,57,32,44,64,77,84,55,38,7,43,28,24,22,21,16,62,94,99,51,59,21,29,77,47,38,36,16,53,79,10,19,83,19,69,97,87,74,4,73,95,59,72,20,71,43,63,34,76,23,20,67,5,67,35,7,95,93,28,27,4,7,39,56,28,0,18,80,43,42,99,62,48,35,10,1,82,69,12,83,48,24,12,18,52,21,46,87,1,93,33,88,50,61,14,22,88,7,56,56,38,29,6,63,58,95,60,72,90,23,88,63,90,5,33,98,87,78,16,76,72,1,39,14,35,60,2,41,31,34,9,69,75,50,56,6,12,70,98,13,91,91,62,42,76,0,14,2,87,95,84,61,71,89,16,35,60,72,33,60,80,41,84,0,34,8,82,89,93,3,68,65,35,5,62,24,27,56,42,57,1,80,80,23,99,83,92,18,71,8,43,35,29,47,53,65,0,47,78,47,55,82,57,22,67,97,85,22,43,92,86,45,30,40,99,94,22,12,52,89,62,64,52,54,43,18,12,80,99,91,60,14,14,69,58,91,24,88,58,46,35,46,9,69,77,61,23,63,94,22,16,76,74,36,69,32,50,48,89,22,4,84,47,52,54,65,52,57,99,17,13,94,80,64,98,12,79,51,62,24,88,74,67,95,89,6,52,77,28,34,45,97,28,17,66,45,19,29,84,83,55,7,24,5,64,80,67,28,46,62,3,82,8,96,30,34,52,96,52,85,21,39,60,76,20,12,83,77,56,40,53,70,97,35,93,54,50,56,37,94,56,8,7,89,51,70,99,75,94,34,64,73,23,43,17,1,60,99,42,0,42,3,69,74,50,95,13,35,22,32,0,45,92,72,27,14,96,33,68,72,3,40,6,64,73,51,26,58,89,3,65,81,85,24,32,35,33,12,79,50,74,68,32,39,45,48,55,15,79,30,91,36,42,24,63,71,34,85,92,33,34,8,19,96,8,57,43,13,70,73,28,86,92,74,59,33,56,7,61,65,60,97,89,24,10,51,90,70,87,57,85,5,55,99,62,57,93,24,5,80,88,29,68,60,55,94,73,86,97,23,13,82,89,23,28,12,12,42,92,33,29,27,41,46,44,65,90,95,36,73,44,6,91,2,98,87,19,0,40,44,57,89,6,44,83,18,58,66,93,56,16,60,16,30,71,96,48,16,60,28,15,72,5,71,50,3,34,93,79,44,68,28,60,2,98,1,35,22,33,93,82,98,67,92,56,13,68,25,82,23,66,31,40,0,8,84,83,0,39,19,51,54,30,64,92,12,81,97,2,9,78,55,2,49,98,63,30,2,56,53,47,95,94,80,76,85,2,81,84,1,65,29,42,97,8,66,54,21,15,85,79,31,77,71,85,50,1,69,64,73,17,64,37,41,36,50,72,39,70,62,71,98,92,49,45,9,68,89,36,31,25,79,27,95,46,94,76,54,68,11,6,19,88,46,88,56,59,95,91,46,86,92,21,16,89,91,41,62,11,24,16,17,68,62,79,41,87,20,49,33,66,78,91,25,4,9,7,16,8,6,42,98,86,65,61,63,93,16,41,2,47,73,63,7,82,17,2,5,78,46,99,75,60,9,37,13,41,11,56,38,9,15,45,15,92,25,95,5,56,59,78,30,75,22,83,70,30,48,19,48,58,18,83,58,72,88,40,97,42,96,59,63,93,3,65,26,62,25,47,40,99,51,73,0,31,90,26,24,29,41,86,87,15,88,48,88,18,75,7,49,88,22,79,26,89,31,86,57,74,61,4,11,13,43,31,31,46,37,15,77,0,48,6,96,25,19,75,45,16,61,1,76,82,28,17,20,0,14,52,46,96,97,59,99,81,25,67,48,72,54,29,34,14,40,36,89,0,97,20,98,40,8,31,51,58,57,58,44,45,10,53,93,52,82,25,33,38,65,28,52,54,44,68,84,25,11,95,29,27,13,71,91,19,10,72,9,31,82,3,34,90,38,25,9,78,56,84,36,57,86,35,92,64,86,9,11,8,29,28,74,4,6,43,11,66,17,14,89,41,59,31,23,13,33,49,50,97,55,82,19,53,78,66,88,83,48,64,55,32,23,30,72,34,37,50,76,36,15,93,75,90,8,72,77,49,27,37,55,53,21,4,67,63,0,94,32,19,4,45,37,25,66,91,65,51,65,40,53,15,71,26,68,90,41,35,36,71,58,42,39,49,40,78,85,20,17,11,27,79,16,87,71,15,87,49,49,19,32,93,21,28,1,75,21,61,76,41,79,17,70,14,68,39,51,70,29,62,84,98,80,68,1,12,19,18,45,54,43,66,44,78,62,22,71,86,72,83,59,85,16,0,60,76,51,32,36,27,53,70,20,85,38,11,55,26,47,67,28,59,51,27,8,47,3,0,58,33,79,6,27,66,36,37,18,11,29,19,2,68,69,38,1,29,10,26,3,6,94,64,93,53,81,81,70,24,5,73,26,30,70,96,82,94,19,12,30,46,67,82,9,69,76,70,40,84,98,68,11,76,61,47,20,24,26,74,99,66,52,13,37,5,29,87,43,56,32,93,47,64,46,4,57,58,32,31,27,4,79,75,93,58,69,78,61,25,76,94,77,30,1,82,87,88,40,6,13,8,96,70,45,14,28,2,58,97,99,67,73,3,33,79,41,91,46,32,85,8,14,26,72,65,77]"
ta77,2625,"[2,2,0,2,1,1,2,1,1,0,2,0,2,0,1,0,0,2,0,0,2,1,0,2,2,2,2,0,1,2,2,0,1,1,1,1,1,1,1,1,2,0,2,1,0,2,1,2,0,0,0,0,0,2,1,1,2,2,2,1,0,1,2,1,1,0,1,0,2,1,1,0,0,0,0,1,2,2,2,0,2,0,0,0,0,2,0,0,1,1,1,0,1,0,1,2,0,1,2,1]","[26,85,57,85,24,8,34,24,97,1,60,8,78,15,46,34,5,84,20,90,38,61,53,79,23,21,3,41,44,38,51,86,94,93,62,72,9,51,90,61,57,94,3,30,88,90,66,74,43,42,18,73,66,28,1,63,10,37,10,94,8,39,92,50,59,35,36,15,37,99,79,45,62,66,60,17,57,59,77,2,2,69,12,27,22,82,52,96,19,7,47,46,96,0,71,41,10,95,61,94,74,44,47,40,1,14,59,2,80,35,43,26,87,94,25,53,38,10,38,21,33,40,63,91,59,10,29,95,47,73,22,18,50,68,66,36,19,37,6,83,2,85,58,87,26,51,12,82,24,62,5,91,75,90,90,67,43,72,6,67,34,97,65,26,34,59,8,32,99,36,35,4,14,13,52,89,66,14,82,6,76,47,81,82,28,73,28,93,50,0,66,86,32,50,54,77,41,9,71,12,63,5,62,2,82,0,50,41,36,4,63,92,99,61,11,15,78,7,28,13,17,34,85,18,38,50,49,39,92,41,17,84,28,6,4,57,37,24,73,96,82,70,62,23,47,54,88,37,8,52,87,27,35,1,96,50,16,27,77,38,16,95,42,62,30,88,89,74,23,68,65,40,50,1,50,9,34,38,11,64,91,29,16,10,10,84,20,69,91,98,74,56,64,99,76,43,11,13,99,65,50,25,54,96,46,54,4,79,18,43,59,21,70,40,14,48,59,2,87,2,66,48,35,39,18,89,40,79,28,24,56,61,46,44,27,5,23,3,21,54,28,13,87,40,29,31,64,98,77,63,89,43,54,7,40,69,63,47,19,67,18,82,20,85,67,29,87,59,59,52,92,8,22,91,92,74,6,67,7,31,54,45,80,68,57,93,55,7,77,93,16,81,71,68,11,5,29,53,22,6,65,77,19,59,56,74,44,48,12,87,49,15,51,56,16,29,3,73,91,96,76,88,41,5,45,31,27,17,56,65,39,55,90,58,93,98,85,17,59,34,31,72,93,86,89,32,89,60,45,85,65,23,81,70,45,4,49,48,49,65,45,58,79,58,92,3,36,32,12,69,7,51,85,46,99,10,48,96,80,76,33,1,16,80,32,38,78,15,24,41,87,30,8,58,57,48,78,17,68,81,83,44,18,16,6,96,89,5,60,34,0,14,31,26,17,17,62,39,86,50,63,74,83,57,17,75,93,43,64,25,36,47,87,24,31,68,81,81,89,83,0,99,41,92,85,97,39,26,30,30,53,55,28,78,57,55,5,90,10,40,84,44,85,95,38,68,89,15,11,71,37,36,64,58,53,18,4,74,79,32,74,37,26,97,14,95,88,49,76,51,88,62,72,12,22,7,21,90,60,0,55,59,46,96,95,32,22,33,19,11,33,89,49,83,12,85,98,75,33,51,21,34,19,13,84,87,46,15,27,11,37,0,7,14,79,73,30,40,1,74,0,52,44,9,30,25,30,7,3,43,35,25,33,33,81,25,62,75,16,3,41,26,83,96,12,41,67,22,92,10,69,9,88,49,34,68,24,85,98,25,4,40,3,87,83,13,5,56,82,78,12,67,45,74,76,13,72,67,8,64,45,92,38,72,59,54,89,18,29,63,77,29,3,94,84,75,51,81,42,35,95,97,83,0,21,76,33,63,82,32,47,35,36,13,75,9,20,7,18,9,37,68,91,14,51,88,77,5,70,2,67,69,28,94,47,79,7,20,21,88,14,29,52,69,19,19,36,97,92,43,43,95,82,1,12,72,76,39,55,23,77,52,53,0,69,69,54,32,78,38,84,56,46,27,99,94,46,80,91,69,77,92,64,47,71,84,36,42,41,51,70,75,49,84,19,55,81,70,25,37,32,68,5,90,46,61,19,52,3,36,15,52,33,65,77,7,14,56,7,6,85,91,39,13,71,55,72,54,29,1,76,46,82,39,34,26,32,77,27,47,65,24,72,42,94,79,15,97,22,9,72,3,78,65,56,99,59,13,4,40,93,55,98,9,34,15,18,33,61,27,12,93,57,28,56,49,69,16,44,92,79,73,38,76,60,46,82,6,67,46,16,57,78,23,44,93,99,11,0,80,6,63,61,95,74,26,41,51,77,80,50,4,40,47,39,8,98,41,28,58,9,65,6,54,49,23,74,12,61,35,29,43,21,53,72,89,61,74,96,19,73,92,40,79,4,31,33,30,10,18,42,48,91,30,17,93,32,73,64,34,87,83,26,25,2,19,20,81,42,91,91,20,71,74,29,41,48,83,27,9,21,22,96,80,70,14,15,41,75,73,81,37,52,96,42,47,35,79,5,84,44,64,21,1,70,37,12,74,83,85,64,9,3,19,84,87,1,49,62,75,29,37,8,93,51,16,86,73,1,16,54,32,97,17,65,60,3,47,90,14,86,73,90,65,2,5,29,41,66,6,77,13,31,96,55,6,14,92,78,64,7,22,48,53,56,22,77,61,80,58,35,6,37,66,31,88,10,12,43,4,0,39,83,57,63,11,67,11,62,21,79,18,57,85,0,11,79,44,38,45,20,37,69,82,88,58,1,56,75,25,82,19,58,26,33,45,55,23,53,98,35,52,22,98,15,80,70,40,58,53,45,55,55,94,3,17,16,68,62,90,6,72,80,2,30,87,20,60,23,73,38,30,50,60,77,23,54,7,23,46,21,71,4,63,19,57,47,34,47,80,55,53,21,76,45,88,1,9,70,48,14,9,42,21,65,17,53,51,9,37,4,86,14,9,12,97,91,98,47,27,19,86,16,75,54,85,3,45,96,89,72,66,80,18,70,82,81,62,71,6,83,55,83,25,97,36,8,94,60,93,66,7,84,48,73,10,20,89,61,42,82,70,72,94,64,93,90,78,22,18,11,26,50,58,30,2,66,87,4,93,5,29,36,82,10,63,13,27,23,99,71,23,94,25,44,32,42,23,14,55,91,52,78,64,35,91,60,45,40,25,66,55,88,63,65,0,93,99,28,98,64,96,51,26,50,43,84,12,84,45,98,36,70,52,66,6,14,98,76,60,24,21,24,40,96,61,46,44,22,71,58,24,17,86,37,79,73,59,27,69,8,31,34,58,31,62,70,29,58,59,20,48,27,40,52,77,8,67,37,42,73,4,48,61,70,49,16,13,18,32,10,81,2,97,25,88,49,92,27,8,42,30,18,69,99,0,24,46,88,70,50,75,19,93,22,61,82,85,13,66,21,54,5,49,94,86,92,58,94,8,42,90,61,67,90,11,68,54,41,16,25,75,68,59,76,24,19,27,19,32,7,51,41,28,95,88,63,70,43,46,52,31,68,85,79,92,15,48,20,72,23,31,43,78,60,72,67,2,38,68,81,95,13,11,4,90,95,75,10,96,49,86,62,10,53,56,36,75,32,49,87,42,44,89,6,90,13,75,71,4,48,14,15,9,59,48,57,57,69,87,52,63,63,70,26,30,65,64,37,17,52,53,74,53,42,31,2,17,97,33,51,95,60,35,92,28,26,94,2,92,18,56,35,73,29,42,84,66,30,93,21,65,94,33,76,58,56,54,45,79,3,63,66,8,28,71,97,44,12,46,6,34,34,86,85,11,95,75,72,56,81,88,23,68,5,91,87,26,72,31,1,29,27,87,57,77,94,9,8,64,69,89,16,41,39,62,52,86,79,25,77,45,27,95,69,62,31,89,25,2,62,39,73,18,52,93,84,46,44,71,65,97,89,60,28,43,67,81,86,0,4,79,46,99,65,25,49,35,28,78,1,33,97,38,0,61,21,0,88,65,1,59,78,20,2,42,15,84,44,75,63,40,34,83,74,80,95,57,66,83,84,98,84,97,48,80,7,17,45,60,39,76,3,4,39,74,82,62,23,89,28,53,3,44,5,64,87,94,64,47,86,56,95,50,10,16,70,64,97,95,51,86,20,13,4,69,28,57,27,61,50,43,67,51,25,91,49,80,22,54,20,92,24,44,60,3,13,30,15,24,39,98,56,80,99,40,32,95,78,15,35,81,12,15,22,93,66,78,1,83,36,23,90,68,9,69,89,58,71,5,82,60,43,71,38,97,83,57,86,11,9,63,5,44,7,33,33,80,71,58,38,17,16,69,88,78,95,20,5,98,26,20,11,36,79,54,83,51,22,38,68,32,78,81,53,86,6,27,91,71,98,13,60,1,24,74,51,67,67,31,14,39,12,86,41,90,31,16,43,30,48,76,0,53,42,22,99,52,18,39,71,29,86,36,22,94,60,84,55,96,15,38,49,76,11,76,1,57,45,8,61,30,10,0,35,2,20,58,91,98,24,83,72,24,35,10,25,24,76,31,99,77,13,42,2,59,39,17,49,53,50,99,20,97,99,98,14,19,28,31,29,37,53,97,34,48,36,26,56,98,34,64,72,3,54,67,80,73,76,30,71,47,43,26,85,80,17,12,67,40,11,8,91,99,78,90,21,73,81,39,70,20,8,33,96,11,75,47,81,45,33,68,33,15,55,62,55,35,75,32,61,50,66,88,36,68,56,23,48,7]"
ta78,2687,"[0,2,0,2,1,2,1,2,1,0,2,2,2,0,0,1,0,1,1,1,2,1,0,2,2,0,2,0,2,2,0,0,1,1,0,0,2,0,2,0,0,1,2,2,0,2,1,0,2,1,0,1,2,0,2,2,0,1,1,2,2,2,0,1,2,2,0,0,2,0,1,0,1,1,0,1,2,1,1,1,2,0,2,0,1,1,2,0,2,1,0,0,2,2,1,0,1,1,1,0]","[72,91,79,86,57,70,68,44,72,42,21,18,89,61,78,45,83,70,43,7,60,15,45,91,14,10,18,38,80,74,59,11,97,35,34,22,50,40,52,32,20,4,49,31,86,52,23,42,48,7,20,37,7,39,35,59,79,45,91,57,53,32,26,45,2,69,9,0,62,59,14,25,39,91,59,81,64,57,49,82,88,88,25,44,11,65,75,46,42,82,95,2,12,62,16,57,26,86,65,60,98,30,22,48,87,35,96,33,97,49,99,43,4,47,59,6,36,23,74,41,94,81,63,25,93,4,61,2,65,61,89,55,93,6,49,9,88,56,32,78,23,14,7,92,19,85,92,29,95,2,35,31,35,35,31,10,63,63,79,93,15,27,0,65,66,93,88,68,53,60,77,97,43,83,13,68,68,8,15,39,4,25,84,1,68,20,83,54,2,71,47,89,6,16,38,53,28,96,18,84,41,73,42,80,76,55,7,69,73,62,36,50,2,34,94,28,27,68,23,91,7,90,0,24,47,78,41,5,41,43,14,83,85,77,7,55,84,7,11,9,46,37,74,82,38,41,77,73,92,65,10,47,12,86,79,73,43,24,49,9,23,63,70,36,8,7,84,97,32,19,57,8,85,54,6,57,98,56,97,57,54,56,95,82,89,31,84,21,90,17,46,63,65,75,3,83,13,12,50,74,10,95,93,64,15,97,12,60,36,41,57,69,87,55,73,89,10,24,81,53,98,44,26,16,6,1,90,92,31,28,47,93,80,22,79,60,29,98,5,9,10,97,47,59,55,86,73,18,75,65,71,51,7,77,19,27,30,13,32,60,4,32,10,17,63,63,85,38,68,93,44,87,64,67,12,0,80,21,41,2,0,33,18,12,87,37,4,11,11,30,92,79,54,20,78,39,15,13,60,53,3,20,0,16,49,58,15,36,36,58,82,28,90,11,61,75,77,71,49,20,50,56,30,96,43,19,12,20,66,11,64,82,99,60,27,5,93,20,11,80,2,24,78,92,26,22,28,59,89,17,1,81,51,25,40,11,95,53,61,6,31,26,82,97,58,91,52,42,21,64,46,42,97,52,58,43,76,36,47,28,54,62,82,5,62,6,66,20,53,72,26,21,42,64,33,1,76,30,35,88,74,15,10,92,47,74,15,79,50,99,38,50,32,85,94,48,75,32,29,57,71,30,24,80,42,95,2,46,83,58,24,81,54,84,96,37,64,57,69,53,48,5,78,74,58,85,60,8,83,5,70,86,9,1,81,7,95,90,19,67,77,6,52,92,69,40,55,76,27,72,2,77,28,59,12,18,69,9,13,40,77,9,47,23,56,8,51,71,86,54,93,77,90,68,52,12,28,24,17,51,70,68,13,56,61,43,60,14,99,25,48,80,24,82,99,29,75,82,20,89,16,63,94,81,68,40,75,56,69,64,58,29,33,45,67,21,96,88,21,7,21,80,61,29,25,98,69,11,41,49,5,93,3,46,62,12,91,69,72,78,35,50,74,99,28,51,77,93,76,0,22,76,91,89,26,22,76,28,58,78,86,0,54,81,9,33,9,51,52,12,85,16,47,93,54,66,98,83,19,48,69,14,92,29,0,55,38,67,88,12,45,57,73,15,26,78,80,14,78,72,55,62,45,78,47,22,70,33,65,17,54,94,3,98,94,76,18,81,3,74,11,34,27,31,37,50,69,44,95,16,59,19,88,49,55,51,34,31,23,95,98,10,3,79,37,30,39,80,68,45,16,72,5,14,85,36,82,20,29,56,79,63,96,70,57,76,69,54,93,82,46,48,31,49,27,31,98,61,0,79,89,5,63,61,61,17,94,48,17,14,10,13,90,87,31,55,34,79,70,88,78,50,13,16,67,41,36,45,26,5,59,37,27,68,12,17,51,85,67,30,77,12,98,36,97,87,2,36,96,83,67,19,31,24,24,1,92,50,79,58,75,21,41,44,16,86,58,40,42,73,61,81,34,51,1,77,75,91,26,82,70,80,43,23,87,74,79,8,89,1,20,97,77,74,89,14,98,26,76,63,27,94,95,6,90,34,22,17,95,38,48,19,66,36,45,17,3,36,91,44,9,37,14,93,6,73,64,73,58,47,75,13,34,23,3,1,15,47,59,85,73,56,92,69,33,83,72,44,38,56,0,6,10,36,50,72,90,95,22,76,56,48,85,94,37,20,7,54,19,29,28,78,55,63,16,33,80,82,24,46,38,48,41,83,29,5,23,19,32,16,18,49,27,98,18,18,50,68,51,91,41,5,67,61,85,91,65,50,28,2,3,87,5,89,3,25,66,9,75,80,78,17,34,99,75,1,33,97,81,18,16,76,39,56,71,25,27,43,79,2,83,72,87,27,16,17,30,74,87,21,6,15,90,4,26,55,22,33,35,82,7,36,34,6,45,40,3,49,2,57,70,21,60,98,6,33,94,62,22,50,35,15,32,19,55,21,60,29,48,64,71,10,92,46,62,98,89,49,3,54,23,24,96,8,99,73,66,0,99,26,44,66,54,89,66,98,49,18,8,51,88,90,20,71,60,86,0,40,50,47,17,8,53,88,23,83,25,44,24,34,61,64,22,73,9,66,29,96,76,50,0,95,97,61,68,66,51,84,39,18,3,56,52,11,85,13,0,97,10,41,38,77,24,81,30,63,25,18,59,29,83,30,96,4,42,57,25,76,71,80,12,92,89,59,98,29,85,0,45,37,67,10,12,28,49,38,86,57,30,24,4,85,28,19,57,22,31,7,2,9,38,78,75,54,84,4,74,49,96,9,82,57,67,33,13,42,67,74,35,86,84,1,77,43,40,35,38,90,64,30,91,73,34,23,40,25,60,97,72,58,80,84,79,55,35,21,77,99,88,21,6,35,88,17,87,1,54,57,30,39,19,31,58,14,87,65,15,8,28,46,96,81,91,93,3,37,2,58,67,33,39,93,70,39,1,52,85,44,40,99,89,22,34,22,7,86,90,91,17,67,55,66,68,6,40,52,37,96,87,25,8,81,6,46,31,13,18,85,53,86,59,64,7,77,47,34,83,12,28,45,58,38,47,22,45,28,45,35,64,44,27,44,74,32,40,33,31,29,84,89,23,91,99,71,63,83,63,71,39,67,33,43,32,46,8,35,43,59,11,95,63,98,26,32,76,92,6,37,75,72,21,51,90,81,31,81,73,78,27,1,65,44,1,39,62,62,40,21,88,69,74,36,60,58,14,65,79,46,93,63,51,8,2,33,8,76,42,98,70,87,92,13,29,13,88,21,93,38,1,7,47,7,71,15,24,87,59,12,88,95,60,39,97,76,4,4,72,14,77,26,86,60,10,54,78,24,82,83,23,42,42,32,37,53,53,47,10,5,78,53,20,45,72,96,30,91,92,18,5,64,72,41,48,88,83,46,73,29,20,48,40,55,45,1,6,56,84,3,87,16,76,2,3,53,72,84,18,10,66,39,27,37,73,56,29,82,90,21,5,0,68,70,89,78,57,13,54,46,67,45,8,70,66,75,49,9,53,80,39,71,11,75,13,95,31,10,11,14,27,71,86,64,32,96,43,51,52,0,65,3,65,71,19,22,4,40,23,85,10,99,73,90,67,81,91,82,35,44,96,16,46,70,69,52,42,94,94,5,66,74,9,16,8,64,27,6,38,53,11,53,62,91,41,31,43,61,40,62,88,30,32,69,58,45,80,67,52,61,94,92,13,36,43,71,23,94,48,15,52,70,13,63,63,52,0,67,69,2,65,17,28,32,56,12,65,25,22,47,29,74,50,16,62,97,55,66,36,72,20,42,16,61,53,66,69,36,70,94,94,14,11,69,52,20,44,71,20,5,66,37,68,71,95,4,10,73,84,46,99,4,8,3,15,37,41,99,26,8,91,95,46,18,81,27,42,55,1,22,77,39,83,38,56,41,87,4,93,31,38,3,56,54,89,48,39,32,33,24,76,40,42,99,61,43,36,14,19,93,24,56,41,19,40,62,97,7,55,25,1,58,84,54,1,95,27,86,70,55,71,4,81,94,75,30,9,4,35,30,94,33,78,52,50,59,90,41,80,34,14,79,0,44,25,23,58,65,96,85,53,19,13,84,74,50,41,88,46,71,64,38,51,11,92,26,14,72,30,3,51,52,84,85,80,69,98,28,70,53,44,49,52,39,96,84,32,40,2,64,79,4,65,48,24,19,67,37,38,16,92,95,37,25,26,87,28,5,60,50,34,61,25,94,66,34,25,92,17,39,49,47,32,48,90,15,42,59,58,86,62,57,99,14,99,17,42,62,21,79,89,43,19,86,99,66,12,8,62,64,76,82,35,75,46,83,74,17,84,75,68,33,62,39,51,73,13,79,15,96,17,26,81,59,77,56,63,23,51,84,65,62,9,5,86,97,48,60,44,90,68,11,30,27,34,15,52,75,97,20,34,72,37,18,90,29,60,23,68,96,11,80,44,21,43,4,87,43,26,8,9,88,59,61,22,18,51,35,48,94,33,70,65,34,98,72,67,49,45,15,87,99]"
ta79,2655,"[0,1,1,2,0,1,2,0,1,0,1,2,0,0,2,2,2,2,2,0,1,1,2,2,0,1,2,2,0,0,1,2,1,0,1,2,1,1,0,2,0,2,0,1,2,1,0,1,1,1,1,2,1,0,1,2,2,2,1,2,0,2,1,1,0,2,2,1,2,0,0,0,1,2,0,0,0,1,1,2,0,0,1,2,2,1,0,2,0,0,1,1,2,0,0,1,2,0,0,2]","[98,40,68,80,38,92,75,62,32,81,29,28,63,91,5,6,9,46,82,4,43,62,79,8,89,7,68,34,41,85,33,71,39,95,2,22,38,67,89,35,28,21,9,29,27,85,26,13,45,2,68,68,33,64,31,55,5,91,47,38,24,32,22,60,78,41,2,49,12,70,62,28,12,36,87,30,41,23,79,7,34,85,21,92,6,41,48,47,98,1,15,28,45,18,51,52,13,68,46,91,29,27,52,5,52,76,1,21,32,98,75,76,56,7,18,21,40,44,99,87,77,20,98,24,69,56,28,37,45,22,46,63,54,57,20,63,10,57,87,39,2,45,45,27,3,47,35,71,21,12,93,51,85,36,92,46,24,43,19,44,36,19,74,43,28,72,95,63,42,14,13,3,46,80,81,25,34,57,48,78,92,79,50,79,52,31,19,46,41,47,38,5,75,84,62,34,43,11,95,49,32,53,28,90,95,39,58,25,95,60,53,36,57,67,60,70,24,55,73,33,48,79,94,47,9,4,45,38,77,25,30,97,26,23,68,78,60,7,5,54,63,61,39,74,55,9,74,10,54,66,20,4,8,99,26,94,81,8,95,35,70,93,65,50,73,13,37,70,78,49,7,52,66,76,98,41,47,22,68,47,82,63,24,32,66,73,24,37,54,33,5,64,82,99,54,34,8,67,9,14,79,86,79,69,84,34,5,71,34,93,27,13,90,79,51,13,73,9,77,1,36,75,74,27,20,87,58,55,13,81,57,85,71,44,3,36,78,60,40,42,35,72,88,84,40,77,39,99,92,80,30,37,25,8,57,94,75,18,82,56,82,9,30,30,20,50,3,4,13,58,27,63,90,54,29,76,2,29,2,61,6,46,94,64,38,82,28,88,3,19,15,61,48,68,43,90,53,7,57,94,82,18,53,84,33,93,51,52,61,25,51,64,43,23,94,98,43,26,52,56,22,30,15,11,6,23,58,86,38,43,80,5,59,84,42,32,59,92,79,72,56,63,59,90,59,46,20,89,71,20,23,20,66,22,35,25,35,73,77,25,68,13,27,63,16,55,70,52,37,34,68,37,0,55,37,20,97,33,3,28,67,35,8,3,14,11,86,47,56,71,90,29,2,73,27,93,65,88,59,9,41,49,26,76,30,53,66,93,34,27,93,31,36,49,46,1,59,14,64,32,12,40,55,71,30,20,2,22,52,61,56,94,2,71,73,41,83,60,4,33,44,65,1,47,40,78,66,79,87,2,55,54,16,53,17,53,90,66,69,98,9,30,20,11,43,26,86,30,84,27,55,53,82,34,65,65,24,64,38,58,72,26,82,24,93,72,28,84,46,25,10,12,2,46,48,40,58,52,78,64,83,21,87,85,28,12,66,1,85,62,24,54,98,24,60,92,61,48,87,81,81,26,44,4,12,48,48,62,79,29,74,96,46,93,74,81,66,60,90,34,59,60,8,51,85,36,10,84,60,15,53,85,89,21,29,72,19,98,97,69,76,38,81,42,41,58,50,58,94,29,44,98,83,54,83,22,47,58,91,89,66,64,18,31,57,81,83,51,95,61,10,13,9,17,44,1,49,33,75,66,43,27,29,4,14,44,60,91,0,53,75,0,41,7,44,29,80,58,80,41,21,93,41,6,5,89,7,76,77,37,17,79,7,92,81,49,11,10,66,32,63,80,48,56,73,74,52,45,38,99,13,33,80,16,51,39,45,41,89,50,42,97,39,92,59,41,36,0,87,91,54,95,49,89,83,66,70,15,27,3,85,9,37,78,28,6,97,77,77,23,36,47,70,85,21,31,81,41,57,88,28,12,33,69,59,53,11,51,15,1,51,74,65,30,84,1,10,0,86,88,40,1,83,86,87,88,52,29,72,79,28,45,98,41,45,72,44,43,85,75,29,13,21,90,58,63,56,1,12,3,61,96,82,65,0,2,8,62,19,77,20,82,88,92,75,76,99,25,14,37,84,81,13,29,84,25,94,21,10,88,10,50,7,15,43,62,97,83,40,23,29,59,73,59,57,90,86,58,14,78,36,27,72,26,79,17,60,17,51,14,91,86,37,45,69,16,6,73,52,47,37,96,11,80,65,58,10,70,39,26,26,9,42,67,57,49,67,71,11,52,40,92,24,7,31,73,92,78,5,47,8,83,51,40,57,56,19,7,35,37,48,23,88,64,50,80,35,5,32,92,19,6,91,42,9,30,88,39,50,23,67,60,17,69,48,74,31,18,25,16,41,18,10,73,0,95,99,47,79,27,93,50,52,46,93,6,8,16,78,39,82,88,91,7,8,98,59,13,62,42,12,48,72,71,66,71,97,16,95,75,97,21,1,31,5,45,22,16,57,35,84,86,53,88,2,84,94,54,54,89,37,46,91,77,91,5,26,44,92,12,42,77,1,44,72,33,17,23,3,11,31,68,94,15,39,88,4,56,83,99,80,53,81,57,96,12,54,98,94,89,93,62,69,70,9,1,6,3,91,61,57,88,43,61,95,25,48,0,34,81,8,33,79,62,99,89,9,45,21,78,8,59,67,70,35,70,76,82,91,43,65,40,32,99,50,85,84,76,35,91,58,49,43,71,51,30,73,16,96,32,58,99,75,64,46,21,17,94,15,87,65,14,12,87,86,31,63,72,89,61,20,90,97,86,54,20,15,2,77,75,76,64,82,89,22,52,93,61,84,40,10,33,64,42,99,48,14,77,78,7,77,50,16,17,94,86,99,59,24,4,12,58,5,66,23,82,28,6,6,64,95,33,55,54,35,90,3,41,18,73,12,19,17,30,97,27,17,77,35,19,17,67,22,53,33,55,25,47,83,51,93,16,17,74,71,68,97,75,99,88,96,94,50,10,75,69,11,2,44,83,45,31,31,11,50,11,43,19,13,51,39,80,4,43,16,3,98,13,94,14,58,51,63,77,1,63,12,31,35,6,70,61,40,0,99,69,96,45,24,7,35,98,56,36,52,47,12,65,63,10,49,95,77,87,6,2,90,79,80,17,3,11,76,0,8,70,0,37,36,50,89,92,52,90,65,20,68,86,61,75,25,61,73,0,93,80,91,69,36,45,76,71,25,42,96,78,3,82,98,30,97,30,24,26,6,87,75,5,76,30,47,38,80,67,48,74,21,26,57,44,97,38,62,26,88,36,86,1,42,34,91,88,96,60,5,97,32,69,86,82,99,62,59,95,95,83,92,73,11,71,78,3,62,67,50,67,72,42,49,72,87,0,48,34,37,19,0,5,56,78,24,59,36,76,19,23,76,40,33,77,68,44,71,21,60,39,90,14,88,83,23,55,39,17,22,95,96,56,15,68,69,12,69,65,0,18,24,17,51,33,81,74,54,36,49,95,63,24,65,26,0,63,42,99,28,29,20,33,50,70,26,57,27,27,53,42,40,23,47,98,64,65,31,21,92,94,32,11,9,63,33,86,28,19,85,83,16,67,5,61,48,76,4,26,49,97,77,56,15,1,51,39,80,25,63,80,80,95,16,18,35,38,90,46,86,72,8,51,32,97,90,41,23,36,15,96,25,98,62,78,73,76,4,83,49,58,67,6,81,31,14,81,42,82,91,68,60,2,27,46,62,33,69,72,18,68,85,53,16,6,13,10,15,14,18,41,7,81,15,96,60,7,84,51,9,92,56,31,49,49,74,25,0,34,38,2,39,97,10,25,34,19,29,49,30,68,37,23,31,22,37,54,28,3,80,80,18,42,70,61,67,9,58,8,43,4,17,35,67,75,39,16,91,23,37,24,75,70,74,74,22,57,36,21,17,20,98,90,72,65,94,52,87,27,48,74,1,89,32,54,61,11,47,55,19,14,49,57,67,4,85,9,26,60,45,96,60,38,67,74,61,42,96,16,34,70,23,38,14,45,43,22,24,58,56,35,89,32,4,83,23,86,14,30,6,79,44,26,18,65,59,22,55,69,89,15,10,64,85,20,22,94,85,75,40,87,0,56,70,18,29,3,84,13,24,35,20,62,4,19,88,90,66,2,62,22,1,59,87,96,47,87,54,98,69,13,38,97,93,46,15,64,93,53,54,55,21,55,29,44,4,69,17,42,97,55,38,56,83,16,37,81,94,72,15,79,31,32,31,79,11,84,12,40,74,50,34,0,82,86,16,39,4,71,70,66,22,7,29,72,10,8,87,59,11,21,39,5,96,8,78,99,83,64,0,28,50,6,18,49,19,76,3,67,42,10,91,97,19,6,95,44,71,57,62,39,93,61,36,95,31,14,89,53,13,48,30,34,45,91,38,82,18,14,66,74,85,72,19,60,40,32,96,9,87,75,86,15,32,78,50,3,11,38,22,53,15,2,77,84,70,66,18,25,69,44,8,88,66,64,69,89,50,11,59,56,62,96,46,18,73,64,5,7,10,83,55,73,90,68,52,65,71,65,81,23,76,8,74,89,45,67,63,40,32,18,68,20,99,84,64,1,17,28,46,78,53,27,71,96,4,14,99,55,93,85,96,48,7,12,34,92,65,73,44,92,55,16,4,43]"
ta80,2559,"[2,1,0,2,0,1,1,0,0,0,1,0,2,2,2,0,1,2,1,1,2,1,1,1,2,0,2,2,0,1,2,2,2,0,1,0,1,0,2,2,0,0,0,0,0,2,1,0,2,2,2,2,1,0,2,0,0,1,2,1,1,0,0,2,2,1,1,1,0,0,0,2,1,1,2,2,2,2,1,1,1,2,0,0,2,2,0,0,1,0,1,2,0,1,1,1,1,1,0,1]","[42,52,51,3,7,29,30,39,82,6,69,47,17,20,93,34,89,35,32,13,97,1,80,61,30,44,47,24,62,13,28,76,30,71,46,53,53,22,43,89,79,3,73,88,80,14,76,1,59,38,74,31,82,99,14,93,54,30,64,82,28,3,99,85,10,66,28,56,12,76,70,72,61,47,58,67,95,93,7,58,87,47,58,62,43,36,78,66,61,14,78,56,76,8,8,73,19,80,66,23,84,13,42,63,18,93,74,6,83,16,62,93,88,42,96,87,71,8,58,83,87,69,91,46,49,69,48,75,71,2,3,98,58,5,2,55,25,51,16,30,74,54,80,20,82,98,49,37,72,32,72,59,27,91,6,22,23,90,3,23,82,57,33,8,53,29,47,71,72,45,64,63,25,21,92,72,62,44,60,69,88,96,99,21,2,33,41,53,77,58,43,94,16,94,19,38,83,39,6,15,98,88,6,70,85,19,21,9,45,30,24,14,26,68,86,27,19,31,67,79,60,77,57,76,45,21,99,29,87,49,84,85,44,53,4,40,99,27,46,59,18,58,12,63,48,1,67,88,73,2,14,28,87,28,47,24,46,59,29,59,24,7,30,12,22,90,6,68,15,97,28,82,48,92,49,11,3,55,4,68,97,12,83,60,23,48,83,45,49,87,65,45,25,36,4,77,76,64,29,14,40,20,79,1,67,12,99,57,5,3,15,39,37,86,41,42,47,16,10,75,94,33,40,19,78,34,1,8,98,22,76,24,48,77,15,48,74,17,54,9,54,53,10,10,47,23,5,87,32,97,35,49,89,47,75,37,31,44,24,99,16,17,42,49,51,25,28,72,79,54,99,51,11,25,88,4,97,86,54,0,21,35,68,35,99,72,53,57,43,96,27,40,18,3,10,84,66,90,4,48,68,85,65,64,87,70,61,28,55,71,8,58,59,46,18,75,82,84,77,63,5,29,7,15,42,13,61,36,33,28,99,52,38,12,5,19,50,68,8,60,29,23,76,34,56,40,67,29,93,50,66,87,43,32,44,41,83,19,93,20,96,85,86,1,81,31,21,35,95,21,52,94,6,45,50,22,53,83,49,38,50,81,40,31,70,32,22,41,11,75,76,69,52,25,91,12,23,91,36,69,7,28,55,76,42,39,61,1,39,89,92,57,57,5,49,39,32,95,43,9,97,51,31,85,30,71,68,53,13,37,91,14,97,33,84,77,75,18,28,45,32,72,51,77,55,27,51,52,69,9,16,19,57,41,43,92,30,66,2,10,4,27,73,92,11,20,26,83,10,50,78,41,4,17,86,46,67,86,9,32,20,50,8,48,41,36,64,65,91,23,63,41,83,99,79,28,32,29,87,97,12,31,40,11,85,65,17,66,34,2,0,73,74,57,37,28,8,63,60,91,66,48,71,13,69,64,72,27,13,12,32,29,35,10,2,62,36,1,50,76,63,34,33,84,58,42,9,70,24,28,69,98,70,63,47,18,23,30,99,33,7,8,79,37,78,1,44,80,47,81,39,48,67,82,40,50,35,57,78,68,16,61,70,23,8,4,49,95,95,37,83,58,65,65,41,27,58,19,45,61,1,16,36,44,50,25,11,27,99,69,94,22,75,78,20,99,5,54,54,79,91,32,72,93,16,69,94,59,71,70,54,40,42,0,95,45,16,17,5,26,99,56,34,66,59,89,10,41,12,52,37,10,23,87,7,34,68,2,61,32,36,87,72,51,4,98,41,40,65,78,1,7,7,76,90,35,21,27,59,18,68,73,49,17,48,85,22,56,51,92,69,0,36,73,97,40,88,56,18,61,90,70,18,62,16,14,76,43,1,78,76,39,11,76,33,93,31,21,63,92,78,88,87,83,44,88,86,82,84,42,29,59,44,97,3,39,61,79,99,79,27,22,13,46,42,55,51,13,64,51,94,25,59,92,23,4,44,6,55,48,74,94,65,67,53,25,13,25,90,4,78,96,60,36,31,76,20,3,24,98,15,21,15,43,3,96,96,81,37,13,60,2,10,81,60,40,17,62,79,2,61,22,60,63,77,54,92,54,6,97,21,23,23,26,84,27,79,94,62,8,52,55,40,92,77,21,51,94,96,29,39,71,89,1,33,20,85,77,20,50,89,53,0,56,65,15,82,68,23,4,1,44,75,4,9,91,42,92,55,34,83,1,32,77,0,51,42,32,4,2,3,38,12,25,43,54,45,62,81,51,54,92,81,34,74,53,93,83,82,84,54,70,71,22,48,7,33,60,31,77,16,94,93,11,16,31,87,21,87,1,99,51,19,10,97,62,56,49,2,29,98,20,57,56,28,14,79,92,55,62,14,22,3,31,79,55,11,95,47,44,50,59,45,98,71,86,14,58,36,78,90,75,39,15,38,12,38,4,34,58,18,92,67,24,8,69,15,3,0,77,27,82,78,74,73,30,84,65,59,54,38,78,52,59,35,60,54,64,57,68,55,56,52,47,7,41,2,93,71,94,30,73,90,5,30,19,90,62,73,11,18,79,17,45,10,53,97,91,46,18,32,46,53,13,41,63,81,91,81,70,44,64,86,34,26,60,73,16,0,42,5,47,14,70,71,41,42,33,33,80,20,84,52,74,83,48,75,78,39,80,66,26,90,77,44,52,75,59,21,16,13,53,74,33,93,73,96,80,10,12,30,19,90,63,9,80,66,2,48,93,4,66,70,45,84,57,67,57,6,79,64,96,32,89,42,36,84,5,66,34,18,60,28,22,14,46,4,20,27,89,35,41,66,51,17,56,28,89,90,95,48,17,98,39,56,46,18,71,56,46,47,90,90,65,74,70,62,50,33,46,88,82,69,88,74,26,2,94,27,34,29,37,89,38,6,14,53,63,2,6,16,44,35,3,5,63,80,84,21,81,85,65,24,74,29,71,35,9,70,68,29,13,91,23,66,59,84,11,91,30,42,69,25,68,58,39,53,19,22,64,97,97,52,65,73,79,95,60,90,72,75,98,51,40,42,71,85,98,68,0,11,95,49,30,18,5,52,34,39,64,68,33,54,70,8,35,44,3,54,27,68,25,75,96,16,14,71,65,15,24,92,38,10,0,21,86,9,95,52,55,36,4,49,52,81,69,75,73,57,18,10,45,37,61,72,49,66,72,98,49,12,26,99,50,22,95,33,36,35,91,90,97,25,80,45,50,95,24,31,7,91,39,26,72,96,46,20,0,38,32,94,88,43,26,78,43,15,21,46,50,0,11,67,31,63,26,88,34,40,89,95,67,81,80,68,26,98,67,27,56,74,79,57,58,26,98,96,38,33,62,77,31,37,75,67,0,76,56,67,29,7,46,88,60,25,90,48,72,76,13,0,99,61,77,89,3,8,93,50,98,74,9,98,4,0,15,64,93,82,50,13,69,11,47,59,66,55,5,38,58,66,96,89,72,96,83,37,41,34,26,46,25,26,70,57,19,12,24,80,78,6,87,81,63,58,2,74,31,95,29,65,87,12,62,13,72,92,43,7,82,8,15,36,81,57,85,79,49,96,52,61,56,32,96,35,18,10,6,0,93,82,26,9,64,96,60,64,4,95,88,65,65,81,83,94,88,88,64,85,22,40,82,26,23,26,58,32,98,81,17,19,69,71,77,30,60,87,80,19,1,6,39,63,15,84,84,75,73,36,11,43,34,8,50,73,92,19,70,14,72,55,54,52,8,14,5,71,30,68,6,80,27,5,40,73,39,34,15,86,91,74,1,23,86,93,22,95,9,59,55,91,6,1,27,51,38,89,17,2,61,45,67,93,69,20,43,73,44,38,82,56,42,75,79,17,96,12,85,12,16,25,90,97,13,39,41,29,76,85,78,11,17,85,85,59,40,14,92,83,43,38,96,94,47,80,30,49,36,44,31,95,5,48,24,38,3,37,6,5,60,63,82,0,51,8,6,80,43,25,86,14,73,57,58,17,67,45,51,40,43,64,86,75,36,39,66,22,23,31,68,53,13,65,88,86,47,88,35,38,37,70,23,94,12,19,33,64,61,42,20,58,97,65,80,17,6,15,29,28,95,60,14,21,36,37,5,7,21,11,63,35,76,15,30,18,71,80,56,95,25,80,49,11,98,89,55,41,35,25,24,85,92,12,73,22,67,91,24,9,52,55,43,47,17,62,10,10,7,26,48,78,32,53,18,86,86,92,67,20,9,18,89,78,83,54,35,75,87,26,28,24,37,90,7,83,9,75,72,9,98,84,53,37,20,20,82,52,43,37,0,2,87,97,0,2,8,85,27,20,7,9,99,89,46,41,69,45,77,89,62,62,64,91,49,11,24,16,65,57,81,55,52,50,33,36,64,61,41,7,47,24,44,97,86,61,0,24,15,89,16,94,56,67,37,45,7,15,22,56,81,81,84,1,86,77,3,59,11,84,62,81,86,55,17,85,19,31,44,66,38,9,34,10,74,62,88,28,79,77,17,94,93,60,74,61,70,90,57,19,83,94,74,34,46,38,21,3,9,46,40,33,63,5,45,91,31,35,48,13,50]"
