instance,makespan,FA,OS
ta01,963,"[0,2,0,1,2,1,2,3,0,2,1,3,3,2,3]","[5,10,4,8,14,0,6,14,12,6,12,4,12,14,10,13,7,11,5,8,9,10,9,8,5,4,0,13,8,6,5,13,1,13,3,3,10,3,5,14,5,0,6,12,11,10,2,5,2,7,3,7,9,9,1,10,11,3,9,9,1,7,9,7,0,4,6,6,1,14,3,1,11,11,8,0,7,8,0,7,0,2,9,4,10,4,2,12,2,9,8,14,8,6,10,4,11,11,2,13,3,8,0,1,5,3,5,13,1,11,12,4,9,7,8,13,10,14,2,8,0,14,10,2,3,3,7,12,1,4,5,12,4,0,0,2,6,7,3,8,13,1,5,9,13,7,6,6,11,4,14,2,3,14,14,11,1,3,10,7,1,6,11,5,1,1,9,12,2,9,13,14,7,12,2,13,8,11,11,8,6,5,0,12,2,6,5,14,2,4,13,14,9,11,12,10,13,13,2,5,6,4,12,9,8,10,3,10,1,1,0,0,12,7,10,3,11,4,4,7,12,14,0,6,13]"
ta02,942,"[0,1,2,3,2,0,2,1,1,3,0,1,2,0,3]","[11,4,1,1,2,12,14,0,0,2,2,4,14,1,5,0,10,1,3,12,12,4,0,10,13,3,7,11,4,12,9,1,4,2,12,7,9,8,14,3,5,6,5,13,13,14,10,5,9,0,14,13,9,2,7,14,5,9,6,5,2,7,10,3,0,8,2,9,7,8,6,13,12,3,7,2,13,2,9,13,9,14,0,4,1,14,6,0,1,2,0,4,11,10,8,6,13,2,5,6,13,5,13,7,10,10,3,11,12,7,7,12,9,8,5,7,6,11,11,3,5,8,2,0,3,8,1,6,14,10,6,5,13,8,12,11,3,1,10,6,7,2,0,7,7,12,11,3,3,12,5,10,4,0,13,14,14,8,11,3,5,8,11,4,4,4,10,1,4,14,12,0,1,10,9,11,8,1,9,9,6,4,11,6,13,10,8,6,4,9,11,11,8,1,3,14,0,3,5,1,1,9,12,6,13,10,8,14,4,2,12,0,7,12,13,5,8,10,9,11,3,7,6,2,14]"
ta03,921,"[1,0,1,3,3,3,2,1,0,2,0,0,1,3,2]","[4,14,9,1,7,2,5,6,2,9,0,11,4,6,10,7,10,0,9,12,10,13,3,1,9,9,8,5,12,13,7,12,3,1,8,0,5,14,4,1,11,14,14,5,12,9,11,7,5,10,1,8,14,7,4,11,0,14,13,14,2,4,3,9,1,10,7,11,7,10,0,13,6,12,12,6,3,12,7,4,6,6,7,1,13,9,1,4,11,5,12,12,6,5,12,5,0,12,7,8,11,8,6,14,10,1,6,2,0,13,0,2,11,1,12,14,10,5,11,4,6,8,6,8,10,11,10,2,5,13,2,3,3,14,0,2,13,7,5,9,5,3,2,3,1,12,13,10,14,6,3,1,2,10,10,5,8,9,12,8,0,4,2,8,7,3,7,12,14,11,2,14,9,4,8,6,11,2,2,9,13,8,13,10,13,13,4,5,11,1,11,3,6,0,4,13,0,9,8,3,8,7,4,1,3,14,0,4,14,8,3,1,5,3,2,0,9,0,13,7,10,4,6,11,9]"
ta04,911,"[0,1,2,0,3,3,3,3,1,2,3,2,0,1,2]","[1,14,5,9,8,1,4,3,13,3,7,10,6,11,0,9,2,10,1,6,11,6,10,8,5,5,9,13,8,14,1,13,0,12,0,1,14,11,2,12,1,8,1,3,7,3,9,11,10,5,3,4,14,3,3,12,2,1,2,6,13,7,12,6,13,0,0,14,9,4,7,13,10,3,6,9,10,14,0,0,6,4,11,12,10,8,10,12,2,14,2,13,0,8,2,0,6,7,5,13,2,9,1,8,4,12,12,11,1,2,7,10,3,14,7,4,12,10,11,8,8,5,1,8,11,8,4,13,3,6,0,3,9,6,13,0,5,10,10,11,3,14,7,0,4,13,9,5,2,5,7,2,9,4,12,2,0,6,5,11,8,12,8,12,4,14,0,6,9,4,5,7,8,11,14,13,6,7,1,9,9,4,7,7,5,3,11,9,3,11,10,7,4,14,11,5,9,8,10,12,13,3,4,4,6,14,12,7,1,0,1,1,5,14,6,10,13,2,14,13,2,5,12,11,2]"
ta05,940,"[2,0,2,1,1,2,3,3,1,1,3,0,0,0,3]","[8,7,1,10,1,10,5,11,8,12,11,12,13,2,5,9,10,12,10,0,6,4,10,9,7,1,4,6,3,0,9,5,2,9,14,9,2,8,11,6,5,3,4,6,1,0,13,2,4,5,6,3,7,4,8,3,6,14,9,11,10,0,11,9,5,3,11,6,5,7,3,3,1,1,0,0,4,4,1,12,13,0,5,13,13,11,8,2,8,11,7,2,14,9,10,13,6,14,0,0,10,13,4,3,4,5,8,2,6,10,7,1,4,5,3,6,9,10,14,7,0,9,12,7,1,14,1,5,4,1,13,2,3,11,12,12,5,8,0,11,6,12,13,12,12,1,3,11,10,10,7,2,10,14,14,8,9,11,9,7,1,14,2,7,11,13,2,2,7,9,3,11,14,8,12,0,3,6,1,4,14,13,14,0,9,12,9,14,2,8,3,6,4,0,3,14,6,5,10,14,2,13,8,4,12,7,2,13,13,8,12,1,8,0,7,7,10,5,13,5,4,11,12,6,8]"
ta06,873,"[3,0,1,2,3,0,3,0,2,1,1,1,1,2,2]","[1,7,5,14,12,10,8,8,8,7,4,11,4,10,6,1,0,6,11,0,4,10,12,1,14,12,3,10,9,4,2,11,2,2,8,2,9,13,13,6,6,7,9,9,12,11,10,8,3,11,1,3,10,10,2,3,3,13,4,13,13,13,5,2,6,7,9,3,3,0,14,5,6,12,9,2,5,5,1,12,2,2,14,7,6,3,14,13,3,0,12,1,1,1,10,8,6,14,11,14,3,10,11,8,14,2,13,7,6,4,9,10,11,1,7,3,14,14,1,14,13,8,13,10,3,8,5,5,1,5,2,9,1,1,14,8,10,12,8,3,1,11,2,8,7,6,4,13,7,0,12,9,4,0,0,0,1,7,11,9,4,4,9,7,13,4,5,4,12,9,11,11,10,2,7,0,9,5,14,0,13,6,5,2,5,12,4,13,7,6,12,12,5,6,5,0,14,6,11,0,4,4,6,10,7,11,3,12,9,10,12,3,7,8,2,8,0,8,14,5,11,13,9,0,0]"
ta07,935,"[2,1,1,3,1,2,1,2,3,0,0,3,3,2,0]","[7,2,2,7,7,12,10,3,10,14,10,9,6,3,5,8,7,4,6,14,11,7,12,12,0,12,6,1,2,5,1,13,8,11,7,10,14,8,7,6,8,10,0,3,11,12,11,14,0,14,5,5,8,12,14,8,5,11,4,9,0,13,3,2,6,2,1,6,4,7,6,13,10,6,14,5,0,3,2,1,8,2,2,10,2,0,13,8,0,9,3,12,5,5,12,9,4,14,11,9,1,9,1,3,2,4,1,10,12,4,11,5,7,10,13,14,8,8,4,4,6,4,8,13,12,8,9,14,9,0,10,9,11,14,9,14,12,1,10,7,1,13,14,13,2,6,14,2,4,6,8,3,11,2,6,13,10,9,9,7,1,3,2,12,13,5,1,3,14,11,10,8,13,13,1,3,6,4,0,0,1,11,3,7,0,12,3,12,10,4,4,11,4,1,0,7,5,11,11,0,7,6,9,5,3,0,13,6,11,1,5,3,5,4,13,7,8,5,9,9,12,0,10,2,13]"
ta08,963,"[3,2,2,0,3,3,2,0,1,1,1,1,2,0,3]","[13,7,1,9,2,1,14,11,0,9,3,10,9,7,9,11,1,7,14,6,0,7,3,8,13,11,9,3,5,8,2,4,7,4,12,13,8,6,1,2,0,7,12,1,0,8,3,5,10,2,12,7,5,6,13,0,5,6,12,2,3,3,2,7,12,8,4,13,7,7,14,1,4,5,10,14,12,7,4,2,4,9,11,3,3,10,2,6,8,14,10,3,0,13,1,5,2,7,8,8,2,10,13,6,5,1,12,1,6,8,6,5,8,7,1,0,0,12,6,13,14,6,9,5,9,9,0,4,4,5,5,3,2,10,11,10,14,12,3,4,0,13,6,9,12,13,0,10,11,14,11,12,13,6,13,9,14,13,14,9,12,7,10,4,10,7,10,8,13,11,3,4,2,1,8,1,14,5,0,6,11,11,2,5,12,1,12,4,6,11,12,3,0,11,8,11,5,0,14,13,14,8,5,9,9,3,4,1,4,3,6,10,10,11,10,14,11,2,1,8,4,14,9,2,0]"
ta09,982,"[1,2,3,0,0,3,0,3,2,2,1,1,0,0,3]","[10,1,5,7,0,1,13,12,9,10,13,6,11,14,14,5,1,10,2,6,2,14,8,11,12,3,14,1,0,13,9,7,13,9,1,1,2,13,8,10,12,14,10,3,9,1,3,11,0,0,9,2,5,6,3,3,4,5,5,13,10,0,7,10,5,1,0,0,11,8,14,8,3,11,4,3,4,7,13,14,0,10,14,2,8,10,12,6,7,11,2,6,8,14,5,13,6,14,10,10,1,9,12,13,6,4,11,2,5,5,8,3,7,9,14,13,12,0,4,8,1,10,8,2,6,11,0,2,4,12,4,6,1,8,2,7,1,8,8,5,12,2,3,11,3,0,7,14,7,6,9,1,9,4,5,11,4,2,11,10,14,11,0,9,0,7,14,3,6,1,5,12,4,4,13,6,9,9,6,5,13,8,6,0,8,7,12,10,3,11,2,7,13,4,11,14,8,12,9,12,3,3,0,7,12,9,3,4,13,7,1,2,12,4,7,4,5,5,9,12,6,13,2,10,11]"
ta10,909,"[0,3,0,2,3,3,1,1,0,3,2,1,3,2,2]","[1,8,6,9,10,7,14,2,13,7,13,4,3,9,10,2,0,9,10,5,13,1,14,9,0,5,6,7,2,10,12,6,2,12,9,5,3,10,0,1,12,0,11,3,11,1,6,14,8,2,0,11,11,4,6,8,8,7,7,6,9,5,14,11,2,6,9,13,14,5,13,3,2,4,0,2,9,0,6,6,5,4,14,1,11,7,14,7,11,11,12,4,8,5,13,0,13,12,12,6,14,3,10,1,7,4,9,5,7,12,13,11,6,8,12,4,2,9,8,5,3,1,10,1,2,2,12,4,1,1,8,13,0,10,13,2,13,8,8,10,1,0,3,7,6,1,1,6,12,2,6,9,13,11,12,3,8,8,3,10,4,12,3,5,13,12,8,3,11,1,8,10,9,1,4,14,12,10,0,0,4,7,5,11,10,11,8,11,2,3,10,11,6,4,4,7,5,14,5,12,10,0,14,5,14,0,5,14,7,14,9,3,13,2,3,3,7,4,4,7,14,0,9,9,13]"
ta11,949,"[3,1,2,0,1,1,1,0,2,2,2,0,3,3,0,3,1,3,1,3]","[3,13,17,14,7,11,10,14,4,6,13,6,18,16,17,3,5,14,9,5,8,11,14,7,18,16,4,19,11,1,3,12,5,5,10,13,12,10,14,19,17,15,15,11,14,6,15,8,19,5,2,6,12,18,13,16,15,18,14,2,13,2,9,8,14,16,18,11,4,1,15,15,3,3,3,15,19,15,0,4,17,10,2,13,12,6,9,6,1,16,8,15,8,0,11,7,2,12,6,17,7,4,1,8,7,10,14,0,15,0,19,1,7,11,10,18,13,5,6,1,9,1,17,11,7,7,7,10,18,8,16,7,0,14,9,3,4,4,11,10,15,14,4,19,2,16,18,19,2,4,19,8,9,13,17,18,16,0,6,13,0,0,8,3,8,11,6,6,16,14,17,12,7,5,12,12,9,1,12,3,10,13,16,5,5,10,11,14,3,1,1,16,10,12,13,19,12,0,3,17,16,4,16,16,7,2,11,3,8,5,12,5,14,3,4,2,0,18,11,2,17,10,2,4,18,9,10,15,6,9,2,12,4,13,15,17,18,16,10,1,1,19,13,11,6,19,5,8,0,19,9,3,6,18,0,8,9,19,3,7,18,0,7,10,4,17,5,13,7,14,5,1,13,0,9,1,8,18,6,12,19,5,9,2,12,1,8,9,15,2,15,17,11,17,2,17,0,4,9,19]"
ta12,1012,"[1,1,0,3,2,0,1,3,3,3,0,2,2,2,3,2,1,1,1,2]","[4,4,17,0,16,18,6,4,17,3,5,1,5,9,18,11,14,6,11,9,19,2,11,0,14,16,7,7,7,9,0,18,2,6,16,10,4,1,6,7,18,15,6,3,8,13,1,17,12,10,2,11,1,2,8,5,17,3,3,12,15,10,7,16,8,15,1,19,14,9,17,18,15,10,4,15,17,6,9,12,3,13,1,11,10,15,4,18,8,6,7,7,0,2,9,19,16,8,13,0,19,11,0,9,11,16,15,0,9,17,5,8,3,14,6,15,14,14,6,13,1,10,18,2,1,0,18,1,5,5,12,11,13,3,12,8,19,17,12,13,1,8,13,15,17,19,5,10,13,14,14,4,3,2,5,4,0,13,8,15,12,12,5,9,17,4,3,5,18,7,11,19,18,8,1,15,4,14,14,7,17,14,7,14,11,2,11,8,16,10,16,18,7,19,9,13,11,17,6,7,13,10,19,17,3,5,16,9,12,16,13,0,1,12,19,18,15,2,19,9,15,3,13,6,2,11,1,19,6,8,8,12,10,16,4,12,0,3,14,1,16,6,5,4,2,15,19,4,14,9,16,14,17,19,13,18,3,8,9,7,16,11,9,6,4,10,4,3,0,11,17,18,10,19,6,8,0,2,1,0,7,12,5,18,5,2,13,2,16,10,0,5,7,10,12,2,10,12,3,15]"
ta13,919,"[1,1,1,0,3,0,2,3,2,2,3,1,0,1,3,0,0,3,1,0]","[0,15,15,17,18,14,10,4,9,13,5,8,0,14,17,19,0,12,17,5,10,5,12,11,10,13,15,2,10,3,11,14,0,0,0,5,1,9,2,12,16,6,14,11,9,2,8,16,13,11,2,5,10,11,16,14,16,3,19,11,12,4,13,7,14,1,1,5,7,19,5,5,5,6,13,12,1,12,16,16,2,1,3,6,4,19,0,5,7,1,1,9,5,18,6,4,9,18,6,4,6,12,17,7,11,4,7,15,7,15,16,0,12,11,16,9,8,13,8,9,3,2,19,7,16,1,4,13,2,4,8,4,9,3,18,4,13,17,10,18,18,8,6,13,1,19,15,15,6,18,14,19,14,17,11,3,2,5,4,17,18,15,8,16,0,17,4,1,8,13,2,7,3,10,9,3,9,2,5,16,18,0,14,5,2,14,4,1,8,9,18,8,15,19,9,2,12,14,10,0,17,7,3,7,9,7,17,4,15,10,8,18,7,17,15,10,6,18,19,19,3,12,10,15,3,19,13,6,11,10,19,12,8,11,9,7,12,0,1,10,6,15,6,9,16,3,0,0,14,18,3,8,18,6,14,18,19,15,17,13,8,2,14,17,6,10,19,1,12,13,3,14,0,10,12,11,2,13,7,16,17,19,11,12,16,13,3,4,1,1,15,11,7,6,11,16,2,8,17,5]"
ta14,990,"[2,0,3,2,3,0,1,2,0,1,3,3,0,0,2,0,1,2,3,2]","[16,14,14,6,2,15,14,1,15,16,4,11,15,6,11,7,8,7,9,3,10,1,9,4,19,4,13,7,16,16,7,8,2,0,7,19,4,4,18,7,7,19,9,10,3,6,17,3,1,1,2,19,17,16,1,10,12,14,13,0,17,4,8,13,8,10,9,7,1,0,9,19,0,4,2,3,19,10,17,4,13,12,11,1,13,14,6,14,12,12,18,15,6,14,10,6,17,7,11,5,11,4,19,8,18,18,12,18,5,11,14,1,13,8,15,14,17,0,5,6,17,10,2,14,8,15,6,0,16,10,1,9,17,5,16,4,4,10,16,1,8,13,17,3,10,2,2,6,13,12,16,5,6,2,19,17,19,9,18,11,18,15,13,18,5,3,9,8,2,12,18,10,0,3,10,16,0,11,6,17,5,15,15,16,6,18,9,14,7,3,12,7,2,16,2,15,19,4,5,5,17,7,17,0,6,16,18,11,8,1,4,2,19,12,17,14,3,0,14,10,12,7,8,17,15,6,15,19,2,12,0,13,9,2,13,11,1,5,3,19,11,13,18,12,0,10,5,4,13,9,9,14,9,3,3,5,15,11,6,0,4,16,19,15,15,12,11,12,3,9,3,8,8,18,5,10,13,5,1,2,16,0,11,0,13,8,14,1,8,1,11,7,12,9,18,18,3,19,5,7]"
ta15,930,"[2,0,2,3,3,3,0,1,3,3,2,1,2,0,1,3,0,0,0,0]","[4,11,17,3,1,14,11,6,3,0,19,13,5,10,0,12,10,15,2,5,14,4,10,13,8,3,2,14,4,17,13,2,19,10,14,1,5,9,6,0,9,16,7,9,15,17,4,5,12,15,1,18,15,14,12,0,17,4,14,7,16,7,16,11,16,3,19,6,5,18,17,6,9,1,17,11,19,18,8,13,17,14,8,16,8,9,13,2,8,8,17,3,12,13,2,7,18,14,7,18,16,6,7,11,3,9,1,8,11,6,14,16,18,13,2,7,0,2,4,19,7,5,10,6,7,16,8,13,6,14,17,10,13,6,8,10,5,8,19,11,5,7,16,13,5,12,15,8,3,4,11,12,1,9,19,4,3,0,2,19,1,16,3,18,9,1,3,13,17,2,11,10,4,6,8,15,15,10,12,17,2,19,13,9,0,10,2,12,0,8,5,13,18,10,0,18,13,12,15,11,16,1,3,15,10,18,18,19,16,19,0,1,15,12,7,10,3,4,5,2,7,8,6,16,17,15,13,4,3,0,1,14,14,11,14,15,16,5,4,2,15,9,9,4,7,12,3,11,19,17,15,10,11,17,14,12,0,18,1,11,6,19,19,1,1,10,6,18,9,5,12,1,12,7,5,18,18,5,0,14,9,15,16,8,6,2,17,0,9,4,0,19,12,3,11,2,6,4,7,9]"
ta16,976,"[0,2,1,0,3,0,1,3,1,3,3,2,1,2,1,2,3,3,0,2]","[0,11,3,5,12,7,1,6,4,7,4,11,1,6,13,13,0,8,2,10,6,14,16,11,19,2,6,16,18,15,13,5,13,6,5,13,17,12,9,15,11,7,19,17,0,1,12,12,8,0,2,18,8,1,9,4,16,18,18,2,5,1,4,2,13,14,12,7,8,19,8,8,17,15,7,3,14,17,0,18,6,10,6,4,12,10,10,19,15,19,15,11,5,1,9,9,0,8,14,3,9,3,5,11,6,5,18,9,10,6,16,8,1,2,18,12,17,17,17,6,2,15,4,15,12,17,19,9,9,0,6,17,7,14,3,10,18,17,2,11,7,9,10,15,11,3,14,5,7,4,19,10,13,0,2,18,13,1,2,14,16,5,5,11,3,7,2,15,5,16,13,14,15,1,15,4,3,18,4,1,19,8,12,4,19,10,3,13,8,19,13,8,16,14,5,19,7,16,0,15,8,5,7,17,19,10,11,7,11,6,14,16,19,12,13,5,14,5,16,9,12,16,3,14,11,1,6,4,0,2,17,14,11,0,16,14,17,2,7,15,13,7,2,1,3,8,2,13,8,4,10,4,10,4,9,9,18,10,8,6,9,17,3,11,16,18,14,1,18,16,13,3,9,1,4,12,0,0,0,15,12,7,16,12,3,1,19,12,10,19,11,6,9,17,10,3,18,15,18,0]"
ta17,987,"[1,3,1,1,0,2,3,0,2,1,3,0,0,1,2,0,3,2,2,0]","[6,13,10,19,6,7,7,4,1,1,9,5,9,5,8,10,8,8,13,2,18,11,4,17,8,4,8,18,9,0,14,19,17,13,8,11,1,15,5,16,8,6,2,18,7,3,16,10,15,1,14,7,12,18,3,17,17,10,9,16,12,15,2,15,2,9,4,14,15,4,1,19,18,3,10,9,0,13,19,0,7,18,18,2,14,4,4,9,6,17,6,15,0,0,14,19,13,1,12,3,7,14,0,2,10,1,9,6,4,15,17,19,4,18,5,10,16,8,8,11,16,3,15,18,11,9,11,2,10,19,4,6,12,11,14,11,14,5,16,0,12,19,11,14,10,9,13,13,15,7,11,7,19,12,3,0,5,0,9,0,16,8,16,5,2,0,8,13,1,7,3,5,16,12,1,19,6,16,3,0,12,12,19,18,3,5,17,13,8,13,2,2,12,13,5,9,0,2,17,14,9,6,14,15,13,11,8,3,5,16,5,11,17,7,5,2,6,7,17,0,13,14,10,13,15,18,4,12,18,12,10,11,6,9,16,3,1,15,15,11,19,12,2,15,8,8,19,10,14,14,2,4,6,17,7,12,7,3,6,5,13,3,7,11,5,17,19,0,6,1,2,1,7,9,17,1,1,4,4,11,18,1,10,4,16,18,17,17,10,3,19,18,16,12,3,15,14,16,10,6]"
ta18,937,"[0,0,2,3,1,3,2,0,1,2,0,1,1,1,2,1,0,3,3,1]","[11,8,10,2,18,11,7,17,8,8,12,13,19,16,15,13,8,14,11,1,9,15,14,19,11,14,2,18,19,14,3,1,11,1,5,4,19,15,9,7,11,12,7,5,12,1,14,16,18,3,19,17,1,19,5,15,4,2,15,4,13,15,17,13,2,6,17,19,0,17,8,3,0,3,4,9,6,5,13,6,18,13,17,16,12,1,2,14,12,14,9,1,10,19,12,10,13,12,18,8,10,0,11,16,2,6,17,0,0,13,4,1,9,7,5,14,16,0,13,17,5,18,18,6,18,9,16,8,9,3,6,15,7,1,7,6,0,8,3,10,7,1,4,16,18,11,19,9,6,17,13,7,4,15,12,1,8,10,14,6,7,2,3,9,11,15,16,10,2,5,19,9,19,5,8,6,14,11,3,5,1,0,4,18,12,14,13,8,3,5,14,18,13,1,11,15,2,0,5,9,3,15,18,17,9,19,12,10,18,3,13,10,2,6,7,4,1,7,4,11,11,10,0,0,14,2,5,5,15,6,4,3,7,7,6,12,8,3,16,15,16,16,9,12,9,13,3,17,4,12,6,3,19,17,0,13,2,18,4,10,18,11,5,14,5,7,15,19,10,14,17,4,0,1,8,8,12,2,2,8,10,4,10,10,9,0,17,16,17,2,0,12,16,16,15,11,16,6,7,19]"
ta19,930,"[1,2,2,3,2,3,1,2,0,1,3,0,3,3,0,0,0,2,1,2]","[10,11,9,9,5,13,19,5,17,2,13,11,1,15,4,14,15,13,2,7,8,15,4,11,7,16,0,0,7,2,10,8,19,14,7,11,17,11,12,15,3,16,6,0,6,6,14,4,10,12,3,1,15,11,3,12,16,9,4,7,0,16,7,3,12,6,7,5,14,6,18,2,13,12,0,14,5,10,15,16,5,12,12,3,14,8,0,19,18,18,13,5,12,7,15,15,1,13,0,4,0,4,1,17,8,18,2,2,9,10,14,19,9,14,7,14,10,16,8,10,17,18,0,17,2,5,13,6,1,18,8,17,17,6,19,4,19,1,13,9,4,5,3,10,13,0,16,2,18,15,15,4,12,2,6,18,5,6,8,12,12,11,10,3,1,9,3,8,3,7,2,3,13,19,4,16,17,10,17,9,11,1,18,15,18,8,14,16,9,19,7,6,16,19,8,2,17,12,11,4,19,18,0,17,11,1,2,13,11,8,16,0,6,9,11,9,1,4,4,2,1,17,8,19,7,12,13,5,19,6,3,12,18,1,16,11,3,3,14,6,17,1,1,10,16,19,5,8,5,0,10,14,9,10,15,3,18,6,9,13,15,9,0,5,19,4,5,10,9,2,18,16,4,7,13,5,14,17,16,1,15,11,14,13,19,17,10,2,0,15,12,7,8,14,18,6,8,11,3,7]"
ta20,974,"[2,3,0,1,0,1,2,0,3,0,1,3,2,3,0,3,1,2,0,1]","[15,19,14,16,10,7,15,18,7,8,13,11,9,19,0,0,4,18,2,1,18,1,5,3,17,6,2,9,16,12,8,5,9,8,12,16,17,0,16,13,19,18,2,13,7,8,2,2,13,10,13,4,10,4,8,14,11,6,1,1,11,18,6,9,4,14,17,19,3,2,14,0,3,14,3,18,14,18,3,16,7,1,6,6,13,16,2,19,10,0,6,19,17,3,10,16,4,4,10,12,1,12,17,4,2,11,0,3,9,4,5,11,12,8,1,6,15,9,11,1,1,17,2,14,8,17,10,9,3,11,6,0,12,13,16,15,13,16,2,4,16,12,9,8,10,14,15,14,6,16,13,5,7,9,14,17,19,5,7,0,8,13,7,9,8,3,14,16,14,1,5,18,0,7,17,3,8,1,3,11,2,19,6,13,15,9,19,17,5,14,7,0,11,9,19,8,3,4,4,14,10,5,10,6,5,11,1,19,2,7,12,5,14,19,12,15,1,4,2,9,17,6,5,18,18,5,17,6,18,10,17,11,12,8,0,19,18,11,7,16,1,16,7,16,10,15,0,5,11,19,3,15,15,7,4,2,15,5,0,15,10,6,3,9,13,18,9,10,2,15,5,0,18,0,12,7,4,12,17,17,11,8,6,12,12,15,13,15,11,19,3,10,13,12,13,4,1,8,18,7]"
ta21,1226,"[1,3,1,0,0,1,2,0,1,3,2,0,3,2,1,0,2,3,2,1]","[0,1,4,2,12,12,8,7,7,10,8,4,1,11,16,8,12,6,8,18,16,5,17,5,16,3,7,5,3,11,9,19,15,8,15,7,15,9,17,0,11,5,4,10,18,8,9,1,1,9,3,12,19,14,19,8,0,2,13,10,15,13,6,18,18,17,2,4,1,16,7,19,17,0,3,17,17,8,11,9,17,1,16,7,6,6,10,9,14,3,13,4,16,2,6,7,3,14,14,9,16,16,16,8,15,8,12,4,5,3,15,3,11,2,19,5,17,9,5,3,5,11,5,11,12,6,8,4,14,19,17,1,19,18,5,4,10,0,8,18,12,0,17,9,18,6,0,8,5,5,17,7,4,7,14,1,0,4,2,10,13,12,19,7,15,16,18,7,18,14,12,17,3,0,2,17,16,13,0,0,11,18,19,4,13,14,12,15,5,13,1,18,6,2,1,10,14,9,11,0,10,8,3,6,19,7,1,15,3,17,15,13,5,2,10,2,12,11,15,16,4,17,17,17,9,3,0,16,19,1,10,3,9,12,2,7,7,10,13,18,9,15,1,16,12,7,5,6,10,18,7,19,13,14,19,8,13,4,15,8,1,7,4,6,6,2,13,9,6,2,5,18,14,13,10,16,8,15,7,12,13,4,14,2,18,0,17,0,18,19,19,18,14,11,12,14,17,2,8,7,3,13,1,9,6,4,2,6,15,6,10,19,16,15,19,3,10,0,3,5,1,11,15,0,12,11,18,6,9,3,12,13,16,10,2,11,12,6,3,1,1,13,4,5,11,16,2,11,14,17,15,0,18,5,16,5,19,14,15,3,14,9,10,18,8,8,11,0,14,11,19,9,10,2,15,19,9,9,0,13,7,10,12,2,13,13,1,6,11,16,14,12,14,10,6,4,1,4,11,4]"
ta22,1223,"[1,3,3,0,3,1,2,0,3,1,1,0,2,0,2,0,0,2,3,2]","[7,13,14,9,0,16,13,9,14,15,9,19,5,4,15,10,4,13,16,6,7,14,9,1,1,16,12,3,9,16,3,11,17,15,17,2,16,4,13,8,15,2,2,18,2,8,14,14,17,14,16,13,3,16,10,9,16,1,19,7,4,18,2,2,15,15,8,18,12,6,5,5,7,4,0,1,4,8,9,6,17,12,8,12,8,10,6,19,5,16,8,17,11,7,18,2,4,1,19,15,18,4,10,12,14,6,17,3,19,10,15,4,9,5,10,1,13,19,6,0,17,9,11,18,2,1,3,15,4,7,16,8,1,1,12,19,7,2,12,18,6,7,15,9,18,13,8,13,0,16,13,17,12,11,14,19,5,15,18,1,5,4,0,1,13,5,13,0,9,4,4,6,16,19,8,3,16,7,2,0,15,19,14,18,0,14,15,4,8,3,2,4,11,5,1,4,11,11,9,10,6,8,10,18,11,11,12,16,8,3,0,13,14,3,9,4,11,7,0,12,15,2,8,1,11,3,3,6,10,5,12,0,18,0,18,19,2,3,10,19,17,2,11,18,19,5,11,19,7,6,7,7,19,14,9,5,16,15,0,2,2,18,9,8,9,5,5,3,3,9,4,17,0,13,4,12,14,10,10,16,14,6,19,17,17,9,3,15,16,7,11,17,2,14,13,0,0,1,15,8,0,5,3,8,13,17,3,8,9,11,12,6,3,1,13,10,10,7,5,13,12,0,4,1,1,1,6,19,7,16,6,10,19,12,0,12,5,5,6,15,9,7,14,17,11,19,11,19,10,10,6,15,6,8,16,12,17,17,8,11,17,10,12,3,1,11,11,0,2,6,3,13,2,18,10,18,1,14,5,13,17,15,17,2,7,14,14,14,13,16,7,18,12,7,6,12,18,10,5,18]"
ta23,1167,"[0,0,1,2,2,2,1,2,3,3,1,0,1,0,3,0,2,1,3,0]","[1,2,2,6,16,11,15,16,9,8,1,5,8,7,3,12,9,12,7,14,2,1,0,1,19,14,17,15,15,11,10,14,3,12,13,11,19,10,10,11,19,4,7,5,0,13,15,3,17,18,15,1,15,4,9,10,12,10,18,10,18,13,3,4,10,0,6,4,12,14,12,12,19,16,8,8,3,5,9,14,16,5,4,15,4,6,8,0,11,13,4,19,14,6,14,17,12,19,10,7,17,0,7,19,11,9,10,19,19,1,2,6,14,12,19,4,3,8,17,0,8,4,12,4,18,2,7,2,5,14,4,14,1,18,19,19,3,0,2,18,0,2,7,18,5,13,7,6,4,11,4,7,14,9,1,10,19,11,18,18,3,16,13,10,10,5,13,3,6,6,8,9,16,11,9,17,17,19,17,17,17,9,2,13,16,1,14,10,10,8,18,18,12,2,14,8,14,5,11,1,2,5,17,18,3,7,3,18,17,10,8,16,2,15,8,1,9,18,7,15,7,5,6,15,6,18,13,2,7,6,17,16,11,15,15,6,0,14,13,13,5,8,19,18,16,1,17,11,16,16,4,2,13,4,16,14,15,3,5,10,5,6,4,0,16,19,12,2,7,9,3,9,15,8,12,2,1,15,13,6,3,7,5,12,12,12,6,13,6,3,14,16,0,16,9,0,8,3,17,19,7,0,13,11,4,18,2,7,2,7,10,3,8,16,11,1,0,5,5,4,0,16,10,14,6,0,11,15,19,13,7,11,8,15,5,11,12,0,17,17,9,13,1,9,15,12,4,12,9,13,0,19,9,6,19,3,15,11,9,6,16,18,10,12,2,16,2,18,17,14,13,1,3,1,11,14,7,1,0,17,11,5,6,9,5,8,0,18,17,10,3,8,1,1,8,9,13,4,15,5]"
ta24,1238,"[0,1,1,3,1,2,3,2,2,0,1,1,2,3,2,0,2,0,0,3]","[18,2,4,8,11,15,9,19,12,18,2,9,7,9,17,16,18,11,13,9,17,4,4,15,3,6,1,10,0,0,8,3,15,7,9,19,12,1,17,14,2,16,12,0,2,14,10,18,7,7,16,14,13,18,4,6,7,1,16,0,17,2,15,1,5,12,2,6,2,13,19,2,11,6,15,15,12,4,8,9,14,18,11,1,18,6,10,19,19,13,8,16,3,5,10,7,10,12,7,7,10,17,16,15,1,0,8,9,16,1,1,15,11,3,0,3,14,10,13,3,9,17,14,5,8,13,2,16,1,11,19,7,4,2,15,17,15,18,5,16,6,2,8,3,14,1,17,11,15,7,7,11,19,15,1,0,17,16,1,5,12,8,18,11,1,10,5,12,3,1,11,16,10,4,8,9,16,15,6,16,3,12,2,7,7,13,8,5,4,0,9,7,9,4,14,9,18,12,19,6,3,18,8,5,16,0,0,2,17,18,19,2,13,14,13,15,3,6,14,1,0,8,17,11,19,5,18,18,16,12,17,7,16,2,15,4,10,9,8,6,6,6,2,13,17,14,15,14,8,2,5,4,16,8,8,18,8,10,14,17,13,3,2,5,13,7,6,11,11,3,8,3,12,16,4,5,15,4,18,14,18,10,19,1,17,17,19,1,17,0,5,7,11,11,12,6,4,13,7,4,4,3,19,0,10,12,13,6,19,4,6,0,12,5,5,12,19,10,16,19,0,7,8,19,12,14,6,9,3,17,4,16,2,9,12,5,14,14,8,11,9,0,10,14,13,3,2,11,10,10,5,12,13,11,15,6,17,15,19,0,0,11,5,9,15,18,3,10,13,1,13,10,10,13,4,14,12,5,0,9,3,18,7,9,5,6,18,19,1,11,13,6,14,9,3,19,0,4,1,17]"
ta25,1193,"[0,2,3,0,2,2,0,1,3,3,2,2,0,0,1,1,3,1,1,2]","[14,7,9,15,15,7,10,4,9,12,15,8,11,1,17,9,6,14,5,17,7,18,7,3,10,9,18,17,4,2,14,1,7,19,13,19,12,10,19,1,0,18,2,5,17,4,12,13,16,15,16,19,19,16,2,7,2,4,14,2,0,15,11,3,17,13,16,13,6,3,14,10,18,8,11,2,8,19,0,5,5,6,15,4,2,3,13,1,11,13,8,18,5,8,0,5,17,12,7,4,11,15,18,16,8,4,6,11,1,3,14,18,16,15,3,0,0,0,4,4,4,14,7,3,5,7,6,9,13,9,18,3,7,9,18,6,13,15,12,15,11,1,6,2,16,8,12,0,2,5,3,3,11,1,17,2,8,19,8,19,13,2,4,8,8,2,7,0,19,16,17,8,9,16,10,16,12,5,14,0,17,19,7,2,2,12,16,16,8,8,19,15,0,1,9,15,12,8,19,10,9,17,16,3,10,7,9,17,18,1,19,4,6,5,5,5,17,11,18,8,1,4,4,14,2,10,13,10,14,12,11,1,3,18,7,4,9,19,13,13,19,11,18,16,0,0,7,9,12,0,1,3,14,14,5,14,10,6,9,3,19,6,14,0,10,16,17,17,12,6,18,10,11,16,6,15,17,11,13,19,10,9,2,8,2,15,2,0,7,15,11,12,3,4,12,10,17,17,10,13,4,9,18,14,3,3,12,1,13,0,14,7,12,4,5,18,6,11,16,10,15,13,5,8,9,9,7,13,18,3,1,0,1,14,5,17,12,14,15,4,11,11,5,11,6,13,9,11,16,19,7,15,10,8,7,0,3,2,10,17,18,4,1,6,12,18,13,9,6,6,14,1,10,5,13,18,5,6,0,8,17,11,15,6,3,1,19,1,16,15,16,19,2,12,14,1,5,10,12,6]"
ta26,1226,"[3,0,2,1,2,0,1,0,1,0,1,0,3,1,3,3,0,3,2,1]","[18,4,17,11,5,3,13,17,18,12,11,11,3,11,4,18,7,3,9,14,16,9,16,12,6,9,5,4,8,12,3,2,10,17,3,13,17,15,15,8,2,19,6,9,11,19,10,16,13,16,12,0,10,2,19,11,2,16,0,2,12,6,10,14,10,8,2,19,11,14,12,7,15,12,9,2,6,9,19,18,4,2,4,0,19,8,8,6,6,18,16,16,13,9,14,14,4,6,6,8,9,0,7,3,13,4,13,12,19,6,16,13,17,15,4,4,18,4,13,7,1,13,5,5,4,0,9,16,4,4,8,11,0,15,2,8,16,10,10,17,19,1,18,2,1,11,1,10,1,0,13,15,14,3,1,8,9,5,8,17,10,6,3,1,8,2,14,4,4,13,10,14,0,17,10,14,6,5,19,16,13,17,19,0,3,12,18,12,3,7,1,0,7,18,8,17,11,11,14,14,7,14,2,3,19,8,13,14,14,7,8,11,4,17,11,5,5,2,15,8,11,19,16,8,13,19,7,7,13,12,9,1,5,15,3,5,18,15,2,13,9,12,4,0,7,16,15,17,16,1,17,17,10,2,1,13,6,6,15,7,1,9,4,16,11,3,6,19,1,10,18,9,3,19,5,12,0,10,1,19,15,15,5,7,8,11,15,3,3,0,14,16,17,17,6,3,6,16,2,18,7,2,14,5,19,10,7,9,11,16,9,5,18,11,6,5,13,6,10,6,14,17,2,4,14,15,9,17,13,1,8,7,12,15,17,18,18,7,4,15,9,2,1,11,12,5,0,15,14,8,5,9,5,18,0,18,13,0,7,16,15,6,2,18,19,12,3,12,16,8,7,3,19,10,11,0,1,12,10,14,1,18,9,10,0,18,0,12,0,5,3,19,17,1,12,5,7,1,10,15]"
ta27,1321,"[2,2,2,1,2,0,1,3,0,1,0,3,2,3,0,3,0,3,3,1]","[7,8,10,9,6,17,1,16,15,7,18,5,12,18,6,6,15,13,15,11,3,19,8,15,14,1,7,17,13,3,16,17,9,4,4,17,16,14,19,8,10,4,8,16,1,18,2,13,2,15,16,16,7,0,8,9,8,12,9,14,10,11,11,1,8,18,3,18,4,9,10,6,16,12,5,5,19,7,13,9,5,19,14,10,17,0,1,11,2,14,13,6,8,16,10,1,10,18,6,9,2,7,0,19,13,14,15,3,7,17,9,17,5,0,2,10,5,14,5,7,10,12,6,12,6,18,9,11,13,8,1,11,6,4,7,17,17,6,6,0,14,0,13,4,1,8,14,17,3,2,11,11,12,10,13,8,3,1,11,7,6,0,4,5,19,5,3,0,3,9,7,13,2,15,15,19,18,2,4,19,14,6,17,14,14,13,17,7,11,15,10,3,17,4,11,16,12,6,14,8,18,18,2,12,8,3,1,5,7,11,14,10,14,3,4,7,6,11,7,18,7,15,15,1,10,16,6,11,2,3,14,6,5,6,13,12,18,4,15,5,9,16,0,11,1,5,19,16,12,5,14,1,10,5,1,4,2,4,3,17,0,11,19,13,19,4,0,16,9,1,17,10,13,11,0,15,5,3,19,16,19,5,15,12,18,10,15,16,9,17,16,18,8,16,2,19,8,9,0,17,11,2,15,7,1,0,12,0,13,1,2,16,13,2,9,5,12,4,4,12,15,19,14,9,19,19,16,9,15,14,0,8,11,1,13,8,2,2,18,1,1,12,15,17,10,8,5,12,2,17,0,14,2,10,4,4,4,13,12,0,7,15,7,3,3,7,13,0,19,12,18,3,8,8,9,3,18,16,6,3,19,0,11,18,9,10,10,3,18,4,13,18,12,6,5,2,12,17,19,9]"
ta28,1247,"[0,2,3,1,1,2,2,1,0,3,1,1,2,3,1,2,0,3,0,1]","[8,1,19,15,2,3,18,13,17,9,19,12,18,13,13,1,6,5,0,6,18,0,14,19,12,2,7,0,13,12,6,7,16,0,9,16,4,3,9,14,0,5,9,4,1,17,4,12,5,9,13,8,12,0,15,11,5,3,2,1,2,11,5,9,12,13,15,17,16,13,0,8,2,2,14,0,4,8,11,10,17,10,4,5,16,16,8,7,19,6,11,3,14,18,12,6,4,15,9,12,15,11,11,1,15,17,8,15,18,15,12,12,7,5,6,19,7,5,17,0,13,1,11,17,5,10,14,19,1,5,6,15,15,2,0,3,4,16,2,11,1,9,6,10,17,8,2,4,13,4,18,14,10,3,8,9,17,16,0,9,1,5,19,3,7,3,7,0,16,2,19,1,3,0,11,19,7,11,8,18,13,9,19,14,9,12,18,10,1,3,11,7,5,14,3,5,8,18,3,7,9,14,5,14,16,6,14,17,7,6,13,13,13,12,17,10,19,11,16,15,4,0,10,11,17,5,2,14,16,10,11,15,9,8,18,17,1,10,7,0,19,9,2,6,0,1,15,12,13,2,5,3,8,14,13,19,6,14,10,2,15,14,16,16,4,19,17,3,6,5,18,17,15,14,18,13,7,4,5,19,1,16,15,4,2,18,8,18,7,3,14,12,0,2,8,11,17,12,10,7,16,10,19,19,8,16,0,4,4,14,11,9,18,4,8,1,3,10,2,14,13,18,7,1,14,10,9,16,8,6,10,9,16,0,15,2,15,15,6,10,18,18,18,19,13,13,8,9,12,7,12,2,11,3,8,7,3,1,16,17,3,19,12,2,15,17,17,6,5,7,16,3,10,10,11,4,4,1,11,7,18,5,8,9,11,4,6,6,6,4,1,12,19,0,6,12,17,13,1,10]"
ta29,1256,"[2,3,0,1,1,3,1,3,3,0,3,2,2,0,3,2,1,1,0,1]","[11,0,15,19,12,3,10,4,15,11,1,6,11,12,14,14,16,14,19,5,19,4,14,5,4,10,18,12,8,15,7,14,15,8,12,12,9,0,13,13,18,7,8,0,13,2,17,18,1,19,3,17,6,6,5,4,9,2,13,0,13,8,17,3,2,9,3,3,1,9,2,11,7,1,10,12,7,3,3,18,13,10,17,7,8,6,12,11,19,5,14,9,0,17,4,0,8,11,6,7,5,0,5,10,8,13,5,10,10,18,15,16,6,11,9,18,15,15,10,16,8,0,6,19,2,18,7,9,17,3,17,11,17,9,2,11,3,15,15,6,3,10,2,8,8,14,17,8,2,12,2,19,13,4,15,4,10,1,3,19,2,18,12,6,14,2,3,18,7,10,16,2,12,8,0,3,2,13,1,11,0,3,10,9,8,18,0,17,19,6,17,4,12,1,9,7,7,10,9,11,7,8,16,10,11,3,3,13,4,19,0,4,6,4,10,4,7,8,9,1,18,0,19,7,1,6,16,16,15,5,14,2,4,13,4,6,5,18,5,19,11,19,16,5,19,16,18,0,13,14,7,16,9,11,19,2,4,9,16,5,16,1,9,6,17,15,19,15,4,14,18,9,17,18,14,12,17,11,1,5,1,17,6,10,0,15,1,15,1,16,15,7,0,9,5,15,6,12,11,11,19,12,16,16,9,9,4,1,14,13,4,16,15,6,5,17,13,12,10,4,16,3,15,18,1,13,13,16,3,6,13,19,0,14,17,6,12,18,7,2,3,13,1,14,7,15,16,5,10,10,18,3,11,1,1,14,11,8,19,0,7,13,17,14,6,7,14,18,5,13,9,19,2,5,5,14,8,12,11,1,17,2,14,17,16,2,8,2,8,12,18,0,7,8,12,4,12,10,5,0]"
ta30,1217,"[0,1,2,2,3,0,2,2,3,3,3,2,2,3,0,0,1,1,0,1]","[9,0,0,13,0,3,3,12,8,18,5,16,19,9,14,4,14,18,3,7,9,2,15,17,3,10,12,8,5,9,3,17,11,12,17,2,12,1,5,14,19,4,17,6,16,7,5,13,2,6,11,2,8,10,10,14,2,9,9,13,18,2,13,4,17,4,4,6,7,11,14,8,16,10,17,11,4,14,6,9,10,3,18,1,17,1,3,3,7,7,5,15,13,14,13,4,16,16,13,19,18,9,8,11,2,6,18,6,10,0,5,14,16,3,17,8,19,0,8,1,11,9,1,8,15,2,12,14,17,14,5,17,1,6,11,4,4,1,14,1,4,19,4,13,4,3,12,15,11,18,12,12,16,16,14,12,16,12,13,6,10,15,4,12,3,19,1,12,17,9,11,12,6,7,1,15,0,5,2,0,18,18,16,5,12,6,15,16,3,2,4,8,4,18,3,13,5,8,10,7,6,15,6,16,17,7,19,2,17,2,11,0,1,5,10,14,2,18,6,8,3,5,14,3,7,10,1,1,15,13,11,15,19,13,15,0,9,14,6,10,7,18,18,18,5,0,17,3,4,13,1,12,5,16,19,11,6,13,19,11,7,7,16,13,0,7,16,19,10,0,11,7,8,0,7,10,1,16,3,15,19,17,6,15,17,1,10,9,17,10,1,9,16,4,15,7,1,12,16,12,7,19,3,15,6,9,13,19,19,2,17,15,2,8,19,15,4,6,0,5,18,7,2,5,9,12,10,15,11,8,0,11,17,10,0,9,9,8,9,5,2,8,3,18,10,13,4,11,14,7,14,2,1,5,11,14,14,19,2,18,15,8,0,9,16,0,11,15,19,10,10,8,8,5,18,5,6,17,13,18,14,4,6,2,19,0,12,7,9,12,18,11,16,0,13,19,13,3,8,1]"
ta31,1069,"[0,2,2,2,3,1,2,1,0,2,1,3,1,3,2,1,1,3,0,2,0,0,3,3,2,3,0,1,0,1]","[21,22,25,24,8,6,21,12,4,11,8,7,15,1,5,0,3,21,18,18,8,24,13,28,21,2,2,20,13,19,27,10,0,11,27,9,14,3,4,29,1,17,25,29,28,24,9,23,19,22,7,2,22,29,14,21,13,7,29,8,25,27,6,4,8,3,15,12,20,21,7,4,16,8,16,22,15,9,28,28,13,1,11,20,29,25,11,16,23,14,7,16,18,28,6,25,15,5,29,9,1,4,1,7,22,13,12,4,13,20,24,9,16,3,0,10,24,14,12,10,1,29,19,16,20,21,16,26,16,5,18,4,16,17,2,6,18,26,11,10,24,26,10,13,1,23,13,26,23,11,6,26,18,18,3,23,15,14,8,22,12,3,29,7,14,11,11,15,26,16,24,28,21,20,27,15,0,11,19,20,1,15,0,5,14,29,25,18,16,13,23,18,12,2,0,22,28,4,6,8,0,5,27,21,14,9,24,11,2,9,8,28,25,19,29,15,21,19,28,26,20,5,27,6,19,17,9,22,9,29,5,20,0,8,28,12,12,11,15,20,0,20,3,5,19,13,23,1,20,0,17,29,2,27,2,9,1,22,14,4,10,23,6,1,13,13,6,26,27,29,9,3,10,2,23,0,24,9,24,8,14,22,23,3,14,11,25,28,5,24,17,16,15,27,10,19,6,26,0,9,14,11,11,2,3,6,18,5,6,2,19,7,11,3,5,17,4,8,4,7,17,2,26,9,27,12,5,15,12,10,25,23,24,19,12,7,24,3,8,22,17,16,4,13,27,26,19,26,10,0,20,26,7,1,23,25,10,1,10,2,3,15,22,7,29,25,28,17,4,18,17,22,13,0,28,20,26,21,5,3,20,25,8,24,5,21,17,19,17,9,17,23,27,1,8,15,7,18,22,0,27,10,6,12,17,18,18,2,29,25,18,6,17,23,28,12,25,4,21,19,13,10,10,22,23,19,27,5,24,21,3,16,1,14,14,7,26,2,4,27,14,7,25,12,6,21,15,12,16,28]"
ta32,1100,"[0,0,1,2,2,1,1,0,3,0,0,2,3,2,1,2,2,3,3,0,1,1,2,3,3,0,1,3,0,1]","[7,23,15,23,20,16,18,9,3,2,18,29,7,19,21,5,4,20,3,24,2,22,14,19,29,8,10,23,27,26,14,5,18,23,12,12,18,23,16,10,0,28,14,1,23,19,4,14,17,7,29,17,1,20,29,28,5,27,16,10,0,29,22,22,18,12,26,7,0,11,1,0,22,23,6,3,4,13,10,22,1,12,11,1,2,8,3,13,25,3,19,9,29,17,6,26,21,23,18,17,8,28,9,6,26,13,29,22,8,22,27,12,1,20,24,25,4,18,2,7,5,15,7,27,14,28,1,0,19,15,2,26,17,25,2,15,23,4,15,21,2,3,3,12,21,23,21,16,1,16,21,9,11,2,5,26,16,0,21,22,21,14,27,24,24,4,22,5,29,26,26,1,9,1,14,3,6,12,3,21,24,26,4,2,11,6,8,13,11,4,26,11,5,26,12,24,10,15,28,26,15,25,2,5,5,14,17,28,16,18,22,20,18,16,8,28,6,2,7,8,22,9,20,28,29,1,9,9,0,15,8,13,12,29,18,25,25,27,11,24,8,0,14,22,13,23,0,0,9,6,10,15,19,19,29,11,16,8,7,28,8,1,16,5,26,17,27,23,13,10,4,25,20,24,10,21,24,14,21,7,25,15,19,16,10,20,7,22,24,11,19,3,8,12,11,13,7,9,1,20,17,7,7,13,15,15,12,16,20,25,19,15,3,17,12,13,28,25,15,6,3,28,18,26,0,14,17,10,9,6,6,0,24,17,3,5,0,10,27,4,20,4,27,18,27,15,19,25,29,8,19,21,14,21,13,4,2,0,17,9,17,11,5,11,2,25,16,20,24,28,14,10,23,29,25,17,5,25,22,26,13,11,9,6,11,19,27,3,0,21,14,8,12,4,12,5,11,6,23,25,4,7,20,27,16,18,1,27,13,10,29,27,10,6,6,5,7,14,24,6,2,28,27,24,16,19,20,29,17,8,19,10,18,12,1,21,28,2,18,23,22,24,9,4,13,3,20,28,9,13]"
ta33,1088,"[3,3,2,3,0,0,1,2,1,1,0,0,2,2,1,1,3,2,3,3,0,2,3,1,2,1,0,1,0,0]","[6,8,6,18,1,15,0,21,4,25,19,24,14,23,28,16,18,20,17,8,24,25,29,22,17,4,8,20,19,6,18,7,6,13,28,26,16,29,13,27,11,28,15,13,9,12,28,21,23,22,19,4,25,3,3,2,27,17,25,7,10,12,5,22,28,13,0,2,15,29,14,20,10,12,4,21,20,23,5,0,10,22,10,25,14,16,0,27,26,29,27,8,10,26,23,9,26,6,9,9,1,11,18,4,4,14,0,26,23,15,22,19,26,24,15,1,3,3,7,3,5,13,22,9,28,25,5,29,22,26,17,4,5,27,10,21,21,11,0,16,11,17,1,2,4,17,10,21,12,19,25,0,16,29,12,3,21,20,16,7,27,28,24,20,13,24,17,20,28,11,19,21,18,1,8,14,4,11,1,6,16,28,24,27,9,8,1,23,8,20,10,0,16,24,29,1,5,3,9,6,1,14,18,27,13,29,20,2,10,7,19,26,16,9,9,22,23,12,11,24,12,14,20,19,20,6,25,14,5,6,9,29,2,2,22,27,20,10,3,0,11,21,18,15,23,24,6,28,11,25,11,0,13,0,25,27,12,2,3,17,22,29,5,9,13,3,24,24,2,21,3,13,15,7,27,23,17,4,23,6,23,19,7,11,3,2,9,26,28,19,0,25,15,14,29,8,21,19,24,18,17,9,15,17,3,25,18,26,28,11,22,8,14,16,4,10,10,14,11,28,25,18,17,4,1,0,1,21,7,26,18,17,15,13,0,2,16,11,3,8,12,28,6,8,8,19,15,12,7,8,14,19,27,7,9,16,5,12,12,9,7,0,11,5,17,29,18,22,26,22,5,20,12,6,8,15,1,7,23,14,20,22,6,5,17,6,16,26,27,7,21,14,15,18,3,18,13,13,16,26,12,5,1,19,24,10,1,21,24,19,28,7,2,15,14,2,27,23,5,20,13,4,22,2,16,1,21,27,13,26,4,2,15,2,7,24,12,4,29,23,29,10,8,18,23,5,29,25,10,25]"
ta34,1079,"[3,3,2,0,0,1,0,0,3,3,0,0,2,3,1,0,2,2,2,2,1,0,3,1,1,1,2,2,3,2]","[4,9,9,10,5,29,27,24,29,7,5,10,21,16,3,8,17,20,9,2,19,18,18,21,28,21,7,2,22,12,23,19,9,27,13,15,6,24,11,13,22,26,1,4,28,4,5,7,13,29,14,16,3,16,11,1,27,27,18,29,12,1,16,12,7,8,23,26,2,18,11,9,1,5,28,10,17,9,25,7,6,7,17,10,12,28,8,27,19,14,0,14,11,15,16,9,17,18,15,3,14,12,3,23,24,1,9,20,18,17,1,4,25,24,24,18,27,26,11,13,13,2,24,5,24,26,14,23,11,22,24,26,4,29,28,2,5,10,17,22,23,3,9,11,29,7,25,18,1,16,25,3,20,0,12,6,5,19,25,9,22,0,25,2,28,22,12,10,19,16,21,15,22,22,6,5,19,25,4,19,15,8,4,8,10,6,24,8,25,22,9,5,18,27,11,15,14,11,11,12,11,10,21,2,6,2,12,17,25,29,0,3,8,18,28,6,21,24,27,0,10,6,27,1,5,0,20,26,15,4,3,23,19,20,3,20,27,13,16,6,25,15,13,25,26,24,14,7,28,7,19,23,21,1,12,25,8,3,0,0,7,13,7,15,17,26,11,1,13,1,25,0,23,23,0,19,16,2,22,15,21,0,27,25,4,5,26,18,28,8,8,16,8,21,29,1,17,15,17,26,9,1,20,3,12,23,21,18,17,6,19,7,2,16,14,16,7,23,6,20,10,17,12,22,1,4,13,6,4,8,29,22,29,11,21,27,17,24,28,24,22,22,6,29,23,15,28,10,29,23,4,2,3,10,3,29,5,21,5,4,7,18,8,3,7,28,10,14,9,21,13,9,16,9,28,24,19,8,23,20,16,5,2,26,27,19,6,12,20,21,14,20,15,17,13,23,28,20,26,25,14,0,15,4,14,14,2,17,20,0,10,14,11,5,14,21,3,10,11,27,19,26,4,22,6,18,28,20,2,1,8,29,20,13,0,18,24,15,27,29,16,26,19,2,12,26,12,13,0,13]"
ta35,1096,"[3,1,3,2,0,0,0,1,2,2,0,1,3,0,0,1,1,2,2,2,3,3,1,1,1,3,2,2,0,2]","[12,2,4,4,5,4,19,16,15,13,3,17,12,3,29,24,20,17,15,0,7,1,5,20,15,13,2,0,23,6,25,25,24,11,20,7,16,10,7,29,8,15,9,4,3,13,22,2,18,24,17,16,18,23,23,11,5,20,19,6,2,20,6,20,7,27,28,28,29,8,22,23,2,7,21,13,12,11,17,4,5,28,18,21,14,8,6,15,11,5,18,27,22,26,20,25,6,14,22,15,18,21,12,3,19,13,14,23,26,19,2,15,3,23,13,15,12,16,13,28,25,4,8,1,14,20,23,25,27,11,25,10,17,27,17,28,18,17,0,22,16,21,27,8,16,29,25,10,4,24,19,22,24,2,28,28,24,3,17,28,20,21,19,16,28,21,11,29,1,0,11,16,24,21,29,0,13,11,26,12,25,6,11,8,29,3,10,7,1,12,21,4,11,19,17,25,3,26,22,3,5,19,17,21,26,20,23,26,18,26,9,2,28,15,18,26,7,10,27,13,16,15,1,28,5,10,18,14,22,6,2,15,27,2,11,12,25,16,1,25,8,13,27,26,9,1,29,14,6,4,18,9,9,22,3,6,21,24,29,11,14,29,7,5,5,9,23,8,12,0,5,14,8,0,5,28,21,26,23,23,0,19,29,6,15,17,1,24,12,9,19,23,1,26,3,14,24,17,22,7,7,14,8,6,19,9,21,8,1,14,22,27,2,23,24,15,22,2,27,13,14,9,27,15,24,28,3,4,27,15,12,17,1,3,0,5,26,29,24,0,22,22,5,20,6,27,1,10,1,18,1,10,9,23,10,4,5,26,25,2,19,20,10,2,6,8,21,19,10,18,4,16,18,16,13,3,28,6,17,19,26,20,24,14,25,11,29,16,0,7,9,17,7,11,0,13,29,7,20,4,21,25,2,16,5,6,9,12,29,27,0,8,7,18,3,12,13,9,14,23,7,12,22,14,8,26,4,13,11,21,10,19,10,25,10,10,20,0,9,18,27,24,0,1,12,8,4,28,9,16]"
ta36,1084,"[3,1,0,0,1,0,2,3,1,1,1,3,0,2,2,2,0,3,2,2,0,3,3,3,2,1,2,2,1,0]","[23,14,15,27,11,4,12,25,10,14,6,28,6,20,16,29,5,23,29,1,22,19,15,29,19,25,18,13,2,7,20,3,3,0,0,21,2,28,24,18,17,18,23,13,15,23,27,0,15,15,26,3,3,8,17,9,16,9,11,1,14,22,3,21,14,22,15,7,8,24,28,13,29,10,6,14,9,19,13,9,22,11,6,9,0,27,18,26,25,15,1,21,21,10,14,29,18,7,17,21,12,1,11,9,18,6,10,29,29,23,6,13,15,13,16,26,2,20,4,16,3,7,22,10,29,4,24,12,27,23,2,24,12,25,20,19,26,5,7,26,20,21,22,8,25,10,8,21,0,1,3,19,1,12,3,28,5,25,0,23,7,9,14,13,16,15,23,0,23,1,7,4,27,0,4,16,21,24,11,15,5,27,16,8,14,17,9,4,27,17,0,10,11,2,15,28,7,24,21,19,14,26,16,0,13,12,4,6,26,21,13,5,11,22,14,8,27,24,23,2,12,5,2,14,24,6,21,2,1,12,9,9,11,2,22,5,21,19,12,26,9,4,20,5,17,29,6,17,13,28,21,16,5,5,2,22,26,10,24,26,11,6,4,12,2,2,1,24,3,18,27,15,27,8,24,17,21,3,26,4,9,18,28,2,18,11,14,17,6,20,16,26,6,9,0,16,1,27,11,7,8,13,6,8,27,18,2,8,12,22,22,0,24,10,28,1,11,1,3,20,18,4,10,24,8,7,19,29,10,7,28,1,28,28,25,4,6,18,15,19,5,8,3,3,2,1,18,19,8,13,29,26,29,16,19,4,10,9,0,20,24,22,25,20,3,27,25,25,23,11,23,16,22,7,10,7,19,14,28,26,11,20,25,13,26,20,29,10,0,14,17,13,18,13,1,25,9,4,6,14,17,23,28,12,27,23,19,28,22,4,17,20,28,23,25,16,19,22,15,5,11,17,19,8,18,27,10,3,5,5,8,12,29,29,20,0,20,12,17,5,16,7,15,24,25,12,25,17,7,21]"
ta37,1146,"[3,1,2,2,3,2,3,3,1,0,1,0,1,2,2,0,0,1,2,0,2,3,3,1,3,0,2,1,1,2]","[23,23,22,4,3,26,11,3,13,20,9,20,16,26,12,11,9,25,11,4,0,1,22,3,23,0,28,20,14,14,28,11,27,12,5,10,17,8,3,11,15,27,29,17,7,17,17,1,6,22,26,16,26,16,18,23,18,13,24,0,16,4,2,5,14,19,28,0,19,20,28,22,26,3,23,3,12,22,21,26,28,7,25,3,10,15,8,8,18,28,26,12,12,5,8,16,27,27,11,14,11,18,13,5,14,25,1,4,20,25,12,26,7,23,16,23,19,5,28,16,1,17,27,7,21,15,0,6,18,8,21,10,0,19,14,19,27,10,13,1,23,24,29,16,4,2,0,12,13,19,20,13,5,19,29,21,18,21,23,0,8,5,10,25,29,7,8,13,9,25,1,19,6,10,15,22,2,8,29,20,9,15,18,10,4,6,27,25,10,12,20,9,27,7,15,8,18,17,19,28,23,15,1,22,12,26,14,15,29,28,23,3,15,18,19,4,0,27,25,24,11,22,9,10,17,26,22,6,4,11,3,24,11,8,26,19,11,20,13,8,6,29,24,2,7,27,24,18,2,22,28,6,24,21,17,15,17,24,12,14,12,12,20,19,23,22,2,12,23,17,15,5,16,4,10,2,3,21,4,29,15,14,23,27,10,28,2,13,16,9,1,13,7,6,21,6,17,25,29,15,11,29,22,3,0,13,19,2,10,0,14,24,16,29,21,3,25,2,13,25,4,21,16,5,13,7,26,21,0,20,6,29,16,0,6,9,5,0,18,26,11,8,13,9,20,8,24,2,14,27,16,10,13,3,19,26,24,5,7,29,17,22,14,9,14,9,4,2,10,22,28,1,5,25,15,10,6,20,1,12,24,2,27,1,8,24,1,25,6,7,9,24,1,2,7,14,25,20,9,7,27,7,15,24,6,28,4,12,4,29,16,19,9,8,7,17,22,9,18,3,5,21,1,18,11,25,11,4,21,23,5,27,17,5,18,0,3,21,2,29,28,17,14,21,6,1,28,20,18,26]"
ta38,1037,"[0,2,1,3,3,2,1,0,3,1,1,1,0,3,3,3,2,0,0,1,1,2,2,2,0,0,1,3,0,2]","[8,9,27,26,0,5,14,1,4,6,15,3,11,9,19,7,4,24,25,26,27,13,20,14,23,10,22,21,5,18,8,18,20,0,4,23,10,2,9,2,28,26,14,3,1,13,18,3,24,2,12,28,17,23,4,16,17,7,2,16,29,14,11,11,29,10,26,25,6,19,0,16,26,9,0,19,24,20,16,29,7,7,14,23,6,18,10,14,22,19,20,13,5,25,18,24,6,15,16,2,15,17,13,29,10,19,2,14,29,21,6,7,5,14,12,6,13,25,3,7,25,7,3,11,8,18,14,9,24,9,27,15,27,1,20,16,28,27,17,4,28,29,5,14,5,3,3,22,5,9,17,0,15,19,21,15,28,5,0,0,3,8,15,26,13,17,10,1,5,26,2,8,20,2,12,24,22,28,25,27,11,13,9,22,8,27,25,25,15,0,15,4,13,10,5,8,16,10,18,3,18,0,23,4,14,9,20,12,1,11,20,17,5,1,28,12,29,23,21,10,23,19,18,4,3,16,27,24,6,7,11,29,25,2,6,24,20,17,27,7,11,26,19,10,17,16,0,9,15,12,22,1,21,4,13,3,11,6,20,5,5,15,8,17,9,25,29,20,23,25,29,16,9,22,14,23,15,2,10,14,21,24,27,6,12,26,2,27,25,24,12,9,7,28,11,28,18,2,8,28,22,17,15,6,12,13,0,3,14,19,26,20,25,1,16,29,8,0,28,18,10,21,21,29,9,6,12,12,29,3,21,23,13,10,20,25,23,19,3,27,13,10,7,1,22,22,2,1,22,5,19,22,27,15,12,25,12,26,22,23,18,27,24,13,28,22,2,17,21,7,18,21,4,11,1,11,14,29,4,17,10,19,8,17,9,12,3,20,12,21,0,26,27,8,6,26,22,21,5,8,19,4,11,2,26,4,23,7,13,16,24,16,28,0,19,4,24,1,11,1,21,0,15,8,7,16,20,29,24,28,21,16,6,11,7,18,26,17,28,1,24,23,4,19,8,6,13,23,1,18]"
ta39,1022,"[3,2,2,0,1,3,3,1,1,3,0,1,3,0,0,3,1,0,2,3,0,1,2,0,2,2,1,0,1,2]","[24,11,6,14,16,18,9,23,6,10,3,4,29,13,7,14,21,27,28,12,2,8,20,18,10,11,26,24,24,17,16,21,17,23,27,7,27,14,5,0,11,26,20,25,13,27,16,2,25,2,20,15,23,25,9,4,11,8,25,27,17,17,6,21,29,29,2,13,20,1,21,26,5,14,23,0,9,14,26,13,29,7,1,28,11,14,27,22,10,23,0,24,4,10,8,26,24,18,4,12,29,6,5,16,9,28,9,3,3,15,25,15,20,23,28,11,13,3,28,8,7,28,8,28,9,11,10,13,20,27,26,28,29,20,20,11,9,7,17,18,0,27,18,4,19,22,1,2,22,15,17,18,17,8,12,29,1,26,21,23,19,6,9,4,19,19,19,6,23,1,16,23,7,29,1,10,24,25,11,22,18,20,15,12,5,0,2,19,15,14,8,25,23,14,28,24,1,10,16,27,6,17,26,11,0,27,10,23,5,10,26,25,4,1,5,24,2,0,1,25,11,3,4,8,12,8,6,19,7,18,13,1,11,25,22,15,7,0,2,24,15,5,4,16,13,19,29,24,12,5,16,21,18,15,24,12,22,12,23,1,27,3,3,27,6,4,8,7,9,11,5,10,19,9,23,26,10,17,17,5,24,29,29,22,22,7,9,5,19,18,12,22,28,13,5,21,2,1,21,18,15,22,7,13,9,13,25,19,7,21,3,4,20,10,18,14,6,3,27,17,28,29,23,0,22,8,2,18,20,8,3,2,15,2,16,1,12,23,26,20,16,10,14,26,16,6,14,0,13,17,7,4,14,3,9,15,3,15,4,25,17,20,0,28,16,19,2,18,2,26,15,28,5,4,21,22,27,13,6,24,25,12,24,17,21,28,17,2,0,26,14,12,3,11,12,29,13,12,21,6,5,1,0,9,8,28,22,16,19,0,10,20,6,3,11,21,12,3,24,29,4,7,25,0,7,29,21,5,8,10,20,16,9,15,25,22,14,18,21,13,26,19,1,14,27,6,22,16,8,19]"
ta40,1026,"[0,0,0,0,2,1,3,3,3,1,2,2,2,3,1,3,3,2,0,0,1,2,2,3,2,3,1,1,1,0]","[21,9,2,10,18,22,16,23,28,14,17,4,15,15,16,6,14,27,11,18,18,22,5,8,28,18,2,0,12,29,18,18,6,1,23,23,17,4,13,16,2,26,0,16,27,16,26,12,28,5,7,10,20,22,26,14,14,6,24,13,0,7,15,19,22,8,26,10,15,11,24,12,13,9,22,10,3,2,24,29,17,21,4,15,21,27,8,26,2,9,27,11,9,13,28,11,28,24,10,17,9,16,6,16,23,21,0,6,7,4,6,20,4,24,10,7,29,28,21,8,25,20,27,2,0,10,0,8,16,8,1,7,21,25,22,5,25,29,27,10,29,17,1,4,9,10,1,18,26,3,21,12,11,13,22,23,27,9,5,25,2,25,15,26,14,11,20,1,15,3,29,17,3,20,10,3,6,5,6,19,6,24,23,16,22,4,26,19,19,21,12,5,7,29,19,24,0,2,12,10,25,19,18,1,20,1,8,1,14,12,18,3,13,22,12,8,16,2,28,0,27,11,11,14,12,16,2,23,0,25,14,2,19,14,13,23,15,28,18,18,25,29,11,26,8,13,3,2,15,20,6,1,25,5,23,7,11,26,10,17,0,4,4,8,6,26,20,23,12,11,20,3,20,8,25,11,7,4,1,13,28,18,7,14,7,9,17,22,27,1,5,1,25,4,19,22,5,0,25,1,24,24,14,12,8,17,21,27,9,29,6,29,21,24,24,10,9,3,20,21,4,19,23,14,4,3,13,2,22,19,15,7,4,4,19,13,3,28,3,9,12,15,2,9,27,26,28,21,29,2,21,6,27,13,7,1,20,5,11,17,0,0,16,15,20,15,5,3,16,17,8,19,19,11,6,7,5,15,0,25,22,18,25,8,26,27,10,16,24,13,24,22,23,20,15,29,18,6,17,22,16,12,0,23,9,24,23,5,18,19,28,21,29,11,14,29,14,20,17,21,19,9,12,14,10,8,13,25,5,29,7,27,28,13,28,17,26,7,27,3,9,24,1,26,3,17,5,28,23,12]"
ta41,1380,"[0,1,1,0,2,3,2,1,3,0,1,3,2,2,2,2,0,3,0,1,2,3,1,3,0,2,1,1,3,1]","[7,28,25,13,9,24,0,26,25,3,15,16,8,15,0,2,6,28,11,6,5,7,28,15,7,29,1,1,20,6,27,7,20,19,5,10,29,17,19,1,6,26,5,10,28,10,9,23,15,6,12,25,27,29,21,14,15,22,5,11,7,13,24,2,22,12,16,17,10,9,4,29,10,23,2,0,18,2,2,16,19,1,14,22,21,17,3,22,7,3,18,20,23,12,4,16,15,24,13,26,2,17,17,13,9,9,19,27,26,13,0,27,11,10,1,3,18,3,2,8,0,8,29,24,19,28,22,16,5,19,4,18,26,14,27,10,13,24,22,14,3,18,20,11,25,15,28,0,1,21,12,5,27,12,24,11,3,4,9,14,29,13,4,6,24,7,4,29,8,11,24,26,24,4,18,5,24,9,7,13,10,4,14,0,9,5,23,27,5,26,19,22,23,23,4,20,8,14,15,7,23,13,9,28,21,5,17,24,19,0,13,10,29,19,29,27,21,3,11,19,15,9,28,6,13,21,3,23,28,18,5,12,25,3,3,18,19,8,26,28,10,23,21,2,26,15,25,28,2,0,7,6,5,0,20,11,12,9,2,0,10,20,26,20,22,1,20,21,14,17,18,4,14,1,7,23,14,29,25,23,24,2,15,26,22,25,6,4,3,23,17,1,26,21,0,3,27,12,26,6,14,26,20,11,4,0,13,24,9,17,12,14,18,16,7,7,7,18,16,11,16,4,27,8,8,5,5,25,5,29,9,10,21,2,19,20,18,9,17,24,15,11,8,1,25,20,14,21,22,14,14,25,6,22,12,20,17,1,10,15,18,0,0,15,26,27,24,25,16,8,25,3,18,27,29,19,6,16,1,29,28,5,20,21,6,16,19,5,16,19,0,8,2,27,6,27,1,11,21,10,24,12,21,12,6,25,13,27,28,3,13,21,8,13,12,10,25,16,16,20,26,29,27,7,0,8,1,10,11,4,22,9,1,10,2,0,4,23,6,29,17,24,22,14,2,28,19,25,15,22,17,19,13,23,24,23,7,27,28,6,11,2,9,11,12,12,5,2,9,10,3,15,8,28,11,28,22,17,7,4,11,25,20,12,4,19,26,4,16,12,17,20,25,26,22,17,0,14,8,24,23,8,9,1,27,1,28,29,7,21,14,23,29,2,16,15,8,14,17,28,6,18,26,8,9,12,18,21,22,3,18,17,16,11,1,23,24,2,21,8,20,11,23,29,29,20,3,9,28,12,13,25,1,27,29,11,18,3,7,13,17,15,5,6,12,19,14,18,2,1,16,4,15,7,17,13,19,5,16,23,26,21,22,15,8,13,22,16,20,10,10,18,21,3,22,0,4,6,25,27]"
ta42,1309,"[1,3,3,3,1,3,0,0,3,0,3,2,1,2,0,2,0,0,2,1,0,3,3,2,3,2,1,1,1,0]","[15,8,4,3,28,29,25,7,15,8,29,16,12,2,15,26,5,3,16,21,27,1,24,16,11,10,4,1,7,13,15,27,21,3,8,6,21,22,5,28,19,22,14,25,10,19,9,24,1,13,1,10,25,2,11,28,4,3,14,6,6,8,23,22,15,24,17,4,16,7,14,17,27,22,14,23,11,0,8,16,20,12,28,15,18,11,29,17,29,15,14,18,5,16,23,8,4,29,3,11,21,16,26,3,0,9,19,25,20,14,12,19,1,6,20,3,25,12,12,8,10,17,24,0,26,9,27,12,10,19,16,13,9,23,9,21,16,15,10,7,27,10,18,20,6,5,22,3,0,20,4,13,1,12,5,22,23,18,29,22,25,13,15,4,0,28,24,17,23,22,4,21,21,9,21,7,26,28,12,26,5,24,12,16,4,11,29,12,12,22,26,27,5,25,0,6,20,16,14,10,7,8,20,19,19,1,1,9,28,8,27,29,3,26,8,18,17,28,14,15,16,13,6,9,27,7,20,2,14,19,18,21,23,14,27,1,8,11,2,17,20,26,17,29,23,25,17,13,23,9,13,29,24,2,2,12,8,18,27,3,26,28,18,5,28,5,0,0,14,7,21,28,8,25,15,19,6,9,26,17,24,14,2,14,12,12,6,25,22,22,19,29,27,7,18,0,8,16,1,7,14,22,29,8,23,19,8,6,12,26,6,2,1,19,10,29,22,9,11,13,10,24,20,11,28,21,20,13,27,18,28,28,26,18,12,24,0,7,6,0,9,20,20,20,10,16,2,3,0,9,0,0,1,1,23,2,10,17,29,11,7,20,4,6,15,12,26,15,19,2,14,0,6,4,1,5,8,7,11,4,5,1,18,2,21,28,2,2,9,14,11,6,2,24,9,21,4,28,3,13,10,0,8,26,28,10,5,18,21,25,15,23,16,21,19,4,5,17,27,24,24,10,11,25,19,2,6,20,3,15,27,7,20,18,21,18,11,14,5,27,6,13,5,0,11,3,23,21,17,22,1,26,26,27,7,5,8,18,20,7,13,9,13,4,18,13,10,14,21,5,25,19,23,16,17,15,18,20,8,14,7,0,19,5,6,13,18,29,24,15,21,27,3,22,22,22,13,17,15,25,17,11,29,16,25,7,23,9,9,10,1,5,11,16,28,1,22,29,14,17,13,6,23,20,16,21,4,25,2,10,2,1,15,12,17,5,7,28,25,2,19,26,22,29,7,9,6,13,24,23,24,19,4,27,11,24,13,0,17,22,4,25,9,12,0,4,1,12,3,25,15,25,17,11,28,4,26,10,18,3,24,24,27,3,23,26,29,19,23,23,16,2,24,3,11,27,26,29,3,10]"
ta43,1352,"[3,3,2,0,3,2,0,1,1,1,3,3,2,3,1,3,0,0,1,2,2,2,1,3,0,0,0,2,2,2]","[2,24,2,4,25,17,11,27,20,13,17,22,24,16,11,21,9,19,0,18,24,27,17,10,15,22,13,8,20,7,16,1,20,11,1,7,0,0,29,28,23,7,20,14,1,27,10,4,29,25,25,8,6,4,12,1,21,13,13,4,18,3,25,3,17,14,7,19,3,16,22,18,3,26,13,28,29,26,20,28,27,5,26,11,26,12,7,4,6,21,23,5,12,0,20,23,6,26,14,13,21,6,3,13,17,2,25,8,3,0,2,27,16,22,12,6,29,1,7,6,16,24,16,25,5,26,27,6,9,11,12,7,0,22,14,9,7,14,8,17,7,2,22,11,6,15,7,19,14,12,27,22,20,7,3,26,27,18,25,29,10,0,8,28,28,3,5,18,6,15,17,14,23,0,23,10,6,13,9,24,23,4,5,9,16,26,21,15,5,8,5,0,25,7,9,1,18,9,18,21,15,23,1,5,24,25,16,12,4,29,28,19,24,6,12,22,2,29,19,25,15,0,11,25,8,7,2,15,18,5,19,13,24,23,9,2,1,13,27,18,15,4,20,9,26,29,9,12,12,6,26,21,5,24,10,0,17,13,25,23,6,3,19,3,11,26,23,25,24,26,18,16,4,7,3,11,5,4,3,19,3,6,0,2,28,22,15,9,10,14,6,18,8,25,23,1,25,26,17,15,7,10,26,28,3,10,19,5,10,11,5,26,12,11,1,27,21,10,22,29,25,0,3,21,27,22,12,15,22,20,8,13,28,24,20,26,12,11,13,25,13,19,7,17,15,8,2,19,17,19,29,4,23,19,8,27,18,21,26,17,4,7,20,1,12,28,15,1,2,28,26,12,29,16,2,7,0,11,24,9,27,20,27,25,6,5,5,0,12,12,29,10,24,16,16,16,23,1,4,14,29,29,4,14,8,11,27,28,14,3,21,19,5,21,8,21,0,19,3,4,6,10,6,29,19,0,22,20,21,9,14,19,17,24,18,9,22,19,2,17,24,1,8,17,22,23,14,17,27,22,24,20,15,10,21,21,14,28,23,2,2,13,11,15,13,23,22,16,20,6,0,24,4,14,28,11,4,2,8,11,10,10,26,2,20,29,27,20,4,9,28,6,3,15,10,14,14,28,8,20,9,2,7,24,18,16,1,16,28,29,16,1,18,17,0,22,8,19,21,18,13,29,23,18,25,29,17,3,27,23,4,4,2,9,12,24,5,9,10,15,9,17,1,2,16,22,10,8,3,0,12,25,27,1,21,21,9,22,14,7,20,18,27,5,10,16,11,5,14,15,21,20,12,13,15,18,29,15,28,28,23,28,1,19,23,8,1,11,10,8,13,24,18,14,16,26,17,13,5,11]"
ta44,1375,"[2,2,1,2,0,2,3,1,3,3,1,1,0,2,3,3,0,0,0,1,3,1,2,1,3,2,0,2,3,2]","[3,18,0,19,17,28,18,0,0,23,28,25,1,20,28,4,2,3,19,13,11,9,0,7,17,2,23,10,27,24,25,6,7,0,4,5,7,1,17,20,6,28,12,21,19,1,26,23,0,19,13,10,5,21,8,5,19,27,22,23,0,10,25,27,12,6,20,1,24,14,2,5,22,17,9,28,7,15,2,26,15,5,3,12,21,17,2,3,11,3,13,8,20,8,12,18,6,17,8,28,10,17,5,23,2,23,29,4,24,0,14,27,14,18,6,24,18,20,23,7,8,5,11,23,12,11,15,4,16,26,6,7,20,11,25,3,7,18,13,8,16,13,25,6,12,16,24,1,13,24,0,25,9,25,17,28,10,13,14,27,7,7,26,7,8,12,8,14,4,1,21,21,2,25,10,5,3,19,26,25,17,19,29,1,16,3,15,29,24,20,25,3,17,21,22,21,6,20,13,27,14,0,19,23,27,5,15,11,19,17,9,2,1,29,26,28,28,5,5,25,4,22,16,22,22,29,11,8,27,4,16,9,0,16,3,27,1,20,19,27,9,21,13,14,22,12,14,13,3,18,2,14,4,25,22,26,10,20,23,14,12,29,28,23,7,15,10,14,1,6,17,4,29,17,11,6,13,0,22,26,1,29,5,25,13,15,20,3,3,14,15,4,22,16,12,0,26,21,23,29,11,16,29,12,19,17,24,26,15,1,26,27,14,18,5,26,20,17,18,23,21,19,9,9,4,24,4,22,28,7,11,1,22,9,19,18,24,3,6,19,6,29,13,19,0,14,6,7,9,28,24,27,1,6,20,7,5,4,2,26,8,12,20,24,21,15,26,16,20,21,3,23,29,27,7,6,24,22,27,9,6,7,8,13,21,10,0,11,29,5,11,13,0,11,18,3,19,5,12,18,12,8,20,11,24,14,13,18,10,20,15,28,16,9,18,19,12,21,4,22,14,5,11,10,18,1,10,1,29,18,2,12,5,29,14,9,25,9,28,16,20,5,8,12,24,2,16,2,3,2,16,3,8,6,10,29,17,21,25,4,29,7,9,14,15,15,10,25,26,27,2,26,25,16,15,28,23,29,21,11,3,17,24,23,1,9,8,27,23,26,2,10,22,2,19,13,1,28,8,27,20,4,18,28,7,16,0,18,29,17,14,28,8,11,26,16,2,8,16,9,4,22,2,6,22,6,18,3,12,17,14,25,23,22,16,10,19,12,15,25,29,22,1,15,26,21,13,9,27,10,23,10,18,0,17,4,21,7,15,8,24,27,24,6,15,22,12,15,11,28,11,4,8,10,7,9,27,19,23,13,24,11,5,4,28,24,9,26,13,16,25,2,10,21,1,0,20,21,15,0]"
ta45,1367,"[2,1,1,2,1,3,3,3,1,3,0,0,2,3,0,3,1,2,3,0,2,1,0,0,1,0,3,2,2,3]","[5,28,27,14,0,23,11,18,18,7,3,26,26,1,20,23,10,28,26,19,7,26,12,23,20,25,29,16,3,20,17,24,4,26,14,16,6,15,15,16,4,16,14,22,16,4,4,5,8,15,8,29,24,17,15,11,9,8,12,5,10,27,15,5,19,24,20,5,18,29,21,14,27,7,21,22,24,7,23,4,24,18,14,14,15,9,29,21,16,24,3,25,12,28,25,24,4,3,26,19,14,25,29,10,19,10,16,6,6,5,22,15,13,21,1,2,2,22,8,9,5,0,9,10,28,6,3,18,17,2,16,28,23,8,19,9,20,9,16,22,2,11,13,13,3,20,16,8,12,25,7,29,0,29,10,16,8,8,4,2,3,29,2,1,23,6,3,25,17,24,4,7,23,13,21,12,0,15,8,28,16,20,1,6,5,27,6,22,19,1,15,1,10,9,25,29,23,23,19,29,2,13,20,28,17,0,1,12,12,4,26,23,7,25,5,26,18,27,21,10,15,9,9,8,8,6,25,19,10,28,29,1,18,22,3,10,2,15,28,10,1,2,21,26,1,13,9,0,19,13,12,27,11,14,12,3,22,27,7,11,28,9,14,9,11,0,10,6,29,15,17,26,24,18,28,19,4,20,6,3,2,7,9,25,1,26,17,0,14,13,27,29,16,15,27,17,21,25,19,2,27,14,18,3,16,24,29,0,1,0,12,27,24,14,6,26,22,10,23,17,6,1,3,1,1,16,20,5,7,11,25,28,25,18,17,6,5,26,22,6,5,1,23,27,21,3,24,8,24,21,21,19,17,9,12,18,12,8,26,4,4,24,11,25,4,7,10,13,23,7,0,2,22,20,24,14,4,15,13,0,17,28,24,11,23,24,7,27,7,19,20,6,22,9,6,14,2,22,23,11,21,17,2,20,3,18,27,19,5,9,18,16,20,21,11,26,7,16,22,4,9,27,12,25,15,29,26,29,6,18,23,26,11,25,19,28,14,13,21,0,26,4,20,27,0,22,17,0,13,12,19,25,15,22,1,21,28,22,23,8,12,7,28,18,4,2,2,19,2,20,5,29,8,4,21,3,12,17,7,10,0,20,8,8,12,13,21,17,22,11,13,19,5,9,0,11,8,16,13,10,7,3,23,11,19,20,28,18,28,29,27,21,27,24,18,17,3,1,13,6,7,0,11,16,12,26,5,14,4,28,5,17,13,19,10,16,1,2,11,23,5,15,23,18,21,6,13,9,27,14,0,18,20,0,11,7,29,28,9,24,26,8,25,21,24,3,5,22,18,10,10,11,29,22,6,14,8,2,11,27,17,12,5,13,15,17,14,25,20,3,14,4,15,1,10,2,15,25,12,13]"
ta46,1381,"[3,3,2,3,1,2,0,0,3,0,3,0,0,0,2,1,1,2,0,1,2,3,1,0,2,2,1,2,1,0]","[26,9,18,0,11,3,14,2,8,28,10,4,8,20,5,3,14,12,22,9,14,19,7,28,2,9,1,26,7,7,9,14,11,21,4,28,15,29,10,5,9,18,13,21,19,18,26,13,25,16,4,0,2,27,5,16,13,20,28,27,24,19,6,3,20,28,26,19,6,7,20,10,18,26,25,5,4,5,11,17,1,21,17,3,13,15,8,12,6,26,5,27,21,20,10,6,13,22,6,19,3,1,15,25,11,11,22,22,11,19,1,9,11,24,19,0,23,8,24,16,2,16,12,14,10,25,7,21,19,14,14,25,23,5,24,4,3,26,28,19,29,9,2,17,18,15,3,10,27,5,7,24,22,24,22,8,28,1,0,12,5,11,28,22,19,23,17,18,20,26,20,27,17,24,18,15,25,25,5,13,4,16,29,24,15,21,26,26,22,3,0,27,6,18,12,3,28,15,27,1,17,17,7,10,17,24,15,8,29,10,26,20,28,10,23,23,0,7,7,6,3,0,29,12,28,26,4,27,16,23,20,5,23,4,2,1,0,22,19,16,20,13,4,8,2,20,9,5,14,17,14,21,6,8,8,19,29,3,12,1,21,22,5,4,14,1,0,13,20,16,17,16,12,0,2,21,8,7,25,6,27,14,12,25,10,9,15,3,15,11,1,27,21,28,11,4,18,22,1,29,5,0,26,29,0,27,20,23,9,25,7,13,16,22,2,28,20,12,10,13,13,23,17,21,25,7,4,22,22,15,13,13,2,12,8,3,1,28,20,6,23,6,7,19,17,14,4,29,8,17,18,15,12,12,19,2,10,18,16,5,0,0,7,27,29,20,23,3,9,16,15,27,4,11,6,23,18,18,18,2,1,17,11,4,1,18,7,21,1,22,21,9,2,27,10,11,7,22,25,27,23,1,29,20,14,10,0,23,0,15,12,28,24,13,19,6,24,9,11,10,28,9,11,15,19,24,24,0,9,10,16,2,28,24,5,19,10,11,18,9,6,1,5,14,28,23,3,23,8,8,19,13,4,16,16,29,3,2,19,25,29,27,2,21,12,17,29,12,13,23,29,15,2,0,7,29,8,5,10,17,22,18,11,23,5,16,29,13,10,0,26,6,24,27,14,15,3,9,3,2,26,28,14,10,11,16,7,25,9,22,8,20,9,12,21,1,27,4,29,12,25,6,16,1,8,25,21,14,1,6,7,17,20,26,17,7,12,13,24,23,21,25,15,22,3,5,25,4,24,15,19,0,25,27,15,6,23,29,6,9,26,2,20,18,27,26,8,24,26,25,28,24,16,29,26,2,18,8,14,6,17,13,21,3,17,21,14,22,24,8,12,21,18,14,13,4,16,4,11,11]"
ta47,1339,"[1,0,0,3,3,2,0,1,2,0,1,1,3,1,0,3,2,0,2,1,2,2,3,2,3,1,0,1,0,2]","[19,16,22,16,18,28,0,20,6,3,13,6,10,23,25,15,26,16,26,1,29,18,1,13,12,20,15,3,17,25,27,13,16,28,23,14,20,2,15,18,0,26,25,22,20,17,1,25,3,22,8,0,11,19,3,29,24,28,25,5,4,11,12,2,28,7,14,21,6,11,2,3,20,14,24,16,14,14,9,21,10,8,17,1,7,13,7,4,17,14,18,9,12,6,2,21,0,24,8,4,26,12,24,19,23,9,25,0,27,13,26,9,6,19,12,22,28,18,7,23,8,6,1,4,23,19,12,17,21,26,12,11,13,26,6,22,19,14,19,2,7,19,18,28,26,26,16,25,12,25,22,23,29,24,17,29,1,1,0,25,27,1,0,7,10,27,0,23,17,3,20,0,15,5,13,16,13,9,5,9,7,23,6,21,25,20,12,3,7,10,8,19,24,28,29,20,3,9,6,17,18,8,10,12,29,23,10,3,0,16,15,9,3,15,11,1,10,22,21,0,2,15,8,2,17,0,4,18,23,2,5,20,23,24,26,8,16,20,4,5,5,7,9,2,8,28,27,3,5,13,22,4,23,29,10,1,17,27,15,29,7,24,23,22,7,29,18,13,19,28,18,14,27,0,27,14,20,25,4,28,26,1,27,0,14,25,16,27,2,0,14,28,6,24,26,15,3,4,28,17,11,9,1,3,24,24,22,13,17,25,22,10,11,6,21,15,1,15,3,17,27,12,16,14,5,8,19,24,19,18,9,13,2,24,14,1,28,0,16,24,26,23,18,18,21,18,28,27,13,24,17,18,10,5,29,2,5,5,13,13,4,19,26,6,1,6,11,13,21,11,6,4,28,20,21,2,15,27,11,23,15,0,8,7,3,5,26,3,12,1,10,26,12,29,2,11,12,16,1,1,28,17,9,7,8,17,2,22,24,5,25,16,4,14,19,6,23,7,22,22,2,4,20,24,8,17,5,28,15,15,15,8,13,9,24,15,28,4,21,4,3,21,10,10,23,27,2,4,10,11,7,12,12,29,10,5,14,27,29,22,6,18,27,17,8,8,21,20,12,18,17,4,8,10,16,25,22,11,24,11,3,6,4,5,13,26,19,3,4,11,11,20,9,22,11,19,14,22,14,12,11,25,15,20,3,21,27,26,16,23,13,29,7,7,16,6,19,25,13,11,21,9,10,6,19,17,16,2,24,2,20,0,21,21,22,25,23,29,10,28,9,14,9,5,21,11,27,26,18,28,4,9,6,29,0,7,21,1,5,9,27,8,10,29,9,18,18,22,10,14,2,27,16,20,19,7,5,25,8,15,15,14,20,19,5,29,25,8,7,29,26,21,12,20,16,1,23,0,12,29]"
ta48,1341,"[1,0,3,2,3,2,0,3,3,0,0,1,3,3,3,1,2,3,3,2,1,1,1,2,0,1,0,0,1,1]","[28,11,14,2,9,20,10,1,10,24,17,4,22,7,18,26,27,25,19,7,0,16,1,21,26,18,27,6,28,21,21,13,25,0,7,13,4,17,26,5,17,3,15,2,11,8,25,9,0,12,9,7,5,10,15,19,8,16,25,14,17,22,0,26,19,15,15,10,24,5,28,9,27,19,12,13,20,1,17,14,18,23,26,3,27,20,4,10,9,24,4,28,28,11,25,14,16,7,26,19,22,26,27,19,3,27,27,18,19,24,0,2,2,29,28,18,26,11,3,11,11,10,23,25,9,6,17,24,29,2,9,3,1,15,0,13,15,2,24,17,3,6,23,22,14,10,24,28,25,28,0,17,4,16,2,11,1,19,25,20,12,24,29,3,25,27,14,9,16,24,28,16,10,17,29,8,19,7,1,20,11,5,18,14,22,2,3,15,5,17,26,0,6,1,5,20,23,3,3,27,29,19,22,5,12,6,13,12,16,25,23,12,9,9,6,13,4,10,14,1,12,8,28,24,25,26,12,11,22,1,16,16,24,2,5,17,6,1,6,3,16,20,11,17,21,12,17,26,27,0,4,24,23,29,23,20,8,0,27,16,7,7,15,26,20,15,25,7,6,21,12,1,3,14,4,21,3,1,18,14,3,6,8,27,3,0,23,0,15,19,25,21,23,10,26,23,29,6,20,12,8,25,21,19,13,16,2,0,11,0,18,11,10,5,8,20,4,28,14,6,9,13,13,13,0,19,9,7,24,17,3,16,15,21,1,17,4,29,9,12,21,3,20,18,7,27,15,0,18,15,12,3,13,28,6,19,24,23,22,29,16,2,4,20,28,23,0,10,8,5,25,23,20,18,10,17,8,0,19,21,5,1,26,10,7,2,6,18,27,17,26,10,13,29,29,4,22,14,10,18,11,22,15,7,13,12,11,5,4,18,27,14,18,22,16,13,25,2,11,21,4,15,29,16,5,2,18,13,0,29,29,12,9,4,21,4,21,14,16,20,12,10,29,8,14,13,16,29,13,22,14,7,24,5,15,5,9,7,22,8,9,16,20,22,25,19,22,11,20,4,15,15,2,20,25,8,28,22,14,13,8,23,24,5,24,13,1,12,9,23,2,22,6,26,8,26,14,3,12,25,28,2,0,18,23,17,5,21,29,9,27,3,20,17,23,1,9,25,10,18,11,22,5,21,18,29,27,4,16,12,28,4,5,1,6,17,24,19,5,1,10,12,6,19,24,20,23,29,18,11,15,4,8,26,19,6,9,6,22,2,2,19,14,1,21,8,8,23,7,10,7,28,28,23,24,14,21,21,22,8,11,7,29,8,2,13,28,27,28,27,1,26,7,27,11,7,6,15,26,21]"
ta49,1306,"[3,3,3,1,0,0,3,1,2,2,1,1,0,0,3,1,3,1,2,1,2,3,2,0,1,0,0,2,2,1]","[18,29,1,9,13,29,2,7,5,28,4,0,20,20,12,27,17,12,14,19,1,5,18,17,5,5,28,5,21,25,16,18,27,10,2,7,20,18,6,13,3,12,9,12,3,7,26,20,13,28,13,26,29,10,19,8,17,12,2,15,4,0,19,2,4,14,1,11,21,14,19,28,27,25,13,20,17,12,27,21,24,4,17,28,24,14,5,11,29,14,0,22,29,29,21,13,17,17,12,24,18,9,27,19,20,14,3,15,0,7,23,22,11,13,19,28,13,20,9,3,8,0,14,22,6,15,18,5,27,5,1,9,10,6,8,25,20,15,16,9,29,8,0,19,19,27,4,12,12,16,12,27,17,26,9,3,22,10,3,16,1,21,23,3,22,1,26,7,10,20,5,25,9,6,21,14,25,24,12,20,1,3,24,23,18,16,22,21,10,26,24,21,22,9,20,8,4,7,8,12,11,7,26,1,8,8,0,16,22,8,1,26,4,8,18,16,17,3,29,28,24,29,15,6,21,21,2,3,14,28,5,13,3,24,5,25,18,8,24,27,28,22,18,2,24,23,23,5,2,26,28,11,13,26,8,13,0,3,23,26,8,20,20,15,24,14,18,7,24,1,10,2,1,28,21,5,6,5,19,11,11,17,27,15,9,6,2,8,9,26,13,9,22,14,17,24,13,0,21,29,17,1,29,10,0,19,8,25,29,6,19,13,26,23,21,2,17,2,2,25,15,6,4,23,20,16,10,21,26,12,12,7,22,25,25,2,5,5,11,5,23,15,8,1,19,16,16,4,28,16,27,26,23,14,15,4,28,21,1,18,3,0,14,16,4,1,8,11,23,3,4,11,29,15,21,15,18,16,3,24,2,11,27,15,17,6,20,11,14,18,17,28,14,18,3,27,29,1,15,19,26,20,6,6,4,24,0,16,8,6,19,26,0,4,25,23,29,0,9,4,28,5,15,16,10,9,4,2,20,26,12,29,23,23,23,22,15,7,29,6,6,14,20,15,13,17,25,0,6,22,25,12,9,17,11,11,27,22,11,28,12,3,10,2,1,21,4,1,27,8,3,10,15,10,2,0,3,2,5,29,18,7,13,7,23,24,20,3,14,4,16,17,19,25,29,22,27,17,11,11,5,25,23,4,27,0,12,7,23,1,11,6,7,25,13,21,25,7,24,12,7,28,16,22,7,13,28,25,13,19,18,20,9,16,27,22,21,22,10,26,4,24,6,7,9,10,25,6,7,27,19,14,16,15,8,19,0,21,22,11,9,13,18,26,24,1,6,15,0,10,23,14,9,9,28,22,2,10,11,12,2,25,0,10,19,27,14,26,23,7,10,16,18,24,29,10,17,18,19,28]"
ta50,1363,"[3,1,0,3,2,0,1,2,1,1,1,3,1,0,0,2,2,3,2,1,1,2,0,3,0,0,3,0,0,2]","[29,10,16,4,2,2,10,2,26,24,5,29,0,11,19,1,18,21,28,23,14,26,2,15,28,9,20,19,8,16,6,1,9,29,0,7,29,6,17,27,21,23,0,9,6,3,25,4,7,1,28,7,21,25,4,12,1,10,22,14,15,23,10,8,6,8,17,25,1,17,28,9,28,5,28,1,6,7,2,22,20,18,19,0,17,2,0,11,5,5,21,14,26,22,10,15,14,16,14,16,14,22,15,24,27,16,15,13,15,25,3,6,2,13,3,6,24,1,16,23,28,9,28,12,15,25,21,16,0,19,6,12,14,19,10,24,1,4,29,1,3,27,0,25,10,14,3,12,21,24,8,17,1,27,2,22,27,19,26,22,5,29,20,13,28,5,16,18,5,27,14,5,12,11,2,8,25,7,28,18,12,0,7,27,13,14,28,2,0,19,15,25,9,10,9,25,19,20,11,9,23,4,23,6,19,12,26,17,8,3,4,29,16,8,20,7,5,4,5,15,5,9,17,12,18,24,21,27,25,17,19,21,18,12,14,7,7,26,29,26,28,16,28,14,8,21,22,19,27,11,29,16,18,13,13,14,25,17,18,12,25,11,27,12,23,10,11,20,15,3,21,20,7,14,20,23,9,22,22,13,3,20,24,5,23,5,24,28,11,2,18,4,2,12,6,12,21,22,22,4,3,27,3,0,11,22,4,8,5,18,20,20,10,29,23,20,22,7,8,26,23,2,6,17,10,18,24,26,29,26,9,9,19,2,16,29,13,18,4,11,3,13,21,26,17,29,25,10,23,24,9,21,18,18,22,17,25,13,6,16,8,25,4,17,0,15,25,5,28,3,20,13,14,10,8,24,13,25,19,23,12,0,14,1,21,23,1,9,12,21,24,9,16,20,3,11,3,6,25,19,6,17,15,12,13,26,24,8,18,7,27,27,10,18,2,22,11,29,28,15,3,0,25,3,24,23,20,15,20,7,27,1,21,3,15,6,20,13,27,1,0,13,13,9,1,16,13,21,4,1,5,24,7,19,4,2,21,23,10,17,23,8,17,24,1,4,8,12,29,7,10,21,4,8,6,26,17,24,23,16,29,29,15,12,8,5,11,2,7,16,11,17,20,26,11,12,1,0,11,13,19,7,26,3,19,15,28,27,14,22,27,16,10,26,2,20,0,15,19,27,29,11,20,0,13,21,12,29,4,28,17,19,11,5,27,15,19,17,9,0,9,13,28,2,8,18,14,28,6,26,22,8,3,11,9,15,14,4,18,4,7,16,5,10,25,24,27,7,14,22,6,26,8,1,9,22,10,2,23,5,18,0,24,24,23,6,18,0,29,26,22,11,4,7,10,1,6,3,26,16]"
ta51,1324,"[1,2,0,2,3,1,0,2,3,0,3,2,0,2,3,3,1,3,0,1,1,1,3,0,0,2,0,1,1,1,1,3,1,0,0,3,2,3,0,2,2,3,3,0,2,1,3,0,2,3]","[41,14,17,8,30,13,40,33,20,44,47,2,45,9,12,10,29,10,12,10,27,0,37,14,1,2,5,22,21,46,13,47,40,3,19,24,49,40,30,37,12,2,6,17,8,4,20,35,8,36,4,19,7,17,3,38,17,10,31,3,44,41,45,16,40,48,12,25,17,46,26,45,16,36,27,28,40,45,39,26,40,13,14,14,42,3,4,33,27,7,27,37,5,46,9,0,49,38,31,11,35,37,6,18,42,48,15,27,29,34,23,5,0,27,35,44,28,26,5,30,18,43,41,6,9,31,8,23,2,27,49,41,8,48,34,17,36,14,8,3,20,42,26,29,29,0,18,30,11,42,47,23,47,30,4,27,45,35,33,48,34,49,28,30,19,42,44,14,11,8,2,47,34,15,4,31,16,3,6,37,24,20,42,21,19,13,47,43,19,1,11,18,46,37,13,3,4,12,32,31,49,37,38,41,33,36,48,35,42,32,3,26,43,15,25,42,47,39,35,22,37,3,28,14,8,20,37,22,11,6,4,27,27,21,26,43,34,18,23,6,43,10,22,29,45,25,44,20,7,14,16,15,20,14,7,3,32,0,35,20,3,17,16,12,28,39,25,7,34,29,46,49,43,6,4,46,37,30,41,30,16,42,35,6,46,6,29,3,49,24,23,15,41,25,47,13,24,40,30,33,13,49,43,21,36,21,13,6,38,35,46,15,10,28,35,9,46,7,33,5,7,7,45,26,4,22,12,15,23,36,21,32,8,40,38,4,34,43,9,4,7,15,2,11,23,47,13,18,39,18,38,48,1,22,49,4,25,30,5,46,32,4,17,25,12,20,24,21,34,37,21,37,41,19,36,41,27,32,31,2,32,38,41,45,33,8,46,49,43,39,5,15,34,24,34,22,33,26,44,19,44,46,11,24,23,10,0,2,17,31,5,11,1,31,40,31,37,28,9,24,11,43,9,27,33,19,23,15,13,33,9,0,32,1,14,26,26,22,19,11,44,44,16,36,21,45,25,49,9,43,36,27,14,1,24,16,17,39,10,48,44,30,18,39,20,25,45,35,17,44,28,41,22,1,29,1,47,25,34,7,30,13,21,32,16,5,36,45,3,48,16,48,26,49,8,5,37,45,41,0,1,29,2,48,14,5,32,9,43,41,5,35,0,9,3,45,46,39,12,3,42,22,12,25,28,29,7,39,31,14,1,23,48,36,44,44,29,43,26,24,20,41,23,49,8,26,36,22,10,11,13,19,1,30,9,35,18,40,0,42,11,13,22,38,40,23,32,27,18,23,29,15,7,13,27,44,35,21,25,38,10,39,17,28,34,25,11,38,13,30,33,16,21,6,10,20,7,40,42,26,46,33,11,28,19,31,10,48,43,22,14,38,17,17,16,39,21,28,24,19,2,2,31,34,15,11,45,18,4,28,48,36,31,38,39,0,39,32,2,18,45,20,42,20,24,18,8,29,1,34,32,24,25,9,7,28,1,28,29,47,9,18,34,32,2,6,38,26,16,21,20,15,40,6,35,47,40,33,38,47,0,15,47,10,41,31,33,32,36,38,5,8,48,5,23,19,17,48,4,44,2,37,36,2,46,31,1,23,6,0,33,39,29,8,24,19,15,22,12,10,14,42,10,16,47,16,49,42,43,7,19,12,1,5,0,12,6,49,12,9,12,30,21,24,39,18,40,0,22,25]"
ta52,1331,"[3,2,1,2,0,0,0,3,1,3,3,2,0,3,0,1,0,2,2,1,2,3,3,0,1,1,3,3,1,1,2,0,0,1,2,2,3,2,3,2,1,0,0,3,1,2,2,1,0,0]","[22,26,19,27,48,34,38,24,29,39,33,41,3,36,9,36,25,6,4,8,21,23,8,39,25,6,33,21,24,32,37,27,3,31,38,43,27,21,26,32,25,10,35,1,22,23,43,48,2,23,41,14,5,22,3,37,37,37,30,27,24,5,0,44,47,43,28,26,43,7,34,3,35,4,10,23,43,26,46,20,24,14,31,6,24,22,42,15,2,49,37,47,23,42,1,7,20,17,37,27,45,34,41,43,4,25,15,10,25,28,46,36,49,4,1,20,6,8,8,37,1,34,18,10,19,27,12,22,32,14,13,11,3,44,24,21,38,2,19,42,23,41,10,0,47,11,32,49,9,13,8,10,36,15,6,48,30,29,33,26,15,24,42,30,22,32,13,26,15,11,14,21,46,16,12,18,35,21,6,3,19,16,17,19,41,31,40,20,42,35,31,43,47,26,39,8,35,32,19,1,25,8,10,40,34,39,0,17,3,41,31,13,4,18,34,12,25,18,45,5,20,34,29,18,11,29,28,20,21,2,9,42,41,23,18,34,8,0,44,40,40,24,36,26,7,16,29,18,6,28,0,9,16,20,41,22,48,15,10,41,36,22,11,22,35,21,17,5,8,4,9,25,15,37,15,5,1,16,48,11,29,26,22,30,7,6,30,21,37,39,18,14,33,1,49,25,23,35,13,0,39,22,37,34,4,38,44,45,24,42,31,48,45,40,43,46,27,1,28,12,42,10,18,40,5,6,38,33,39,26,35,5,34,25,48,12,47,28,46,27,5,49,45,48,16,38,30,45,11,17,44,33,4,41,42,5,40,47,32,38,45,14,18,34,13,44,32,1,30,48,42,44,10,16,19,29,30,26,47,48,24,17,40,1,23,13,9,2,27,46,20,2,30,30,14,2,48,46,5,2,45,41,44,29,7,36,11,38,18,2,11,45,42,18,12,42,33,35,1,47,44,6,20,47,0,4,15,33,49,40,9,28,29,18,38,8,24,5,32,3,48,7,33,19,18,25,38,32,36,46,0,46,11,10,39,40,36,4,9,16,23,36,2,1,47,23,0,33,29,31,48,19,0,43,22,3,47,29,20,49,43,36,11,13,25,26,7,35,37,35,23,2,7,9,44,23,20,0,24,28,16,31,36,3,17,27,7,28,49,31,47,23,46,11,14,16,0,39,36,47,27,21,9,20,3,17,13,6,37,31,29,40,0,43,39,42,5,13,24,27,9,8,46,33,28,9,32,49,10,15,10,29,39,46,46,7,14,49,12,27,30,39,34,19,8,19,44,31,0,45,33,38,30,41,27,37,17,28,6,15,25,39,12,7,4,29,38,10,44,9,4,17,34,35,1,39,42,8,21,3,29,25,1,8,30,14,12,4,38,43,20,9,13,47,33,43,19,3,19,19,32,5,41,37,12,15,12,17,34,20,0,14,49,48,40,6,31,40,12,27,45,41,49,47,14,32,2,21,17,11,20,15,21,45,33,35,12,28,13,2,38,26,10,22,7,17,45,43,13,2,26,18,30,8,21,28,7,16,44,36,26,7,38,14,11,24,4,24,6,45,21,42,31,22,16,32,33,40,11,13,48,16,34,15,39,28,44,45,19,14,1,31,46,49,2,17,12,14,16,49,25,46,15,36,5,30,44,22,6,32,4,35,16,49,5,35,28,31,9,37,3,17,43,23,41,12,13,40,7,3]"
ta53,1267,"[0,0,3,0,2,3,3,2,1,0,2,3,2,0,3,1,0,3,0,2,1,0,1,2,3,2,1,2,0,3,1,2,2,1,3,2,2,3,2,3,1,3,2,1,1,3,0,3,0,1]","[13,34,16,5,22,49,16,40,13,24,26,31,6,28,14,43,35,40,22,22,11,4,40,25,17,44,0,8,14,10,44,46,28,9,42,0,3,7,49,49,45,34,12,23,21,0,30,43,49,46,43,39,24,32,0,37,7,33,31,27,42,22,8,18,38,5,38,16,31,29,14,48,42,5,41,1,42,2,28,6,48,10,12,17,36,19,34,16,35,36,31,39,11,12,27,32,3,23,8,2,35,19,42,33,6,48,33,33,11,5,27,39,14,42,3,49,30,31,1,28,3,31,32,48,20,42,32,18,45,49,47,46,23,34,7,13,32,9,38,36,37,14,45,32,10,46,2,14,20,29,30,16,26,40,24,26,37,9,11,27,47,10,48,47,34,45,14,1,42,21,31,46,9,9,46,15,45,13,3,4,39,5,37,25,30,28,26,41,24,44,37,43,29,35,22,2,1,10,9,31,38,15,34,18,33,13,46,29,35,4,1,3,6,42,18,36,28,41,29,40,2,6,35,45,19,29,2,14,3,27,13,28,15,4,28,34,20,22,11,49,19,16,41,23,4,15,45,8,22,41,17,14,6,31,19,22,41,9,24,36,13,35,5,20,5,7,11,42,43,18,20,18,19,35,17,48,27,33,13,11,36,10,26,21,17,2,8,2,5,30,6,2,17,24,1,18,36,45,36,48,38,38,0,0,11,24,24,24,23,47,17,7,43,10,41,25,24,15,37,24,5,4,43,1,48,21,44,12,23,1,0,20,21,22,11,23,40,2,14,27,6,49,10,37,30,6,4,15,41,8,30,19,38,12,21,34,35,13,34,6,4,27,38,15,29,27,4,21,33,38,21,19,31,29,39,33,43,32,44,11,28,12,2,27,7,40,47,41,8,37,24,27,36,36,18,7,29,15,42,43,40,45,9,21,26,5,26,5,8,32,0,3,21,16,45,23,22,23,10,23,33,17,16,44,41,47,3,9,46,8,16,8,32,19,47,19,46,40,37,20,41,14,32,6,17,35,31,49,26,11,0,9,48,39,45,16,35,49,39,1,14,39,42,44,18,9,1,47,29,49,40,16,19,38,40,1,33,22,25,32,19,0,49,15,10,18,44,5,35,40,15,38,30,21,25,32,16,41,33,23,33,47,41,6,43,25,0,48,44,12,23,30,10,30,38,6,19,25,47,30,6,25,15,4,18,22,7,37,14,43,34,26,2,17,39,28,29,11,21,22,29,45,40,2,34,48,49,25,44,25,30,3,43,10,45,10,30,7,18,17,2,15,7,3,10,28,20,0,33,8,37,44,16,15,7,3,21,34,19,32,1,29,22,45,49,25,37,46,17,22,13,45,11,12,17,4,4,38,43,8,8,1,39,39,3,14,13,48,35,18,20,18,37,20,15,46,20,36,9,25,23,7,43,27,34,49,11,27,10,12,0,19,27,12,3,1,25,7,42,8,36,20,28,28,21,37,6,13,9,26,28,7,20,31,41,26,13,9,0,18,43,2,30,33,38,5,3,20,47,48,46,4,40,36,23,35,47,17,34,36,15,39,31,34,46,12,12,29,12,31,32,11,36,7,46,24,13,44,41,26,23,9,42,44,26,12,39,40,29,24,30,35,44,0,24,21,46,4,26,13,26,47,28,12,33,20,47,39,4,25,38,1,32,27,5,31,25,47,17,44,14,5,8,48,42,39,37,16,16,48]"
ta54,1267,"[0,3,2,2,3,3,3,3,3,0,1,0,1,1,2,0,1,0,2,0,2,0,2,2,1,0,1,2,3,1,1,3,2,0,1,1,2,0,0,3,3,0,1,0,3,2,2,2,3,1]","[45,11,9,19,24,5,7,4,40,2,22,40,34,29,15,14,35,1,8,17,1,29,44,24,24,14,4,13,39,39,13,5,12,20,3,43,32,0,36,30,32,7,40,17,49,42,42,18,39,6,15,49,32,19,22,17,1,27,29,32,30,11,8,33,36,8,20,7,40,34,26,32,28,46,13,15,29,21,19,30,7,18,0,1,45,23,44,30,25,5,20,6,6,46,5,11,25,20,7,47,47,47,7,41,47,37,43,0,28,15,1,9,11,19,22,0,15,17,12,39,19,6,26,26,16,34,18,11,40,25,17,17,9,28,35,44,16,3,22,11,10,45,0,2,4,30,16,23,8,41,37,12,32,8,39,5,42,20,12,26,31,27,16,23,3,48,45,1,41,30,27,4,28,2,34,11,1,39,37,25,32,13,45,37,3,49,44,10,14,7,9,25,16,35,17,14,21,25,49,23,38,35,16,11,34,9,8,19,45,31,32,47,12,14,29,17,20,11,23,18,29,35,26,8,28,11,10,12,19,15,41,39,26,47,46,2,24,9,23,48,21,33,38,38,31,8,25,6,32,9,22,13,13,0,4,42,35,26,42,21,30,16,38,29,3,29,12,23,48,30,46,27,40,14,8,28,34,36,15,16,20,28,42,41,33,41,41,8,2,4,21,48,25,37,44,7,7,37,35,25,17,37,39,16,5,18,41,30,17,31,44,27,45,10,10,19,3,37,19,48,49,1,39,18,16,33,33,43,31,12,34,1,15,20,49,49,11,22,15,10,13,30,27,39,21,5,6,24,3,22,9,10,14,6,20,5,18,47,36,23,5,3,37,12,24,13,43,37,22,32,1,0,34,14,17,4,29,43,12,9,33,30,10,24,6,28,8,44,28,41,2,36,17,1,16,49,42,23,5,36,23,40,27,39,35,11,33,14,28,46,44,5,48,14,17,3,38,34,22,3,43,13,2,41,43,31,1,38,15,11,32,46,18,15,47,3,0,4,18,27,41,3,34,29,18,34,45,21,29,37,33,2,49,27,19,37,16,38,14,0,44,18,4,2,10,6,10,42,31,27,31,28,34,33,29,47,9,9,42,10,6,13,31,42,36,2,38,10,42,21,44,38,42,9,43,28,13,39,39,35,36,49,16,5,47,2,43,12,38,27,31,22,25,48,25,45,15,22,24,43,34,49,12,9,45,45,22,42,36,21,30,26,32,30,43,20,40,30,49,46,23,1,41,40,0,18,46,11,21,46,24,40,7,28,19,10,42,37,24,48,20,21,7,0,48,22,26,46,31,43,25,48,23,6,6,15,2,11,36,4,15,19,20,27,6,8,16,44,36,8,25,15,30,4,29,18,43,2,40,12,40,26,47,25,12,20,8,46,10,38,27,38,14,29,14,26,2,5,33,39,47,48,46,18,19,19,4,35,35,27,20,21,4,33,24,36,40,33,45,7,47,26,12,4,36,40,5,32,41,3,41,14,5,24,26,35,47,46,43,28,0,7,13,35,7,47,23,39,29,49,38,45,38,13,23,18,45,48,33,48,32,44,17,14,1,37,0,33,22,4,26,27,2,21,24,48,16,44,49,31,24,21,34,35,6,37,31,46,8,7,17,22,35,26,9,45,44,48,40,9,23,13,41,0,13,31,38,34,32,36,28,42,36,44,25,33,24,21,43,3,3,49,19,31,20,10,46,6,1,0]"
ta55,1307,"[1,2,1,3,1,3,0,0,3,3,2,3,2,0,3,3,1,0,0,2,2,3,0,2,2,2,3,0,0,2,1,0,3,3,0,2,1,1,1,1,1,2,3,0,1,0,2,0,1,3]","[47,17,46,31,38,30,4,7,1,45,31,29,6,32,32,36,20,13,39,6,37,30,31,14,21,1,46,27,29,38,4,11,7,31,42,1,20,40,42,2,6,48,34,47,47,34,22,15,18,18,35,29,17,33,8,28,46,37,21,42,46,42,2,0,33,44,0,26,32,20,41,6,21,23,43,15,33,1,5,22,30,10,32,27,35,30,44,34,17,33,36,20,34,44,45,7,29,5,38,31,36,47,17,33,0,6,33,40,30,4,35,16,21,22,7,13,8,23,34,8,24,18,27,6,16,9,43,25,6,12,18,49,1,21,24,11,25,14,15,12,13,19,47,22,22,21,34,8,36,23,48,3,38,0,9,18,3,48,46,41,5,16,48,10,27,13,3,11,22,36,23,6,26,11,23,4,19,43,38,3,30,28,6,3,39,35,14,14,27,18,32,1,14,39,1,16,29,8,22,16,40,27,37,25,6,26,13,37,46,41,39,26,10,41,3,33,45,38,41,12,4,44,19,29,39,17,13,0,0,40,1,21,29,2,26,28,43,41,4,5,43,32,30,11,14,24,38,31,4,36,33,45,40,7,28,32,28,16,34,42,39,21,25,20,28,36,47,39,9,11,24,28,12,13,12,1,17,25,10,4,17,0,28,17,28,46,37,28,31,7,30,37,18,20,8,19,42,23,2,35,44,27,2,40,27,38,16,1,17,36,10,45,31,26,29,46,2,35,14,21,22,14,46,17,34,33,36,0,49,25,21,27,22,24,23,0,13,41,14,20,28,1,20,32,0,48,4,48,38,49,3,43,46,40,15,16,13,48,29,19,18,27,6,45,35,19,22,47,24,19,43,8,6,44,49,35,20,12,25,15,33,2,31,7,10,5,47,25,48,42,17,12,43,19,7,15,26,49,13,9,10,32,5,2,42,10,36,31,35,31,35,29,19,2,13,24,1,34,7,32,25,34,25,38,17,39,29,23,45,10,38,44,37,12,33,25,2,31,10,10,22,26,3,37,47,36,21,40,37,40,16,49,13,5,30,27,35,48,10,9,9,33,14,4,25,26,16,22,39,49,32,44,12,42,15,27,34,12,16,28,33,9,43,2,49,44,46,23,38,47,15,15,13,31,20,30,5,29,49,24,11,41,47,25,22,42,48,0,18,30,45,17,18,38,5,0,21,49,14,12,24,5,11,10,45,39,35,16,49,29,10,34,3,9,1,43,17,30,36,19,24,2,14,6,48,3,26,15,16,43,40,23,0,16,18,7,47,45,33,38,7,19,26,7,8,41,29,28,45,42,46,42,23,16,48,0,9,5,9,0,22,40,45,9,10,37,29,15,26,19,44,21,41,30,23,19,43,23,31,23,8,34,30,37,7,24,7,4,36,8,46,20,6,37,20,45,3,41,8,40,27,40,22,17,8,44,9,3,37,32,14,18,47,18,11,28,49,42,21,4,44,39,6,8,9,35,42,1,3,15,47,26,40,19,27,8,20,11,9,12,9,36,36,32,11,35,4,5,15,43,46,14,44,32,45,13,41,18,34,49,4,48,42,49,21,43,15,47,40,48,39,13,11,2,35,44,39,48,12,2,11,4,12,25,5,41,46,24,24,26,37,24,49,30,11,45,11,26,38,23,2,33,24,37,3,20,31,44,43,5,15,14,39,5,8,1,20,28,41,3,12,41,19,7,25,32,34,18,39,27]"
ta56,1319,"[2,3,1,0,2,3,2,2,1,0,1,1,2,3,3,2,3,1,3,3,2,0,3,3,1,0,0,1,1,2,2,1,0,3,1,1,2,3,2,0,3,0,0,0,1,1,0,2,2,0]","[42,47,43,7,16,28,31,8,26,34,29,4,9,48,40,0,29,12,9,7,37,38,10,37,40,2,11,35,17,11,26,4,28,24,35,32,3,22,6,32,32,45,49,39,16,17,29,42,7,23,36,28,37,29,4,27,48,29,43,12,45,20,5,8,33,31,9,27,31,18,20,23,8,47,45,18,33,21,47,17,31,6,3,5,37,10,17,42,38,14,11,8,40,7,48,47,40,13,37,34,19,42,20,27,23,42,27,35,46,15,30,1,18,26,23,7,15,7,14,2,22,45,21,0,38,32,18,9,15,17,43,33,1,24,30,15,9,14,35,22,13,1,36,11,20,1,26,38,12,17,31,37,1,38,4,14,20,5,37,44,11,3,40,22,38,21,2,49,21,16,11,26,31,46,24,4,2,12,32,32,9,32,31,19,16,40,25,5,0,15,38,2,2,11,49,31,14,16,18,39,49,3,46,45,36,25,36,32,47,8,8,45,35,21,29,30,5,4,32,47,0,23,21,33,30,41,11,39,44,42,39,14,16,0,20,2,15,41,28,40,28,10,36,25,24,26,36,43,3,20,47,44,36,46,42,43,11,0,37,16,16,47,49,21,12,46,10,22,30,5,1,46,39,34,46,27,29,49,25,41,4,32,28,18,33,19,10,32,34,42,17,30,29,21,45,35,27,40,30,32,46,48,31,24,27,35,18,14,14,25,19,23,16,37,48,48,30,29,41,34,6,48,25,48,18,10,35,13,49,25,17,45,9,7,12,36,38,49,14,46,33,0,44,12,4,26,12,26,41,10,40,39,24,21,20,5,22,48,3,49,8,9,17,49,2,35,10,41,16,11,20,33,24,36,20,21,28,1,45,5,25,27,2,25,22,37,3,7,39,47,10,6,22,1,29,39,33,3,13,4,24,27,0,29,26,9,34,34,19,28,8,48,9,43,13,27,0,21,8,43,10,24,13,28,21,19,19,0,43,46,7,29,15,39,37,49,18,12,11,47,22,36,17,41,6,26,3,1,42,15,46,41,38,10,0,22,6,5,6,28,42,8,43,4,48,29,30,17,18,31,46,11,0,4,6,25,28,34,12,24,30,36,28,19,19,16,49,33,11,19,34,23,39,1,47,18,23,35,48,33,13,26,41,32,35,27,43,30,38,9,21,47,12,34,43,6,33,47,11,3,10,27,48,49,44,20,44,14,34,39,44,38,23,3,30,38,44,35,46,41,5,9,44,38,7,22,27,6,15,15,2,48,22,37,9,35,4,6,28,22,24,49,13,41,31,43,28,32,13,42,3,43,25,16,7,1,21,26,34,13,20,6,3,4,39,8,23,27,41,26,22,33,43,5,2,14,40,36,45,47,5,14,14,4,19,40,19,13,37,8,25,44,35,1,0,36,17,47,20,6,7,44,45,10,38,2,25,12,13,7,44,42,19,33,12,23,20,42,3,38,14,24,13,20,45,16,40,15,43,32,2,45,26,15,0,9,42,2,28,34,4,7,19,7,24,25,11,26,14,17,8,19,29,18,6,21,48,41,13,5,0,5,34,49,33,15,3,39,16,1,34,18,44,40,6,39,12,1,1,45,5,31,29,37,35,46,23,45,10,31,15,18,31,40,8,18,25,9,17,44,41,31,27,36,39,40,46,2,37,10,15,24,13,23,24,17,30,16,22,23,30,30,42,44,33,41,8,23,12,36]"
ta57,1390,"[1,1,1,3,2,3,1,1,0,2,3,0,2,3,2,0,2,0,0,1,1,1,3,3,1,3,0,3,2,1,1,2,1,0,3,1,0,0,3,2,0,2,2,3,2,0,3,1,0,2]","[41,9,26,0,40,1,10,0,6,34,13,32,43,39,25,35,16,43,46,12,9,42,45,42,36,19,14,17,7,33,31,35,14,5,6,33,38,10,25,47,23,36,22,30,28,46,9,47,49,33,11,8,6,34,43,11,27,15,12,41,18,29,9,13,14,27,24,8,26,43,1,45,16,0,34,5,3,37,18,22,42,25,17,32,13,27,47,13,33,9,8,5,10,7,32,49,31,22,14,23,9,33,37,21,22,0,30,22,12,44,7,45,8,37,13,21,32,10,47,34,27,11,23,48,0,0,37,25,23,34,16,22,25,22,28,49,16,41,44,31,12,34,1,10,43,36,13,4,49,10,36,24,17,45,19,6,47,22,19,46,48,47,4,25,35,9,35,32,30,30,38,34,31,30,15,5,5,17,39,17,27,43,2,9,30,1,4,43,26,4,28,20,33,24,33,19,5,47,36,3,1,8,2,1,26,4,24,21,32,44,45,9,5,10,21,12,10,24,29,38,7,2,27,41,26,10,18,35,48,41,3,31,44,11,46,25,32,37,0,19,36,8,7,2,20,2,10,23,11,48,31,2,15,42,40,45,35,6,46,32,48,39,2,0,46,0,33,12,26,27,25,44,15,43,21,24,39,49,43,23,48,24,8,4,28,42,13,44,40,43,24,44,35,13,0,16,24,26,36,39,15,16,9,40,21,38,3,18,17,8,42,1,15,17,16,41,39,15,21,45,30,14,46,45,26,40,33,7,1,46,47,24,3,42,34,17,18,27,34,41,14,31,11,11,20,15,5,7,13,36,11,47,33,17,15,46,17,1,23,26,26,16,30,16,28,22,18,3,32,26,19,43,38,7,2,5,20,23,22,43,37,29,33,48,21,39,5,19,22,33,37,2,33,7,7,38,42,28,45,10,2,42,41,42,38,45,17,41,11,41,38,16,36,40,42,25,8,3,36,45,6,28,12,29,21,14,42,18,35,46,1,44,21,30,19,4,6,18,8,11,36,38,1,40,15,39,2,19,12,21,20,8,23,18,49,28,25,16,32,14,37,12,13,13,8,15,37,16,6,10,31,5,10,16,48,49,35,20,3,37,44,32,9,36,40,47,31,1,49,18,17,34,4,29,19,28,3,31,41,20,46,41,43,0,2,30,18,49,42,19,39,42,11,40,48,34,6,28,48,3,6,47,31,45,12,2,19,29,23,40,15,19,47,11,14,33,21,27,46,22,27,40,38,37,6,0,36,18,17,31,29,35,3,29,49,4,22,44,33,18,24,48,9,1,44,47,0,30,20,28,31,11,6,23,38,17,8,3,6,29,44,32,28,30,2,26,20,28,13,29,29,43,27,7,29,34,9,14,11,12,20,10,4,1,22,43,25,26,26,0,30,14,39,23,29,42,13,12,21,24,41,48,12,46,34,38,5,24,30,13,35,3,14,2,25,39,35,46,41,14,26,8,20,27,49,39,7,44,49,38,11,3,30,49,4,49,34,18,20,39,5,38,14,39,35,24,25,20,15,7,32,31,45,5,7,23,28,19,0,44,47,9,32,18,20,36,21,37,19,36,3,40,27,35,4,15,37,25,4,14,16,46,47,35,40,37,40,10,34,9,8,20,12,13,45,7,1,39,4,45,15,32,25,16,27,17,28,29,31,48,23,48,6,24,49,4,38,21,48,40,44,12,29,23,37,22,41,27,5,6]"
ta58,1335,"[3,3,0,1,1,1,0,1,2,0,0,3,3,2,2,3,1,1,2,0,3,3,2,3,0,2,1,0,0,2,1,2,0,2,2,1,3,2,3,0,3,1,2,0,3,0,1,3,2,0]","[8,12,33,21,12,38,25,35,18,1,30,4,4,48,47,10,15,1,4,31,43,1,21,20,4,33,34,44,41,42,49,8,21,8,17,46,17,16,18,34,6,40,9,4,43,23,36,5,11,49,42,43,33,27,0,11,10,25,38,26,40,26,33,20,34,0,2,38,31,14,25,26,22,21,47,25,11,3,0,45,48,11,35,17,47,42,16,37,36,40,6,18,26,43,12,49,30,33,21,19,3,15,6,13,11,23,6,12,33,17,8,32,28,10,25,21,9,31,8,49,37,9,48,29,19,7,7,44,13,22,13,40,9,38,34,26,44,14,12,30,12,3,46,16,7,15,1,11,8,26,4,16,31,12,14,43,40,34,37,24,35,40,24,41,45,11,44,9,16,34,19,4,31,39,49,22,24,37,22,2,33,20,32,32,30,34,36,49,41,7,41,0,41,3,29,34,29,9,44,16,35,32,24,30,15,44,5,34,6,2,33,11,22,14,29,21,2,44,12,40,34,24,39,35,21,7,16,31,46,0,14,28,18,23,19,38,10,17,13,42,41,22,6,8,9,2,13,36,35,22,27,43,3,0,17,12,35,18,43,4,1,2,43,37,8,47,42,15,38,14,3,49,43,45,13,3,40,10,10,10,41,41,48,6,35,41,9,28,14,44,33,3,13,48,24,27,40,45,28,45,47,5,39,9,19,8,20,33,42,14,10,15,2,7,40,36,36,24,34,29,48,19,4,9,27,6,7,21,29,20,10,5,18,30,23,7,12,1,46,18,15,27,0,25,32,44,39,31,7,47,45,46,42,40,3,34,7,18,25,0,39,19,39,3,35,5,43,1,19,28,49,16,11,49,37,23,26,48,28,21,44,0,32,39,31,11,45,36,28,29,6,27,4,0,32,35,16,16,4,30,11,46,21,38,19,22,8,1,20,22,12,43,16,30,25,39,20,42,47,25,22,43,47,19,5,33,37,35,47,19,45,16,27,33,12,38,10,2,8,17,28,40,36,11,27,16,46,6,22,41,15,36,24,1,23,10,47,8,24,15,5,2,32,45,9,48,4,8,6,40,38,15,26,47,23,13,30,48,33,27,30,5,21,44,5,49,22,23,4,20,0,1,45,14,23,14,10,45,10,7,37,37,37,3,26,8,38,39,48,46,27,26,7,36,31,18,1,45,30,32,43,18,46,36,7,38,17,0,36,23,34,20,46,35,23,23,2,12,10,18,35,44,38,25,17,14,13,29,2,48,22,24,28,2,39,14,42,5,48,42,28,46,25,20,30,32,30,29,1,46,5,47,45,31,3,28,16,12,27,47,44,41,42,6,47,27,37,0,15,16,2,32,49,23,21,30,20,45,21,26,32,37,11,19,26,14,38,42,20,22,27,25,5,41,17,48,31,0,24,49,17,39,36,39,26,26,18,18,13,41,25,5,6,24,27,1,20,46,24,14,11,31,29,9,29,4,19,3,13,13,2,1,46,3,26,28,30,49,29,31,35,19,20,1,47,23,6,11,17,0,14,6,44,9,39,29,36,42,13,31,19,17,20,15,15,39,38,4,42,43,45,28,27,24,34,5,9,33,10,35,18,48,49,25,25,41,22,2,28,29,44,37,32,28,12,41,36,15,37,39,40,34,31,33,8,24,9,32,13,21,3,13,18,40,17,32,48,46,49,15,37,42,7,5,17,29,23,38,7,43]"
ta59,1304,"[0,2,0,2,3,1,0,3,3,2,1,1,0,1,1,0,3,2,3,2,3,0,1,2,1,3,0,0,3,3,2,1,3,0,1,2,0,3,3,2,1,1,0,0,0,2,0,3,2,2]","[34,27,2,34,40,10,40,47,10,7,36,29,31,45,11,18,0,3,17,24,6,47,38,6,15,7,15,6,45,21,20,33,49,32,18,3,37,40,13,27,41,18,9,43,7,14,21,40,20,47,32,41,23,37,19,29,15,31,43,17,45,42,46,17,25,46,23,22,6,5,23,35,35,10,24,24,21,22,42,21,27,34,39,5,30,41,23,24,34,36,36,12,34,13,25,40,6,28,21,26,38,30,34,26,14,23,16,12,44,22,39,38,13,12,40,39,48,22,11,2,10,35,43,27,2,20,28,29,17,9,39,12,19,25,38,17,30,44,8,26,11,34,26,36,43,0,33,48,17,32,47,37,25,22,27,27,47,40,3,33,25,49,35,24,39,0,9,36,21,0,43,4,49,22,30,25,34,48,24,36,1,11,7,43,45,18,42,26,5,42,16,6,42,10,37,20,47,0,30,26,35,29,44,13,41,40,45,41,47,37,38,25,37,39,2,39,48,35,8,0,14,23,30,41,4,10,30,49,11,26,24,37,25,49,44,46,46,45,7,4,10,12,5,18,2,33,35,1,45,20,14,24,0,49,1,38,17,17,41,45,37,5,34,24,3,20,15,16,21,12,3,17,45,13,44,29,41,28,6,24,49,5,14,35,41,28,8,1,36,48,12,48,16,8,44,19,23,7,20,9,40,14,11,37,19,22,18,11,20,36,24,23,46,21,14,8,38,16,3,16,43,17,28,11,14,4,30,20,15,15,29,46,43,36,27,4,28,25,48,8,37,46,16,28,30,25,5,35,14,46,18,2,9,31,49,1,42,19,18,10,38,33,22,13,3,43,15,21,12,27,33,32,28,21,38,20,1,40,45,13,12,0,43,28,45,16,6,7,19,48,44,18,49,8,44,4,37,1,1,39,23,0,9,9,48,47,41,10,4,18,1,31,26,9,21,42,33,49,5,39,7,42,3,49,28,22,23,15,46,6,31,9,47,23,12,44,0,20,2,29,33,13,33,26,46,29,34,19,0,31,39,23,36,6,13,5,15,7,29,35,3,27,32,24,41,29,8,27,31,1,5,7,32,44,48,3,15,7,31,33,36,6,36,16,1,19,37,10,17,30,10,44,28,17,2,29,22,35,8,3,37,25,34,10,25,16,25,46,47,13,28,2,46,9,19,13,26,18,3,32,11,18,16,20,27,22,31,27,19,13,12,39,9,8,36,48,23,41,19,3,38,16,4,10,19,11,45,16,28,7,40,11,1,12,30,2,34,6,27,20,16,23,5,20,15,35,39,4,15,21,42,14,26,32,22,4,42,47,3,26,48,5,47,43,43,15,24,11,26,39,46,44,7,16,5,13,6,12,43,18,38,12,25,40,0,0,33,0,35,42,14,37,25,44,18,31,15,5,38,40,42,33,10,6,29,20,29,31,26,31,8,0,33,48,22,24,49,36,34,41,49,11,24,9,27,46,19,4,31,8,34,41,40,11,30,9,14,47,19,44,17,32,4,8,39,14,29,2,23,42,41,35,47,13,46,33,43,30,17,38,4,48,36,39,48,27,4,9,35,38,43,32,26,28,2,14,15,19,34,42,4,45,22,32,1,2,31,18,30,45,9,2,10,1,21,11,2,32,44,31,29,49,7,17,32,30,5,14,32,47,7,3,40,37,21,21,8,6,28,1,13,33,32,42,45,38,22,49,8,12]"
ta60,1304,"[1,3,1,1,3,1,0,0,3,0,0,0,2,3,1,3,3,3,0,1,2,2,2,0,2,1,2,3,1,2,3,2,0,1,3,0,2,0,2,1,0,0,3,1,3,2,2,1,3,0]","[22,31,12,48,23,23,12,16,11,29,3,49,31,40,40,15,21,22,35,16,16,48,45,18,21,32,17,27,9,17,16,15,28,24,17,46,38,21,33,34,22,23,1,0,8,7,18,11,41,7,46,5,35,16,26,11,38,23,13,23,35,13,25,5,40,12,44,3,37,40,18,35,41,34,15,33,19,22,4,13,11,22,30,9,44,6,25,21,14,44,21,39,3,2,7,49,14,37,28,24,42,47,12,1,6,8,18,40,10,12,3,34,2,17,29,15,26,7,34,20,47,22,40,28,23,42,2,32,38,30,4,39,36,8,38,37,29,19,12,43,39,29,26,39,27,38,42,42,48,9,35,0,19,18,44,26,41,36,8,18,3,48,11,32,37,10,15,44,32,37,32,48,27,18,32,10,45,17,36,17,8,31,21,43,2,30,49,41,1,37,8,10,29,33,12,13,43,11,46,39,30,36,18,13,44,11,20,16,1,13,21,25,37,7,19,42,36,20,33,45,14,27,49,43,23,32,14,2,45,46,24,10,49,35,20,21,6,21,5,23,45,3,47,42,43,24,36,43,46,28,33,49,8,5,3,13,26,4,4,47,46,26,20,29,0,9,11,31,19,28,41,31,30,21,33,42,10,47,0,19,42,1,33,36,7,48,18,6,21,35,38,8,28,49,28,44,10,48,19,9,17,14,39,35,39,37,33,19,42,23,43,35,13,9,29,20,36,14,37,37,41,27,44,40,0,27,22,44,35,45,10,16,40,49,18,17,45,43,24,26,1,33,13,39,9,7,49,27,16,38,7,29,28,0,15,29,10,14,39,10,47,41,46,42,0,49,34,43,27,31,0,22,35,39,14,30,46,17,9,2,26,3,41,25,4,43,11,29,32,2,14,1,43,36,32,33,15,30,24,5,42,6,20,46,2,4,13,36,28,5,6,40,3,9,17,27,34,32,25,48,21,1,10,17,31,47,40,30,40,3,34,24,49,47,14,1,10,3,20,1,33,25,4,9,46,42,47,20,39,32,24,37,28,41,36,38,26,9,39,41,45,45,44,41,4,13,6,49,25,47,19,15,13,39,31,9,44,28,30,26,0,7,39,2,1,5,33,27,29,0,42,23,14,47,11,12,24,6,4,12,24,22,7,25,25,34,48,4,34,5,14,7,8,0,17,7,13,49,48,27,7,3,45,44,12,22,26,35,30,11,45,2,32,49,41,36,26,46,4,19,0,19,15,34,2,23,28,25,18,25,2,26,31,46,40,29,45,28,13,20,38,29,32,48,13,10,49,46,39,37,41,44,22,48,6,24,37,3,38,37,7,6,31,15,19,43,22,8,27,34,45,38,33,9,12,10,4,14,18,8,24,18,5,48,17,38,47,8,7,30,25,33,46,16,40,9,34,8,48,45,15,6,23,0,8,47,19,42,34,30,5,21,16,24,30,6,23,20,18,3,1,20,12,27,36,5,43,22,24,45,14,26,17,47,4,30,2,18,23,19,22,31,19,31,16,33,4,1,15,16,32,1,40,25,9,17,23,8,2,20,35,5,0,1,31,15,44,6,16,20,37,30,16,11,5,4,0,28,38,24,34,15,20,12,10,5,36,14,34,35,42,29,44,36,40,29,11,3,31,12,27,35,11,12,46,27,38,32,28,41,21,26,47,21,43,11,41,6,6,2,31,5,38,25,22,48,43,16,15,25]"
ta61,1647,"[0,2,3,0,2,3,1,0,2,0,3,1,1,3,0,3,2,0,3,2,3,3,1,0,1,3,2,2,2,2,0,1,2,0,0,1,1,1,0,3,3,3,0,3,3,0,1,1,2,0]","[0,46,1,6,3,6,8,41,10,5,7,4,8,8,36,42,42,16,15,31,36,37,34,40,25,13,1,31,19,44,30,47,46,30,36,33,15,20,19,39,34,37,35,38,18,44,8,2,34,42,23,2,0,36,13,11,2,34,33,40,21,46,23,1,25,27,7,47,9,13,22,27,9,12,7,19,22,35,29,49,4,11,12,14,37,40,44,28,41,40,4,28,1,9,20,0,8,29,49,28,25,3,32,12,12,5,42,2,18,41,6,44,17,6,11,38,18,18,5,30,47,35,40,33,35,19,12,9,6,23,23,28,40,39,8,27,43,29,38,15,17,41,49,17,20,40,34,35,8,16,47,24,24,0,45,16,31,34,10,19,11,6,13,8,13,44,21,25,38,9,36,8,7,45,4,32,33,27,26,14,23,12,4,36,29,28,7,40,28,35,14,0,35,1,44,31,42,15,36,31,35,16,6,7,30,44,6,10,28,10,16,13,42,11,44,5,13,42,16,48,23,17,35,7,27,29,47,37,21,21,35,16,9,47,0,6,1,24,37,48,10,22,42,27,38,28,39,37,37,43,44,19,14,8,21,20,24,43,2,45,9,45,13,20,5,26,35,17,20,28,26,15,24,32,20,9,49,3,1,11,23,4,17,38,45,13,16,20,25,13,19,16,12,25,0,29,39,36,0,42,10,1,43,6,4,21,35,49,21,21,30,27,43,26,26,3,44,0,15,13,29,34,26,33,42,22,6,20,33,22,48,27,34,17,23,26,43,29,45,40,41,10,2,17,23,36,32,7,15,49,35,23,10,20,37,28,46,38,9,0,9,37,11,46,4,14,48,32,11,39,27,35,24,5,22,2,39,45,49,31,13,26,49,48,35,11,22,6,14,6,22,7,22,18,10,4,46,3,25,37,7,44,4,25,39,25,25,43,7,6,25,14,29,1,38,8,15,13,35,40,0,36,33,37,3,16,18,32,2,1,17,13,47,47,15,30,6,3,41,46,45,32,47,34,19,17,29,32,15,29,7,36,36,2,26,42,31,21,42,34,49,32,23,21,21,3,34,40,30,24,19,42,25,33,43,48,48,43,30,41,10,30,45,37,14,43,12,3,41,7,18,2,25,4,27,47,42,40,15,41,39,33,11,15,30,31,22,6,38,28,20,45,45,8,37,30,40,31,19,47,14,8,19,1,18,46,5,0,27,5,20,48,23,41,38,8,48,25,24,45,40,3,37,45,3,36,12,41,49,46,11,31,24,23,21,35,0,23,25,28,2,38,10,13,6,41,7,33,29,43,15,28,23,45,43,24,9,28,18,46,27,14,19,28,39,44,47,10,18,44,19,4,22,2,10,24,36,46,24,33,39,9,30,40,36,20,45,22,5,38,29,24,22,25,39,38,44,3,41,11,41,45,34,4,31,16,3,44,0,42,1,37,42,18,47,44,46,29,31,11,3,10,24,5,9,39,40,26,29,5,21,32,40,2,30,24,15,39,24,2,10,39,19,20,46,20,18,32,38,31,14,48,44,0,32,5,16,4,22,5,48,43,13,36,31,13,9,14,9,45,0,22,20,7,33,30,18,13,46,18,10,37,12,48,15,44,37,17,47,49,34,28,34,37,0,8,14,8,26,49,26,33,46,33,39,16,9,34,19,35,40,16,32,21,29,6,9,32,38,5,49,17,5,29,11,22,34,25,17,5,18,32,3,19,2,43,13,12,4,38,12,18,36,14,20,19,48,14,33,10,42,42,46,31,17,21,30,36,38,3,25,41,17,16,17,43,47,11,43,39,6,47,23,49,37,48,38,33,24,4,2,31,26,43,11,34,31,6,32,2,41,33,40,10,45,12,1,9,1,26,21,22,27,16,1,29,23,7,11,46,49,8,44,17,21,27,3,48,18,12,21,1,5,41,11,47,0,2,46,20,27,3,11,14,25,45,17,16,41,14,31,27,17,8,35,40,32,9,44,20,48,46,12,49,39,41,26,5,32,17,14,39,7,47,49,43,0,32,23,22,43,15,41,12,26,10,12,25,43,4,20,30,28,31,42,19,26,19,27,42,48,4,7,28,21,15,12,12,3,36,39,48,49,46,8,9,1,30,1,15,37,3,36,4,45,27,23,1,11,28,4,24,10,0,18,34,24,39,47,34,49,30,7,38,16,31,13,32,2,16,22,47,48,21,28,33,24,38,27,26,18,34,33,19,5,14,30,7,5,30,23,26,26,16,8,2,14,33,27,29,48,12,15,15,29,22,49,35,18,1]"
ta62,1638,"[2,0,1,2,0,1,3,3,0,1,2,3,0,1,2,0,2,3,3,3,1,1,2,0,1,0,2,3,2,2,1,2,3,0,1,0,2,3,1,1,3,3,0,3,2,0,0,3,3,1]","[15,24,44,34,25,36,35,40,22,35,42,40,2,4,26,32,26,44,41,9,24,16,48,44,13,39,5,32,7,4,20,34,23,26,27,11,20,22,12,8,43,25,47,25,47,31,33,7,42,22,49,23,0,10,49,0,21,25,24,14,23,45,24,21,10,13,37,40,15,8,46,34,27,21,7,32,8,24,7,4,46,19,1,23,44,12,40,8,32,18,0,41,24,21,22,30,3,40,37,29,13,36,24,26,33,48,8,6,11,15,6,36,47,48,33,41,1,1,4,47,9,43,43,26,49,32,8,7,28,25,42,11,30,8,8,18,41,13,3,1,30,42,9,49,25,18,23,24,47,27,3,18,10,17,45,14,14,16,36,27,15,43,35,42,10,5,12,39,15,30,10,38,6,28,44,5,15,21,18,34,32,2,23,21,10,38,17,47,42,45,33,0,24,29,5,48,45,33,36,21,10,20,2,6,30,9,20,39,33,13,15,42,48,18,27,15,33,41,11,16,11,20,29,34,6,35,29,29,1,11,15,23,38,19,22,1,37,38,16,38,37,28,17,19,13,30,10,46,47,49,31,29,31,45,8,35,7,40,10,21,5,12,31,18,15,29,48,25,24,11,44,37,14,32,39,46,32,0,10,2,39,26,31,12,47,32,48,15,27,2,3,41,37,49,24,4,7,2,40,40,11,14,28,21,43,21,15,41,31,36,47,12,8,37,7,38,43,18,47,49,15,13,19,17,1,4,15,28,29,17,17,25,16,11,4,28,23,44,19,28,47,49,43,25,32,1,6,45,20,23,27,28,37,20,34,31,39,6,46,3,36,30,9,2,38,13,5,27,45,45,36,43,38,35,36,27,11,8,17,14,9,35,41,38,34,0,26,18,31,7,16,21,4,5,42,47,22,19,9,23,3,46,37,3,20,19,35,31,15,34,37,46,43,4,40,4,37,43,42,31,23,27,17,31,29,31,30,39,17,30,14,20,28,40,48,2,49,30,12,1,22,5,14,5,39,14,38,19,24,10,0,28,31,38,17,1,23,41,37,41,11,49,44,5,19,35,28,6,6,49,40,18,33,34,23,49,16,6,42,27,20,26,14,12,43,13,37,20,0,28,30,8,7,9,28,43,28,43,3,46,37,44,22,35,23,31,49,36,7,29,25,39,30,44,24,48,34,49,21,9,42,30,1,41,24,36,40,6,40,28,27,5,5,1,43,16,27,48,17,23,33,14,45,37,32,35,32,35,22,48,22,33,29,16,33,46,15,11,22,36,0,21,19,4,42,25,22,14,8,41,9,44,17,2,2,4,29,43,12,29,21,46,42,32,18,8,4,20,19,16,14,44,33,20,36,10,26,13,42,12,29,27,47,14,32,46,35,38,38,23,6,5,21,41,1,4,33,45,45,42,18,0,24,48,32,13,13,10,4,27,31,29,19,0,4,7,28,4,12,9,2,31,17,12,45,16,16,7,37,0,39,12,49,22,5,21,40,24,41,38,8,0,34,36,43,16,39,17,45,5,2,35,34,20,23,25,45,26,39,35,49,26,18,18,16,3,18,38,0,45,0,17,10,26,34,14,46,13,38,39,13,12,16,48,42,23,7,22,3,27,18,43,5,20,18,46,32,22,44,2,3,4,34,8,11,10,13,44,48,39,18,1,39,30,26,33,21,9,3,37,26,36,11,13,46,16,3,19,42,6,40,44,19,14,35,2,26,18,26,34,8,26,9,44,41,39,43,24,2,48,7,29,46,28,30,47,35,9,16,7,25,2,2,8,7,33,45,3,10,27,44,22,47,42,12,9,49,17,48,46,5,0,16,19,30,13,5,9,45,2,35,25,40,33,10,28,35,22,37,31,24,39,12,32,30,17,24,9,23,42,33,47,6,0,44,17,19,1,30,33,38,32,10,34,27,3,11,36,29,26,12,11,41,13,36,40,1,22,39,1,11,44,46,7,34,25,37,42,34,27,10,49,48,1,48,25,1,20,21,35,12,24,17,16,6,48,0,13,25,22,37,32,25,20,36,36,38,7,46,26,14,25,22,20,16,40,31,15,12,40,28,13,5,39,11,41,31,21,2,40,41,14,21,10,9,33,3,0,45,19,39,6,49,4,8,25,46,3,17,1,47,11,41,9,3,43,6,27,36,26,29,15,31,44,3,14,47,6,48,32,0,45,47,28,18,6,49,30,30,29,5,23,11,19,8,3,12,41,15,29,20,38,7,14,4,2,38,6,15,19,19,9,43,33,20,47,45,34,34,46]"
ta63,1554,"[0,3,2,0,0,2,2,3,3,1,1,1,1,3,1,3,2,3,0,2,3,2,2,0,1,0,0,1,1,2,3,2,0,3,0,0,2,0,3,1,3,0,0,2,1,3,1,1,3,1]","[44,15,3,0,34,24,30,36,18,21,7,15,14,32,40,40,33,31,40,44,47,45,12,33,45,46,25,28,13,5,33,7,41,23,4,14,33,12,14,11,11,35,0,7,8,20,11,49,27,34,35,24,39,47,32,19,11,21,16,42,9,28,40,3,18,31,30,18,17,1,37,39,43,25,46,10,35,38,28,30,27,4,32,48,15,29,27,45,8,17,13,2,15,44,32,18,19,9,14,20,20,15,21,18,44,19,0,13,12,23,48,22,40,22,35,32,33,11,46,18,13,27,44,13,43,27,10,13,11,25,19,5,8,23,41,34,8,42,20,35,29,49,37,35,46,11,41,1,25,45,3,16,46,4,28,4,47,34,3,33,20,15,23,46,38,26,12,35,1,14,1,38,10,26,36,36,37,26,2,15,36,49,39,12,5,4,47,9,7,25,40,49,0,21,34,29,46,14,30,13,41,33,44,24,28,28,4,39,33,39,30,43,2,0,22,4,21,18,45,4,47,48,35,37,30,22,30,33,48,17,45,42,41,35,43,31,10,28,47,48,28,26,10,5,24,10,8,17,6,11,4,8,19,21,23,48,28,6,32,19,44,12,12,23,38,32,12,39,2,22,5,45,23,10,40,44,41,37,47,4,3,28,14,49,37,6,5,23,12,31,22,37,21,49,25,26,45,5,24,24,36,22,37,44,1,19,29,42,20,34,34,6,31,40,45,24,12,49,3,45,0,3,4,14,16,3,48,19,6,25,5,43,17,43,23,20,46,3,14,31,37,29,38,36,16,7,38,44,38,8,49,6,27,44,20,29,48,3,47,12,39,21,42,15,3,26,31,42,29,0,45,24,26,6,13,38,8,0,1,2,0,27,25,28,43,16,28,22,40,40,3,29,13,4,9,8,4,47,44,1,20,16,26,15,36,7,22,0,41,9,34,10,30,1,46,34,13,13,44,9,21,35,26,47,5,7,6,2,14,38,3,37,30,27,40,10,25,31,25,18,41,21,15,40,22,20,36,37,48,25,19,8,3,5,47,8,12,7,27,3,7,20,22,45,36,35,46,38,43,26,10,33,20,41,12,6,29,19,13,35,18,39,12,17,31,40,36,33,34,3,35,24,49,23,7,26,32,27,29,35,10,35,42,20,34,20,46,13,43,43,20,31,29,14,39,34,32,14,22,43,19,2,41,27,17,38,42,17,7,29,46,20,30,20,29,16,5,41,48,22,33,18,29,24,39,11,9,18,37,15,45,47,33,26,10,6,42,21,7,41,48,14,16,6,0,41,9,10,15,42,2,41,14,23,39,32,2,37,43,37,4,49,28,17,17,49,21,45,46,19,10,1,18,24,7,46,35,42,6,22,40,30,48,35,6,39,5,27,31,24,36,42,36,44,38,45,11,13,40,29,49,29,17,6,39,34,21,4,10,40,47,46,24,30,35,2,25,24,11,9,5,36,26,47,18,13,36,16,1,36,43,37,39,10,46,9,45,49,6,27,32,44,27,9,44,41,42,21,7,25,16,8,12,43,49,24,1,10,47,14,6,16,31,36,18,39,31,27,41,47,5,21,36,42,8,2,30,42,0,44,48,24,26,10,22,1,9,48,17,48,35,43,29,23,15,2,26,19,8,25,18,11,42,15,23,15,1,42,32,40,25,27,43,5,28,33,49,4,11,36,42,18,0,37,8,21,12,7,11,7,7,1,25,0,34,19,12,2,47,42,40,46,30,23,26,9,2,30,24,25,5,6,15,9,7,43,31,8,34,21,38,10,48,16,5,33,14,4,13,18,23,14,2,38,25,32,19,11,26,32,1,3,45,23,45,3,44,49,22,47,43,20,24,34,21,2,2,39,17,26,23,4,34,26,14,31,44,16,15,41,22,47,17,32,42,28,38,23,33,4,13,32,0,23,12,43,17,33,48,33,11,17,1,21,30,19,13,29,8,30,37,45,22,21,16,29,11,32,0,32,2,41,30,28,15,9,11,41,19,14,38,25,11,49,34,41,31,28,40,36,8,24,37,6,5,31,4,16,11,37,16,17,34,48,15,38,31,7,33,0,0,7,49,0,30,1,20,2,47,37,46,28,28,39,16,43,1,26,27,22,28,19,9,5,45,27,34,36,39,17,2,18,46,18,27,20,31,17,17,48,38,35,16,25,13,9,6,16,32,3,38,12,10,40,46,3,1,24,38,39,8,0,18,14,48,6,23,5,33,49,19,27,13,15,9,22,16,44,39,30,9,29,31,19,8,32,12,9,49,1]"
ta64,1499,"[2,2,1,3,3,3,1,2,1,0,2,3,2,3,0,0,2,3,1,3,1,0,3,1,1,0,0,3,0,3,3,1,2,0,0,1,1,1,3,3,0,2,2,2,0,0,2,0,2,2]","[23,24,26,25,9,33,16,22,35,46,12,36,0,6,18,32,35,34,37,15,6,18,1,0,4,3,37,16,29,9,46,9,5,10,23,7,42,10,49,19,38,22,31,29,3,20,40,14,8,25,15,45,39,0,41,42,42,41,31,45,20,20,49,5,13,36,46,17,6,46,28,47,11,29,5,28,44,2,25,34,41,48,7,41,10,23,43,3,33,16,29,49,48,10,36,8,43,42,41,40,35,44,13,20,19,38,45,33,34,49,46,46,39,33,8,27,36,27,38,41,16,47,24,5,6,44,22,5,17,31,16,3,30,27,21,1,14,48,34,7,15,11,25,48,17,25,0,20,48,16,44,8,13,6,30,43,5,30,10,19,8,43,15,44,46,14,7,14,9,10,49,37,35,19,41,30,36,48,0,9,15,3,13,4,21,38,14,29,22,42,8,40,47,37,44,48,31,36,25,5,18,0,23,44,28,35,13,0,42,4,24,47,34,8,20,13,14,17,43,32,33,43,40,18,36,4,21,10,45,30,0,16,8,40,7,14,12,10,41,14,33,40,18,46,13,12,45,9,32,36,9,25,20,1,7,31,11,15,23,19,35,31,23,29,31,9,18,19,4,12,3,38,3,27,1,24,11,26,24,9,20,5,40,22,34,49,23,30,34,44,47,2,18,7,48,12,47,34,45,15,1,34,31,27,43,32,16,13,20,49,28,38,43,4,30,0,44,31,37,5,13,36,41,11,31,33,1,8,39,36,43,0,33,36,2,7,11,35,0,30,1,46,2,46,26,40,12,6,33,10,27,33,40,38,0,29,49,27,24,21,10,17,1,4,30,27,44,4,37,5,3,34,39,47,26,4,25,23,32,6,33,9,48,41,22,22,18,4,11,26,7,28,44,35,12,38,32,15,12,6,24,12,42,11,26,21,32,22,27,47,25,20,49,5,14,26,11,31,17,26,42,8,32,9,20,24,15,40,31,18,39,4,14,2,10,45,30,19,28,43,7,24,20,19,13,7,8,6,18,34,36,2,28,49,7,26,9,22,18,2,14,7,39,4,6,17,24,7,36,15,35,2,16,2,44,15,39,21,37,37,44,8,21,21,41,3,7,26,25,11,12,32,24,11,33,44,47,4,41,26,46,11,42,25,30,35,30,48,41,32,49,47,38,20,35,29,29,25,19,27,42,20,14,18,15,22,45,29,28,26,7,35,8,27,12,42,11,37,1,22,38,29,16,8,5,33,35,9,28,40,46,34,48,42,9,30,40,4,44,28,12,10,34,46,42,28,10,19,23,49,6,11,38,10,2,32,12,37,38,46,13,31,24,4,40,29,19,2,11,38,24,13,4,10,45,31,1,0,3,28,34,20,33,32,10,39,39,39,41,6,2,45,3,23,35,1,47,49,19,43,49,19,44,25,33,34,21,19,32,3,39,25,35,1,23,28,29,12,46,22,21,3,7,31,27,16,43,33,5,24,21,33,38,37,5,49,6,2,36,15,7,32,15,0,34,28,41,36,0,26,31,39,27,39,5,1,9,5,32,8,30,2,48,1,44,17,47,14,20,27,19,46,40,25,49,31,12,0,17,18,9,21,40,16,45,21,13,26,30,39,38,1,39,25,38,46,26,20,14,13,38,48,31,37,20,45,43,3,37,30,1,9,35,48,23,2,28,24,36,0,15,10,22,46,7,29,8,11,18,23,21,18,14,42,34,37,32,28,21,29,5,27,45,16,41,35,33,21,47,3,35,23,49,6,48,19,22,44,14,30,16,3,49,38,8,42,47,49,40,26,22,36,3,6,24,23,21,41,29,29,18,40,24,23,45,17,35,42,37,40,32,25,28,42,11,6,4,32,8,15,41,2,26,2,34,47,48,23,39,6,17,12,41,22,37,36,45,22,43,13,25,42,8,45,24,29,25,49,28,48,31,15,14,17,47,6,22,27,23,9,39,43,3,45,26,43,43,18,40,17,32,27,25,47,10,34,27,19,19,13,5,26,15,11,4,36,47,43,8,37,18,48,1,16,17,36,30,2,42,5,19,16,2,0,34,21,26,13,17,46,43,44,16,14,13,45,42,22,28,28,15,16,48,40,14,31,0,4,27,10,20,27,47,1,10,19,29,11,6,1,14,15,41,2,38,17,48,6,20,7,30,24,18,13,33,17,32,43,23,37,9,22,46,16,1,38,17,18,5,29,12,12,3,3,35,24,12,37,11,39,39,21,44,47,37,4,0,30,17,9,17,13,12,23,33,45,39,21,16,45]"
ta65,1564,"[0,0,2,3,0,0,2,3,1,1,3,1,2,3,3,1,2,3,0,2,0,1,2,1,3,1,1,0,1,0,2,3,1,2,2,1,0,3,2,2,0,0,0,1,3,3,1,3,3,2]","[18,17,2,14,23,43,23,2,1,18,28,8,20,0,19,33,7,37,11,7,16,0,46,9,5,30,47,49,20,38,29,43,32,46,24,14,47,12,27,19,19,27,41,49,19,0,21,33,13,6,8,41,39,0,21,47,45,10,47,24,14,40,3,19,34,21,18,2,39,26,5,8,9,46,7,49,2,4,22,27,33,38,44,2,49,26,25,21,49,42,30,29,48,14,26,40,40,34,34,22,0,23,22,34,29,15,13,46,17,20,37,46,26,44,7,5,0,34,11,45,14,35,4,16,4,18,19,33,3,47,44,34,46,18,36,30,20,20,19,11,46,36,0,21,30,42,48,24,35,38,21,6,4,35,31,30,48,7,47,34,8,40,48,16,35,3,33,13,36,28,42,25,40,0,16,22,6,1,36,15,25,43,49,31,31,27,26,29,36,42,20,29,44,45,11,45,8,14,23,43,6,14,30,43,13,30,8,35,3,47,9,17,1,10,31,22,7,43,7,42,4,4,21,32,12,28,48,14,23,2,46,23,32,8,32,13,13,49,25,15,25,36,18,10,22,17,47,24,29,9,36,46,39,9,47,7,8,3,14,32,9,41,33,6,26,41,5,24,1,15,10,3,12,40,3,22,11,15,13,12,27,15,4,48,28,15,39,23,0,26,46,9,20,20,42,18,9,40,24,19,5,12,23,21,44,24,43,15,40,11,8,6,6,47,11,40,3,0,25,44,10,37,14,7,9,31,38,17,31,35,37,17,48,10,33,34,34,40,16,42,47,13,17,8,37,25,8,16,11,18,29,37,20,42,4,12,36,42,47,42,17,17,1,27,5,27,31,48,49,43,2,29,46,31,35,48,37,28,22,22,11,21,32,37,39,9,29,4,0,33,24,16,2,27,14,49,1,11,46,16,5,12,4,36,49,2,47,39,39,23,21,21,44,28,28,7,24,42,13,9,34,4,38,41,27,1,36,45,22,47,16,35,5,21,3,12,24,2,27,2,9,13,42,20,25,11,23,39,1,24,10,43,34,25,36,28,2,38,46,0,32,33,5,17,25,21,37,25,4,10,49,33,39,18,5,29,41,15,33,28,47,22,17,8,23,29,22,20,5,14,15,30,10,38,38,15,2,38,16,35,48,43,40,16,2,37,10,15,9,11,35,0,32,22,40,16,19,47,21,28,4,8,39,17,3,39,3,41,36,42,43,35,1,45,32,41,34,42,40,1,7,1,5,33,44,37,31,5,37,31,11,26,19,29,29,34,21,34,38,45,12,41,35,33,13,38,15,15,0,48,23,49,13,8,21,38,6,7,45,21,29,8,24,2,37,30,37,48,19,11,47,37,9,13,46,18,28,10,10,7,25,6,10,3,6,36,6,7,2,32,4,26,44,32,9,9,48,25,26,17,28,1,26,1,19,42,6,33,28,11,24,41,16,40,5,3,32,0,4,16,25,7,33,26,9,27,43,30,44,19,0,39,32,48,42,40,49,45,33,38,29,45,0,32,29,19,38,12,48,49,22,27,5,49,32,26,43,23,45,40,35,30,4,21,40,3,16,27,31,16,44,32,31,31,17,24,25,26,16,4,11,30,3,43,24,41,15,28,39,3,38,23,27,40,47,17,18,27,14,3,28,18,45,8,11,34,23,21,1,0,10,41,14,30,20,37,36,1,23,39,6,21,4,7,10,20,45,44,22,49,30,22,14,1,10,26,42,35,24,32,46,47,12,3,41,5,16,25,45,28,12,44,39,30,13,31,32,3,10,22,25,25,10,6,38,13,11,13,6,49,15,19,43,14,34,42,5,33,45,44,19,43,41,46,7,20,12,8,43,19,31,39,2,19,36,45,31,20,1,5,48,14,28,25,10,46,16,49,33,34,30,35,4,23,48,37,6,24,46,48,24,41,5,35,7,38,26,6,12,14,12,15,20,43,13,30,20,0,28,18,2,16,6,43,17,44,17,48,38,41,1,44,15,30,37,39,42,27,33,18,17,12,18,32,6,9,44,13,18,30,44,18,12,18,29,34,15,2,10,22,44,38,27,29,27,19,33,45,14,1,35,35,19,42,35,23,2,41,49,34,22,40,39,7,28,47,12,36,43,20,37,31,26,45,5,24,26,44,18,38,36,20,31,17,20,26,28,12,36,30,27,8,48,7,41,36,18,41,34,9,1,13,46,39,0,11,15,13,35,39,24,45,11,8,8,12,41,32,6,3,29,23,36,17,26,46,4,9,49,14,29,27,31,45,40,23,37,22,25,31]"
ta66,1596,"[2,0,1,1,3,2,3,2,3,2,2,2,1,2,0,1,1,0,1,3,3,1,3,0,1,0,0,2,3,1,2,1,3,1,0,2,3,3,2,0,1,0,0,1,1,3,2,0,2,1]","[14,11,36,13,26,12,22,29,9,10,11,33,8,12,6,18,8,48,47,12,40,43,14,16,19,5,42,5,36,3,33,8,25,21,10,5,21,37,30,12,2,23,31,37,11,2,37,26,31,48,20,9,42,48,42,28,40,34,41,2,33,19,26,0,2,11,3,37,37,32,30,31,13,46,6,23,17,48,29,3,37,39,27,40,0,9,42,43,12,49,29,31,35,23,23,9,37,17,12,18,9,13,6,20,49,46,34,23,45,5,43,46,11,30,3,23,33,16,33,17,7,23,1,36,9,35,45,24,10,37,25,44,48,41,28,25,15,31,38,28,9,32,48,33,13,47,46,15,22,33,20,46,28,39,34,32,46,13,11,5,27,36,0,47,20,0,25,47,49,40,11,22,35,20,19,10,21,3,17,30,22,48,22,43,30,18,5,47,8,18,25,6,24,2,49,38,33,20,3,0,41,14,35,15,19,30,1,28,10,37,33,22,46,26,38,32,3,11,35,36,31,1,0,21,16,9,41,9,36,35,3,49,40,14,30,21,47,19,1,17,4,17,15,20,45,5,38,39,34,38,40,2,10,18,34,19,48,18,13,18,0,38,10,43,45,33,14,10,7,7,26,24,20,24,18,11,43,19,35,44,8,37,8,31,19,46,7,25,17,26,35,45,22,27,17,32,21,13,8,44,22,42,41,37,10,3,22,47,35,33,4,1,2,26,39,4,40,21,32,30,27,0,36,38,0,43,34,46,19,26,17,14,12,7,7,5,5,7,11,7,14,41,48,8,23,0,28,49,41,47,36,26,12,0,6,10,38,26,32,29,20,24,0,30,22,34,13,44,28,20,31,1,11,17,26,4,12,35,32,33,21,15,37,39,49,23,49,9,47,43,44,22,1,2,8,45,2,16,45,42,41,16,0,14,1,16,30,25,4,8,44,39,21,47,27,15,48,32,44,40,39,27,27,39,0,13,4,29,9,41,28,27,39,4,38,33,16,14,4,23,46,6,15,23,46,8,6,43,22,22,6,1,18,25,42,5,7,42,1,20,44,32,29,48,31,23,41,6,9,18,15,11,49,5,34,8,41,26,35,45,25,26,30,27,24,29,41,45,0,6,31,14,43,34,48,49,25,13,4,24,38,28,47,16,21,34,30,38,3,31,35,19,25,41,14,29,48,49,13,41,37,15,11,47,37,16,8,11,44,19,28,49,10,24,24,28,39,4,22,20,23,8,41,40,21,6,40,23,10,32,46,34,42,36,39,42,30,11,48,2,31,48,24,43,31,23,33,4,17,39,19,28,3,8,10,34,34,20,1,48,25,39,16,13,14,38,32,19,18,37,32,19,19,20,41,13,1,10,36,15,7,34,7,35,43,27,22,12,14,1,12,2,29,17,48,9,36,24,3,42,34,11,21,22,40,4,24,39,27,9,32,43,27,25,12,36,30,8,35,49,3,15,19,29,40,28,28,18,14,32,0,11,39,44,34,12,16,2,3,41,25,38,0,45,27,45,20,45,17,37,19,42,31,1,44,17,20,24,36,27,47,45,5,31,10,46,11,27,27,49,36,20,29,33,31,39,6,16,1,22,44,13,26,9,40,38,43,40,26,45,45,23,13,42,24,2,13,4,9,21,4,4,47,36,49,44,7,16,44,10,2,10,9,26,49,43,18,19,33,49,42,2,20,13,44,18,35,6,9,11,14,10,27,37,10,43,47,16,29,15,47,15,32,45,49,36,23,21,25,18,26,7,15,35,22,12,29,15,45,1,44,3,22,30,2,1,32,45,49,40,0,23,4,20,29,46,38,39,23,15,43,25,29,1,28,44,30,47,13,14,14,37,9,48,29,48,21,25,15,5,31,7,19,13,9,13,12,36,35,33,5,37,39,42,42,1,6,35,32,14,40,20,7,14,25,0,31,6,16,34,47,36,38,4,45,27,8,5,47,19,28,12,43,30,44,46,31,5,46,40,24,6,39,14,16,47,10,17,17,21,16,16,34,32,30,12,8,25,32,36,29,26,49,42,33,17,38,30,44,18,35,6,24,0,34,2,29,6,38,41,42,3,3,46,18,17,7,21,34,3,46,17,36,28,18,26,37,15,6,1,46,28,44,25,12,24,5,38,21,40,18,11,28,41,17,3,33,8,7,27,4,24,45,43,26,21,5,18,46,22,29,12,38,39,40,24,2,48,16,30,24,2,16,42,4,28,40,6,4,15,2,15,8,31,29,41,33,35,27,43,3,42,23,21,7,7,7,5,5,12]"
ta67,1620,"[3,0,2,3,1,1,0,3,2,2,1,1,1,2,3,3,1,2,3,0,0,0,2,3,0,3,3,2,1,0,2,1,0,1,2,3,1,2,2,1,1,0,2,3,3,3,0,2,1,0]","[32,2,31,6,10,31,30,31,6,34,45,0,27,49,13,5,13,9,39,27,27,41,38,2,8,1,41,17,13,31,19,3,49,38,42,21,23,3,21,48,5,46,37,19,42,45,16,45,1,3,20,34,0,32,48,23,23,47,37,38,27,5,47,28,26,44,11,29,2,41,6,5,21,36,30,38,3,48,3,48,9,34,41,10,29,3,32,42,1,1,45,40,42,34,33,0,42,20,40,29,41,17,9,34,42,2,24,2,18,42,19,8,22,44,32,21,24,15,12,18,11,23,0,32,11,1,27,29,27,3,39,12,38,32,7,46,18,18,26,9,47,30,28,17,15,10,32,26,8,41,35,30,20,2,43,13,26,49,28,25,39,30,28,9,48,29,6,43,40,46,36,16,3,7,22,42,44,0,15,37,27,17,32,29,20,41,42,25,24,46,16,14,9,3,40,45,1,8,17,40,19,14,41,49,19,27,35,46,1,39,20,22,42,6,38,49,15,47,43,2,9,30,29,0,40,8,2,36,47,17,46,43,25,13,34,3,33,3,11,9,24,6,5,25,14,19,47,12,12,0,15,30,26,6,7,36,20,14,16,24,4,39,6,24,2,3,19,23,42,49,32,26,13,18,1,48,12,9,32,5,29,24,0,10,32,39,7,11,33,7,27,49,48,20,0,22,20,11,17,6,18,12,44,46,2,31,40,40,44,0,46,42,31,48,12,35,34,8,35,26,10,40,25,31,35,40,0,4,26,9,9,25,35,30,24,11,47,48,10,2,36,11,7,45,33,21,25,30,34,1,15,19,43,22,20,6,0,14,14,24,20,25,35,34,2,22,29,4,3,48,25,26,2,4,37,30,35,47,18,28,30,23,11,28,34,47,5,47,22,22,4,29,21,20,39,17,23,12,41,23,19,19,35,3,6,41,13,4,45,13,33,9,36,23,46,32,29,43,16,37,8,13,28,22,25,24,1,45,8,46,30,26,13,48,5,6,30,19,49,8,14,12,28,20,36,9,8,11,21,7,47,10,26,31,39,29,4,0,21,12,36,35,10,47,33,8,22,41,4,28,28,10,14,38,34,40,43,18,17,9,15,4,17,31,34,44,22,46,9,5,26,16,17,13,2,38,47,28,27,34,44,36,32,34,39,25,49,19,2,41,16,42,36,31,10,3,1,13,38,0,25,10,5,43,2,19,17,33,37,30,30,24,48,47,21,2,33,41,21,48,38,5,18,17,16,18,4,49,23,21,46,16,40,32,2,27,49,14,42,37,1,15,2,4,30,10,49,15,19,45,10,5,19,18,44,26,35,10,26,22,14,18,22,4,25,44,20,29,7,29,48,12,8,7,21,40,12,15,3,13,16,16,7,1,48,8,16,40,45,5,20,37,43,38,27,19,14,16,46,37,21,29,5,44,20,26,22,19,15,15,38,24,46,49,49,39,44,33,16,23,9,43,0,7,8,20,18,33,36,31,11,30,46,28,39,6,23,13,28,39,28,27,1,17,41,31,43,31,41,45,7,36,33,33,47,15,43,8,31,34,34,46,18,8,37,11,23,0,23,25,40,38,13,44,29,33,40,28,24,46,0,47,45,43,13,43,37,42,4,28,43,26,22,25,14,14,18,33,14,36,7,4,42,26,42,4,11,24,21,31,38,13,7,16,37,8,10,0,36,13,12,30,45,22,5,23,6,49,38,5,33,15,41,40,31,47,3,27,36,8,12,36,5,32,28,12,8,26,23,35,48,34,39,21,10,39,45,28,47,10,49,24,31,16,11,18,40,15,35,39,39,33,45,40,25,35,38,44,5,37,43,45,11,15,32,22,37,4,18,17,13,23,42,1,44,1,11,37,38,22,34,35,25,13,3,32,49,37,27,26,43,37,9,25,15,44,44,31,41,32,1,41,39,7,7,14,7,9,31,36,17,32,8,39,42,21,12,47,12,15,2,16,46,33,37,16,14,5,6,45,43,3,46,25,23,12,11,24,0,1,19,48,44,10,1,4,12,24,17,16,15,33,30,41,36,43,27,31,49,14,35,11,21,27,7,6,4,7,33,36,49,5,22,48,38,14,45,29,25,47,28,43,17,10,12,32,37,38,3,1,49,35,18,4,14,11,29,24,23,36,37,27,6,45,0,16,6,40,33,48,19,34,21,11,35,42,4,20,24,17,44,15,30,17,35,7,26,35,44,9,41,39,29,20,45,48,46,21,20,6,38,28,18,24,34,22,27,19,20,14,6,39,44,29,10,9,23,21,18,27]"
ta68,1569,"[2,2,1,2,0,0,2,0,3,2,3,3,0,2,1,1,0,2,2,3,3,1,0,1,2,3,3,0,1,1,2,0,1,0,0,0,3,1,1,3,3,2,1,3,1,2,1,2,2,0]","[36,32,11,46,46,28,46,21,25,4,29,43,36,43,27,24,31,11,18,20,19,5,3,16,32,10,18,44,40,49,30,34,35,34,25,29,36,47,2,43,14,43,2,35,47,1,0,16,6,14,1,44,7,30,19,43,40,33,14,22,44,42,3,22,10,47,5,38,26,30,48,3,48,10,49,8,22,37,26,7,0,2,42,43,49,4,15,37,21,5,48,3,30,38,11,14,7,15,49,11,28,40,14,30,15,29,15,32,21,24,41,12,37,16,24,38,49,46,3,39,5,25,29,27,8,3,2,10,0,45,5,22,4,46,29,32,42,34,44,31,9,3,14,21,45,42,20,20,27,24,15,26,0,13,1,5,9,30,5,3,34,1,2,8,37,33,34,25,28,33,34,0,48,13,5,6,40,23,33,25,13,19,15,4,21,28,15,47,43,18,13,19,19,18,16,18,5,7,49,37,7,23,46,19,17,6,20,25,21,21,2,45,27,7,36,18,21,26,27,49,16,17,32,1,10,17,1,9,2,29,6,41,4,15,8,21,46,18,5,29,0,44,32,32,22,36,30,10,6,33,7,35,33,26,7,7,37,33,22,32,30,2,44,41,27,29,9,26,1,42,15,12,19,26,24,24,3,37,12,25,9,32,11,4,27,41,0,20,32,28,10,6,28,35,38,44,14,35,44,31,48,45,41,0,46,9,17,8,39,7,9,40,36,12,5,39,34,42,20,12,19,1,31,2,14,15,29,30,40,18,43,12,11,25,0,13,44,39,19,27,44,15,13,44,37,3,8,41,16,16,31,23,20,42,2,38,45,16,48,5,38,21,3,1,32,46,4,33,31,14,40,34,33,49,10,0,13,45,23,45,11,45,39,49,17,10,33,28,47,14,7,3,30,40,27,10,22,21,27,36,47,14,24,2,45,5,33,43,6,13,45,19,31,20,11,8,38,9,47,27,38,43,9,4,48,0,19,34,17,49,42,38,27,24,46,14,27,35,25,23,10,28,36,6,18,24,38,32,22,25,18,23,23,32,12,43,12,25,25,16,20,48,10,26,35,27,45,48,10,40,27,41,16,28,7,35,12,19,31,32,35,41,19,38,7,36,19,22,42,46,0,35,44,39,17,48,34,40,2,13,2,43,41,12,41,15,2,2,9,23,36,5,48,47,26,42,3,48,36,40,17,24,49,11,37,46,1,21,14,35,40,22,26,47,12,11,4,18,6,20,32,49,14,16,47,48,7,39,13,12,18,11,25,46,47,46,3,31,37,34,9,33,23,38,7,2,46,26,46,30,23,1,6,46,30,45,4,34,44,13,13,39,45,7,11,8,49,8,10,35,41,49,5,15,17,21,32,34,20,16,24,29,26,24,35,18,34,48,20,21,31,6,7,8,46,25,49,6,37,22,41,39,38,6,30,23,49,18,41,28,24,29,22,42,24,8,20,27,10,26,22,40,11,37,28,22,2,8,41,3,33,43,37,8,12,31,16,38,43,39,32,29,8,19,31,29,39,21,13,15,33,30,4,26,7,43,35,16,5,22,33,15,19,33,37,20,43,28,22,35,4,33,6,47,13,2,23,35,11,34,47,16,26,39,28,36,39,20,45,23,24,23,40,1,1,48,26,20,16,31,17,6,28,10,15,19,17,39,34,29,8,17,47,30,35,4,9,29,30,8,13,12,27,11,42,0,26,42,45,41,23,27,25,18,40,14,30,24,0,1,45,47,28,3,45,37,44,46,0,31,19,38,4,11,45,18,15,12,39,42,20,38,34,49,22,15,31,4,42,1,40,48,12,39,24,30,28,1,12,25,6,19,0,22,3,38,9,29,40,9,6,31,1,30,32,18,28,35,20,13,35,42,5,42,9,23,33,5,22,7,13,18,0,6,42,19,32,10,31,34,2,47,38,16,24,11,11,22,8,43,36,8,48,43,39,27,17,47,47,34,2,40,44,17,14,10,41,21,11,37,1,44,44,16,8,48,47,41,20,1,47,12,28,10,24,39,8,17,21,37,29,17,43,42,0,21,5,14,36,3,34,18,9,44,23,17,6,12,29,17,28,37,49,4,36,7,1,6,15,15,14,4,38,11,36,33,26,9,36,18,0,45,25,35,30,26,13,31,44,4,13,10,9,39,32,36,16,45,40,36,9,20,26,24,37,12,13,41,31,42,21,41,27,25,31,40,5,25,14,25,39,49,9,4,48,28,41,23,23,21,17,16,3,38,33,48,43,3,17,23,0,37,46,36,14,29,44,49,4,29]"
ta69,1616,"[1,0,1,2,1,3,1,2,2,2,3,3,3,1,0,2,0,1,3,1,3,2,1,0,2,0,3,0,2,0,2,1,2,2,1,0,2,3,1,3,0,1,3,3,0,3,3,0,1,2]","[1,18,45,23,34,22,13,28,21,14,28,43,9,25,36,19,29,13,22,47,29,32,46,12,17,25,11,7,15,14,4,35,19,34,38,38,28,39,32,39,0,21,46,40,35,43,8,9,44,20,8,27,48,4,10,18,21,14,35,17,31,22,26,45,7,17,17,44,39,0,23,14,16,27,27,46,38,31,6,32,25,8,17,34,22,4,40,45,11,36,1,41,42,26,33,16,9,37,17,18,33,7,24,14,46,7,30,36,31,26,27,41,22,16,29,47,3,13,24,37,36,46,30,40,8,5,45,8,32,17,1,28,37,5,30,28,17,27,3,34,13,0,38,32,2,28,32,14,37,20,20,14,18,5,30,11,24,8,22,20,18,33,4,11,49,4,13,25,8,45,14,15,45,29,5,37,10,16,3,49,21,25,22,43,6,23,10,15,36,29,15,19,43,1,45,46,34,7,43,37,6,19,16,17,14,41,30,5,33,4,6,29,48,20,38,26,40,22,39,16,46,7,39,29,2,1,44,4,36,0,23,18,1,30,6,16,49,3,29,31,30,27,5,15,49,9,2,35,11,19,8,4,49,43,36,44,11,10,1,26,4,2,19,4,39,28,23,8,1,35,24,26,14,3,40,6,12,33,6,49,22,12,11,46,38,46,30,26,16,30,12,2,24,23,39,1,37,25,49,6,46,43,40,34,15,16,14,15,12,11,43,27,1,10,21,2,27,4,22,32,1,49,4,2,39,44,43,18,8,47,29,33,18,16,23,26,1,49,33,43,18,16,45,19,41,9,32,3,31,26,8,28,40,42,8,38,45,3,47,10,16,28,43,17,36,34,38,25,31,44,33,12,38,39,5,31,31,9,20,28,11,25,42,35,30,27,49,10,10,5,48,24,15,37,41,44,35,7,44,13,30,30,28,13,48,31,39,22,21,22,6,47,33,0,33,45,48,12,34,36,36,27,45,18,24,0,15,47,48,15,47,3,13,10,23,10,22,25,26,24,30,27,41,7,6,34,17,30,7,12,38,29,37,35,29,15,17,20,45,36,8,23,2,24,11,38,8,32,42,9,41,41,7,37,46,30,18,37,39,28,30,3,11,47,32,42,13,5,11,0,42,19,12,3,32,18,28,5,9,40,21,39,2,34,48,17,23,0,38,16,2,21,21,28,37,19,20,40,22,42,49,27,19,2,15,0,5,3,29,38,42,5,11,11,45,33,21,2,28,48,47,40,25,32,25,21,26,30,46,1,13,27,39,18,41,46,9,10,35,31,4,5,38,2,42,24,8,48,13,2,30,34,10,4,19,25,0,33,41,20,41,25,42,32,21,41,14,37,15,22,9,44,3,48,3,35,12,24,43,24,24,39,4,15,14,15,0,10,48,12,23,41,40,10,31,33,33,41,12,6,47,46,11,7,31,42,33,5,14,35,29,20,41,3,26,44,37,15,48,39,31,9,3,32,13,44,12,49,28,2,2,34,10,1,17,42,34,0,25,49,37,21,25,30,6,37,43,49,23,7,27,31,16,12,5,2,16,33,22,49,5,43,7,11,6,6,5,16,46,10,12,10,35,22,35,14,23,28,2,34,26,27,44,43,9,12,20,26,13,11,19,10,13,40,19,24,28,45,48,48,35,38,14,49,5,40,23,17,6,43,38,20,20,18,34,29,13,15,36,4,4,17,1,1,48,47,36,32,3,10,44,42,47,22,44,8,47,17,37,9,14,34,29,26,2,45,25,19,15,48,17,25,23,7,7,46,0,27,9,31,45,0,20,9,36,25,28,27,47,21,14,42,6,36,13,45,16,27,25,0,39,0,47,43,8,47,3,0,24,36,3,46,46,44,38,15,45,49,4,18,21,44,6,14,31,42,32,9,2,29,24,46,12,31,23,42,47,9,19,12,19,24,26,35,41,40,16,14,28,40,35,5,38,35,49,40,20,20,33,44,24,12,19,7,13,26,11,12,39,16,20,15,49,1,22,3,27,7,20,8,13,43,43,23,21,34,6,19,41,9,32,48,6,21,18,32,5,39,44,17,23,26,6,0,7,25,47,42,39,37,36,3,18,32,47,22,45,29,43,0,38,48,19,20,30,31,24,38,41,4,42,29,44,23,13,36,29,8,19,34,18,10,41,40,48,13,40,47,21,36,34,45,11,7,21,23,26,29,46,42,37,18,40,37,26,44,1,33,1,32,31,31,41,1,33,33,34,18,49,40,16,35,21,0,35,24,35,9,11,27,17,39,4,36,42,7,48,8,9,20]"
ta70,1620,"[0,2,1,1,3,3,2,0,3,2,2,3,1,1,2,3,1,0,2,3,1,0,0,0,2,3,1,1,2,1,2,0,3,2,3,3,3,2,1,0,2,2,3,0,1,1,3,3,2,0]","[46,22,14,48,29,27,30,34,4,23,38,26,35,33,27,18,21,49,27,5,25,9,25,5,25,28,19,20,14,16,6,21,44,40,21,36,12,4,14,20,32,49,26,12,49,3,47,45,30,15,9,38,6,14,5,10,7,28,12,10,26,0,28,38,31,19,20,48,0,8,44,32,32,45,16,37,20,49,6,25,2,27,26,13,42,0,40,24,22,27,23,17,44,43,30,43,45,12,11,23,46,6,13,14,41,35,49,3,3,23,1,27,14,48,37,17,10,3,49,20,24,48,26,31,1,24,8,23,30,6,6,43,10,2,33,10,40,44,15,46,11,26,4,44,12,25,30,38,33,17,10,23,1,41,8,38,38,38,40,34,39,19,1,17,6,45,28,6,29,4,25,28,16,43,31,20,44,44,45,23,19,35,0,0,22,0,37,16,42,37,1,13,37,8,13,17,8,44,12,20,37,26,24,12,31,40,46,41,16,12,12,48,26,32,39,44,37,10,48,11,33,17,21,36,2,42,45,16,1,24,46,23,15,18,41,6,20,34,13,13,48,22,10,47,45,8,15,9,5,7,5,43,43,1,14,27,17,16,12,29,18,40,45,16,22,30,14,6,29,22,19,32,42,34,43,39,20,27,41,32,3,31,18,6,14,49,6,35,45,24,29,16,11,36,2,13,2,45,42,20,40,41,33,43,39,41,29,10,30,41,47,8,5,1,5,39,15,42,11,15,9,26,42,23,32,40,31,18,19,47,43,43,41,22,10,3,48,13,33,39,48,3,24,3,10,44,24,10,42,34,26,2,15,28,34,34,16,19,4,8,26,13,46,42,25,26,41,7,46,22,32,38,7,33,12,15,28,22,35,3,16,3,12,14,22,47,11,46,10,41,28,6,24,8,33,36,4,19,14,30,44,41,0,39,42,43,6,15,11,5,44,46,39,22,30,47,2,47,25,15,41,28,28,39,41,24,35,4,4,43,1,36,49,11,41,18,25,34,49,36,7,32,37,31,33,9,46,42,10,45,47,17,46,3,14,45,36,20,4,14,27,49,45,35,17,44,46,30,1,38,5,27,7,31,8,15,40,0,6,28,13,34,5,7,36,40,2,16,35,37,19,4,25,35,25,44,45,38,21,44,34,37,35,38,30,11,21,30,47,16,11,37,34,34,8,47,12,17,18,25,31,42,43,27,41,4,9,49,22,11,44,13,9,32,10,24,16,18,13,47,9,29,22,7,7,32,41,0,2,5,25,17,42,2,4,3,29,14,0,18,39,18,24,18,47,38,16,32,25,33,32,2,35,31,27,46,19,1,11,0,20,8,5,28,19,18,26,45,7,24,33,36,8,23,13,45,4,9,11,6,2,40,2,39,25,29,5,40,8,10,7,47,27,23,8,36,5,33,43,37,25,36,12,39,35,29,28,17,49,19,35,14,29,0,4,36,0,18,36,23,27,26,48,49,28,9,37,8,18,19,16,36,34,46,15,33,40,27,39,6,47,19,15,26,35,33,9,28,12,1,24,12,18,14,27,10,36,3,7,0,0,21,11,29,47,4,13,20,44,20,44,35,19,2,48,7,30,3,28,19,16,40,23,25,15,19,11,11,20,21,47,11,48,29,21,42,3,29,21,43,30,35,11,22,19,38,47,36,33,35,3,5,39,49,22,17,27,21,27,9,0,18,0,38,9,0,48,48,4,48,34,34,9,42,39,15,3,13,38,47,4,46,23,49,1,13,32,40,24,2,28,36,4,26,16,30,14,48,3,14,40,2,43,31,13,23,11,15,33,18,18,6,36,28,48,38,33,41,10,37,15,31,31,21,21,10,45,31,43,27,15,1,33,31,43,48,37,32,29,3,8,26,26,46,22,30,23,1,17,21,39,39,17,14,41,30,3,7,35,30,7,31,16,7,9,35,48,38,21,40,39,21,40,17,37,32,17,1,17,37,8,46,32,29,4,41,30,28,33,32,48,24,9,21,43,42,1,24,2,49,42,12,9,25,34,29,43,40,23,38,12,27,49,36,46,45,5,5,5,12,23,4,24,31,6,21,20,28,29,17,20,15,21,0,38,7,42,1,24,19,37,12,47,6,16,37,20,34,7,44,32,17,22,1,46,22,31,45,25,46,23,13,30,44,14,31,5,34,47,5,49,42,22,31,9,34,11,37,10,24,0,21,18,32,49,9,2,45,7,29,20,22,25,35,8,20,15,13,39,23,8,2,38,1,39,13,36,7,29,42,26,18,33,2,40,9,49,34,26,19]"
ta71,2239,"[2,0,0,2,3,2,3,3,1,0,0,2,1,0,0,3,1,1,2,1,0,0,3,0,2,0,0,2,3,1,2,0,3,1,3,0,1,3,1,2,2,3,3,2,1,0,3,0,2,0,2,1,1,2,2,1,1,1,1,1,0,1,2,3,0,3,0,3,0,3,2,2,3,3,3,2,1,2,3,1,3,0,1,2,2,0,1,0,3,2,3,0,1,1,1,3,3,3,0,0]","[14,13,31,57,4,13,11,71,41,37,89,94,26,48,59,37,5,58,70,26,6,1,18,73,27,58,66,8,87,70,24,84,64,43,7,49,45,7,50,95,62,71,77,34,93,72,3,37,45,53,44,1,49,25,50,82,51,2,69,76,27,47,20,57,28,22,68,48,38,4,72,29,77,80,61,7,62,8,5,43,99,26,43,34,51,86,93,13,85,93,73,27,45,59,83,99,17,35,41,13,67,42,9,27,69,56,33,68,81,10,83,15,92,65,16,66,25,17,38,20,35,76,34,46,1,96,47,23,93,83,53,28,37,57,24,32,19,74,72,0,97,86,80,44,59,24,72,46,79,97,99,31,78,93,96,48,3,8,1,72,11,43,81,36,31,12,28,8,30,79,67,20,19,51,30,57,57,77,2,89,30,31,69,80,79,66,58,74,66,62,93,37,52,44,44,97,54,7,69,61,20,74,0,70,47,94,15,88,34,60,28,84,81,11,95,17,5,15,64,6,43,65,74,87,74,23,71,19,83,82,12,82,70,47,85,80,50,45,75,65,8,37,69,13,65,38,90,76,26,56,68,58,9,43,4,44,13,13,76,7,26,15,68,62,31,57,91,46,86,90,90,96,10,76,89,29,72,22,72,77,93,50,31,63,42,29,76,4,62,16,75,75,11,5,94,83,50,71,72,94,59,71,35,76,25,2,78,80,51,67,99,74,91,95,48,66,73,34,33,6,50,59,35,82,62,94,39,19,53,21,8,22,70,70,54,19,59,51,88,96,4,40,48,89,82,42,35,10,85,32,11,48,77,20,5,58,77,98,31,4,13,46,53,91,23,55,36,59,70,45,50,77,97,6,94,69,1,27,71,75,62,93,83,68,18,27,32,43,85,28,88,45,37,40,13,76,9,15,14,46,55,53,41,92,88,55,37,21,18,94,99,3,97,29,83,54,55,29,67,4,76,55,99,11,68,61,80,35,79,46,18,77,74,70,64,5,27,5,39,58,36,1,69,25,90,47,36,65,91,26,92,41,38,6,58,12,45,28,37,46,29,10,8,92,83,56,91,46,59,52,46,73,56,59,29,7,82,33,32,54,70,93,29,3,43,75,19,39,78,75,0,28,91,23,64,34,78,91,80,0,34,21,32,83,2,9,14,2,90,10,82,32,71,45,76,21,98,16,56,96,78,77,88,90,50,69,57,63,32,2,94,75,38,89,29,21,74,76,79,48,9,23,25,33,89,10,81,9,60,50,78,6,91,80,44,13,89,55,86,54,70,53,16,0,24,99,98,48,22,77,72,38,39,16,91,16,11,73,44,79,14,11,96,28,40,58,3,63,3,93,8,86,12,0,30,3,22,68,64,41,66,57,37,16,62,31,40,99,46,18,5,53,94,23,47,31,81,54,61,84,75,25,20,99,99,92,82,19,24,19,29,2,53,68,37,42,56,10,56,53,73,31,81,20,53,91,72,85,89,64,63,56,50,47,48,44,91,28,69,49,89,26,92,3,36,1,60,25,15,39,99,89,28,4,48,71,14,73,27,12,52,32,95,85,9,34,24,23,49,28,82,80,76,76,33,33,58,49,30,97,78,88,28,84,52,84,18,6,69,73,58,36,90,60,16,58,51,38,2,69,73,18,18,42,78,3,65,65,71,29,10,54,30,95,25,94,19,62,10,88,72,39,27,70,8,96,96,15,2,89,5,55,9,46,87,6,19,37,41,98,78,9,24,36,80,65,0,64,19,13,70,87,14,87,85,91,60,36,65,8,1,16,60,7,4,40,43,49,39,98,42,0,60,98,79,8,47,81,28,27,66,23,14,30,74,72,49,11,40,6,87,53,46,9,88,90,86,17,74,27,54,14,41,6,25,57,96,56,36,69,34,90,49,17,31,50,52,12,35,44,67,88,18,9,93,98,43,81,98,64,9,92,86,86,60,12,33,16,55,13,15,97,34,51,45,66,40,7,40,58,7,98,37,42,35,64,88,26,81,24,44,23,70,97,24,35,81,80,65,14,49,81,97,58,97,25,60,4,2,26,22,58,35,5,3,20,13,61,39,1,61,55,62,42,40,92,59,73,35,3,60,68,71,71,85,45,32,79,77,64,91,11,88,22,49,52,75,41,97,25,4,85,60,8,73,67,98,72,99,96,62,70,52,21,61,85,46,92,15,56,76,38,38,46,17,30,24,57,76,29,56,29,34,0,39,87,79,22,91,71,7,57,26,4,70,46,99,57,22,77,91,94,62,84,40,74,20,98,86,67,8,90,41,11,21,80,80,61,14,35,64,42,13,95,43,5,74,92,99,78,92,56,95,68,12,68,95,16,84,84,42,5,3,4,50,79,82,84,7,65,55,23,30,59,33,33,44,91,63,59,23,81,26,53,59,95,7,3,71,29,84,8,51,66,56,53,30,62,14,42,81,78,88,31,26,37,96,47,3,31,62,51,80,61,36,69,70,49,98,0,22,28,52,37,19,21,31,93,68,79,51,57,87,68,44,10,0,87,0,30,64,32,20,21,9,61,97,87,97,70,17,67,88,92,63,25,53,75,47,12,72,39,36,80,21,1,35,77,3,78,75,66,25,19,12,55,84,59,33,58,87,10,95,79,52,9,77,33,47,95,16,59,30,89,52,32,39,21,25,83,67,14,59,56,47,84,2,63,50,26,26,49,54,10,87,92,38,90,56,38,93,19,38,96,63,12,66,99,75,42,98,72,0,54,85,10,62,10,29,98,67,72,24,86,17,12,21,48,14,87,1,63,91,67,50,19,23,54,13,5,88,66,27,40,15,34,75,55,40,17,30,51,34,38,30,49,66,20,14,36,1,97,24,92,28,40,87,14,18,15,11,24,11,29,16,52,32,4,33,17,6,99,51,45,45,95,28,66,11,5,15,54,27,73,33,15,76,22,53,65,51,34,34,4,25,32,8,37,25,50,65,0,45,93,2,94,75,19,54,3,84,95,73,5,92,63,21,68,75,94,35,45,19,82,17,49,17,74,86,4,77,79,21,71,52,2,61,60,82,93,78,95,19,81,35,22,37,20,81,76,80,43,25,42,45,18,15,96,39,89,27,40,15,73,35,4,17,83,83,22,0,58,87,83,62,78,58,92,85,26,76,50,36,84,1,77,85,33,18,89,74,20,41,15,54,64,76,46,94,58,64,27,52,78,59,8,30,86,3,83,96,5,58,90,38,33,40,16,39,57,9,11,29,63,58,67,34,32,82,10,52,48,30,41,26,97,48,51,44,86,8,6,0,41,21,7,22,90,88,90,52,39,54,81,54,49,32,28,78,89,31,49,53,62,79,95,67,22,22,13,17,65,9,7,63,92,67,8,7,48,8,30,79,0,56,92,23,73,75,42,25,12,88,60,39,48,86,43,98,20,17,35,20,95,44,42,74,10,0,73,92,22,33,71,64,71,63,96,95,20,63,84,32,61,92,41,31,47,83,44,9,77,17,68,15,18,82,35,26,12,20,59,89,85,96,65,72,46,71,99,43,50,47,43,24,57,96,5,40,16,51,97,82,55,60,80,78,28,16,2,89,23,44,88,66,23,74,84,14,37,94,3,4,48,33,39,86,65,86,60,82,24,53,85,84,3,6,57,61,99,38,33,63,13,60,65,36,43,98,26,14,71,50,2,53,38,71,75,83,41,45,40,9,93,16,84,18,26,98,8,48,53,10,77,56,40,88,60,87,30,72,16,45,65,7,85,81,80,41,27,10,14,32,11,36,21,55,60,23,90,83,24,51,61,41,33,91,97,67,81,7,75,31,69,56,85,54,52,18,64,11,98,72,46,93,70,89,6,23,29,42,46,79,66,90,32,80,42,72,38,70,39,13,89,36,2,49,75,2,68,34,0,18,69,54,43,56,22,5,74,36,1,74,5,90,54,79,43,73,21,93,83,38,93,68,87,13,84,16,28,78,75,67,13,7,59,78,94,99,64,21,27,52,68,1,21,47,79,30,99,82,90,15,45,26,38,60,93,41,79,17,28,94,68,7,40,18,27,9,18,36,27,6,24,87,11,18,38,41,24,44,61,2,41,17,66,48,4,6,20,12,98,64,32,95,49,61,12,96,78,83,55,62,31,34,39,14,57,16,11,94,84,55,66,64,71,95,24,95,27,32,20,61,94,44,19,39,12,30,51,3,62,33,86,63,17,2,43,52,90,36,23,67,85,98,86,1,87,81,47,56,74,19,7,86,55,31,82,55,90,1,6,77,68,69,1,10,80,1,79,73,66,65,97,48,96,54,47,21,88,48,44,61,74,51,67,10,40,63,25,63,12,2,52,63,97,67,67,34,57,47,89,22,69,82,12,88,83,11,23,34,81,82,29,52,91,37,35,22,51,47,69,53,18,12,55,49,70,49,17,76,45,55,42,43,5,25,57,85,4,41,20,51,29,61,15,47,86,96,61,0,6,9,6,44,97,45,31,65,24,73,64,14,91,57,60,69,37,46,36,87,15,23,39,59,50,66,6,42,63,50,35,1,73,85,94,77,69,62,42]"
ta72,2207,"[3,2,3,2,0,2,0,3,0,2,0,1,3,0,1,1,0,3,2,3,1,0,1,1,0,2,1,3,3,3,2,1,0,3,3,1,0,1,2,3,0,1,2,2,0,1,0,2,1,0,3,0,3,1,1,0,1,2,2,1,0,3,3,1,1,2,2,2,2,1,2,0,3,0,3,1,0,1,3,3,3,0,3,0,1,0,2,2,3,2,2,0,1,0,3,0,2,2,0,2]","[81,36,3,94,91,27,75,46,25,46,74,91,74,86,8,60,34,45,46,30,82,81,75,52,35,50,24,27,87,60,58,68,84,91,37,32,30,51,91,0,99,95,70,35,63,52,8,0,96,57,82,13,42,1,55,22,55,98,37,47,34,36,22,53,22,23,29,71,64,69,96,39,52,48,52,17,4,36,59,97,98,43,25,58,57,88,93,38,84,74,53,13,37,39,21,59,98,33,78,99,87,12,93,5,32,92,95,73,25,70,77,60,51,58,77,48,21,96,84,20,41,54,12,71,72,18,49,51,24,15,54,88,64,14,17,65,90,34,56,8,26,40,67,62,87,94,76,58,56,27,35,80,78,19,73,79,71,92,79,58,42,18,63,62,91,72,70,67,1,85,32,22,12,74,52,82,71,70,51,91,44,75,1,94,94,26,29,2,90,40,89,90,27,6,38,49,96,73,33,7,1,78,56,86,20,1,2,23,64,80,44,66,56,78,80,75,21,95,15,49,14,86,60,61,69,34,9,67,57,3,39,69,12,65,13,70,7,91,73,98,84,83,76,81,72,88,27,45,0,72,14,32,46,89,39,65,93,9,31,30,14,15,11,36,41,35,83,89,69,57,74,63,28,4,39,17,21,93,71,42,54,57,14,91,47,94,45,98,90,91,41,84,49,11,59,87,27,12,44,61,44,85,45,30,43,10,90,5,64,96,94,27,79,25,88,43,87,28,9,21,86,95,30,1,2,87,44,78,22,13,10,72,3,46,65,82,29,36,4,8,94,81,25,91,23,94,23,7,85,68,12,6,51,84,15,14,79,49,15,23,47,96,21,9,2,60,47,84,17,29,24,83,9,54,3,18,59,81,76,6,72,36,31,65,3,66,12,73,16,92,33,90,69,25,98,72,75,85,93,89,4,97,11,41,37,17,36,81,68,12,84,30,59,37,50,23,27,12,23,82,99,25,60,76,71,42,3,45,59,9,36,31,50,31,12,76,23,79,6,10,32,25,24,58,33,30,89,57,13,24,67,59,27,25,29,9,82,31,66,46,10,43,2,96,91,53,68,46,20,86,32,86,65,2,33,46,63,92,80,32,49,92,83,14,25,26,63,98,97,2,79,83,46,55,6,79,15,74,37,88,15,6,69,94,85,19,34,76,87,26,45,30,15,23,44,47,1,18,94,58,25,96,86,87,58,48,42,62,64,17,62,70,17,42,65,91,94,2,42,12,67,13,55,66,36,14,65,78,33,35,85,7,53,44,82,99,39,20,23,83,47,93,33,52,13,46,18,16,19,41,53,82,50,89,85,25,4,88,35,53,59,17,57,93,31,5,0,81,24,1,4,51,69,20,19,20,54,83,10,9,93,44,73,99,26,11,32,80,81,94,49,43,88,70,59,23,15,55,11,3,33,12,62,61,38,3,91,58,1,36,98,41,29,41,26,79,97,58,9,19,84,69,52,93,55,26,32,74,0,12,78,20,48,44,7,41,87,96,17,73,74,74,96,89,59,94,10,65,71,62,48,63,94,41,31,20,0,35,72,91,20,60,52,67,66,75,88,5,35,60,20,53,7,76,38,16,99,75,8,3,16,29,4,97,50,13,49,17,87,34,92,76,99,9,79,36,8,11,38,15,92,13,31,11,83,85,48,93,86,63,50,90,8,72,26,29,88,76,36,99,58,50,22,28,89,43,25,11,41,59,92,53,6,0,41,55,42,87,47,56,18,1,35,86,99,88,40,21,65,97,59,64,59,91,2,21,17,32,48,98,6,17,53,78,2,26,10,75,59,41,23,27,65,29,56,36,11,29,77,56,16,83,92,56,82,57,64,23,32,17,92,54,88,17,6,97,8,35,87,61,15,39,88,60,71,72,33,48,31,95,69,0,12,50,78,37,90,90,22,21,79,28,68,53,22,30,78,18,73,42,45,2,67,16,95,32,7,43,25,44,86,80,51,67,10,80,54,81,48,56,73,80,24,95,36,38,56,31,93,33,43,95,81,99,25,77,80,47,98,44,5,56,13,51,77,62,78,83,45,27,96,36,24,88,49,30,0,68,83,5,20,39,93,88,47,4,24,28,67,89,61,13,11,65,52,68,88,18,63,38,40,19,54,95,50,61,89,19,64,64,60,37,29,27,38,14,68,62,72,58,77,74,71,12,81,57,41,43,39,73,31,50,48,70,33,79,4,66,16,39,25,9,14,29,98,71,71,14,8,21,59,17,80,49,3,67,87,78,76,4,62,8,65,79,85,14,5,40,37,65,47,68,49,55,40,14,98,90,84,67,18,68,91,34,39,45,46,57,77,59,48,34,78,63,95,66,4,43,24,85,79,18,14,79,51,63,51,54,61,3,59,5,47,28,40,51,43,40,63,89,28,52,52,20,28,73,20,20,40,47,51,30,83,8,24,82,16,80,61,70,64,95,51,18,13,9,77,26,71,93,49,0,34,16,31,56,39,98,65,76,19,93,36,44,83,79,69,89,66,37,41,37,30,83,92,52,52,33,68,95,60,0,80,92,44,70,81,47,19,2,81,1,70,20,94,28,96,29,15,80,57,61,75,19,6,66,25,28,62,61,10,36,19,5,66,3,2,50,2,40,34,92,63,72,35,8,89,94,89,52,56,6,32,50,60,55,61,77,54,15,91,30,99,68,73,71,78,26,68,53,32,83,82,31,48,22,22,71,76,88,55,75,51,13,81,60,39,21,57,74,34,66,38,92,63,49,67,3,43,23,74,47,0,5,10,52,50,44,31,79,52,46,21,29,22,78,27,62,30,80,2,69,60,74,90,34,78,17,47,4,29,20,48,18,22,4,84,72,34,86,99,55,14,0,79,64,89,18,32,85,98,71,72,0,14,15,87,32,24,62,62,27,9,50,73,96,49,75,69,8,7,19,9,33,34,31,39,27,54,78,96,70,46,66,8,35,46,20,47,42,85,18,45,77,10,54,68,16,34,49,26,4,42,40,7,67,2,55,99,11,75,64,5,62,32,72,22,58,31,81,58,85,43,64,46,82,60,52,62,26,97,18,65,80,1,66,55,67,12,80,80,28,49,57,45,74,38,80,18,39,1,61,97,37,43,94,22,53,29,8,91,77,75,30,49,11,96,82,59,36,14,11,19,29,53,97,63,83,67,26,3,28,0,64,81,1,42,93,68,60,57,15,50,19,28,42,79,58,90,9,71,97,38,6,77,92,56,55,12,56,7,45,68,54,32,42,99,21,94,4,85,87,10,6,47,8,40,58,61,53,54,12,70,88,88,40,68,97,91,42,53,6,7,42,84,41,96,14,64,69,90,7,22,13,73,49,43,31,95,8,77,57,24,31,4,62,6,1,10,93,69,52,82,35,41,11,10,12,4,14,64,71,90,47,85,50,33,33,11,40,24,6,73,45,16,81,51,45,79,35,5,43,34,53,54,39,75,37,74,16,2,63,88,40,38,70,29,77,86,50,59,56,83,9,16,3,63,77,74,67,38,64,21,51,74,63,10,47,41,56,26,1,4,44,14,63,39,95,46,86,73,33,85,49,29,87,92,1,61,13,78,27,94,74,74,28,39,90,90,37,82,6,38,69,24,3,86,38,73,52,90,95,65,55,37,70,46,57,30,5,76,53,66,18,19,5,99,71,0,40,92,95,66,34,65,40,54,76,59,81,19,26,60,77,30,52,87,7,13,60,75,41,53,38,60,64,94,11,55,40,73,81,86,97,10,15,23,68,97,43,53,66,21,64,44,51,95,5,6,1,70,76,19,58,66,77,67,55,21,19,99,33,57,20,80,66,77,42,13,35,98,48,43,0,66,84,72,97,43,55,3,6,61,22,72,90,99,44,33,50,30,24,48,46,80,16,44,41,39,34,42,44,35,4,0,54,96,18,78,68,2,1,82,98,15,72,22,27,95,96,82,51,3,7,26,17,92,83,98,55,19,20,36,84,96,11,98,31,97,7,73,57,55,96,54,37,76,45,61,22,15,99,9,56,70,87,29,71,49,86,40,61,42,77,72,44,89,86,10,3,77,48,11,45,51,75,85,5,69,62,32,88,33,21,48,7,89,85,97,16,27,42,13,25,48,84,86,30,69,85,5,24,92,15,25,83,34,10,57,5,61,99,32,43,85,93,7,16,16,5,12,64,21,71,83,11,89,31,45,10,50,28,67,39,70,50,84,23,97,35,51,93,38,93,62,73,38,18,82,93,58,99,38,17,62,68,65,62,36,23,28,87,9,95,26,69,76,98,0,24,97,28,90,90,86,86,69,82,84,22,48,23,60,3,74,34,37,24,67,66,81,35,9,70,63,23,98,87,54,61,79,8,23,89,56,16,61,45,65,18,4,95,26,25,38,13,7,8,8,28,16,47,27,7,21,76,58,72,16,19,2,11,75,15,27,82,6,46,75,70,84,84,20,63,76,92,22,10,53,67,91,57,28,56,76,58,13,46,7,28,21,41,97,24,9,26,84,17,5,0,2,17,54,45,35,89,37,37,30,75,37,69,48,78,1,75,40,45,35,33]"
ta73,2255,"[1,2,3,1,0,3,0,3,2,2,0,3,0,2,1,3,1,3,1,0,0,3,3,3,3,1,0,1,0,2,2,3,2,0,2,2,0,2,3,2,1,3,3,1,2,1,1,1,2,1,0,0,2,1,0,0,0,0,1,0,1,2,2,2,0,3,3,2,1,3,1,1,2,0,1,2,2,3,0,3,3,0,1,3,0,1,3,0,3,3,1,1,3,1,0,0,2,1,2,0]","[33,88,97,24,47,93,29,8,95,87,82,50,86,51,70,9,54,24,60,16,57,21,11,80,42,31,4,52,72,6,83,72,27,62,64,10,84,15,63,3,97,30,82,51,1,20,13,37,26,17,92,81,75,1,36,71,80,99,21,63,67,55,67,19,62,93,67,12,33,61,77,16,30,43,32,82,42,81,54,57,55,4,78,51,55,89,8,97,39,75,78,24,47,62,17,7,93,98,27,46,37,19,94,9,28,60,31,45,36,98,53,77,55,34,58,29,42,12,65,52,3,26,94,68,65,16,81,71,20,54,15,55,68,29,23,30,44,19,12,78,64,54,96,87,23,71,36,53,58,16,45,13,50,71,75,85,31,15,56,66,86,49,48,57,69,62,1,74,50,98,92,97,48,78,74,22,21,85,64,92,60,61,2,62,44,14,22,53,40,95,84,53,80,50,58,29,11,42,89,40,45,9,31,87,18,80,63,67,27,55,60,36,28,99,42,84,3,56,95,13,14,54,89,84,86,16,91,19,3,66,79,48,72,42,23,52,29,60,13,32,93,50,90,72,37,17,49,6,21,46,29,21,8,2,37,43,95,77,12,54,29,55,32,2,11,4,65,0,10,0,31,89,92,65,35,4,46,73,21,59,66,13,69,12,85,17,88,59,38,37,86,64,22,91,74,13,34,17,90,49,58,96,30,14,77,64,34,97,61,67,39,60,93,94,59,56,20,43,73,79,54,27,90,89,93,27,18,22,97,94,13,43,17,0,38,15,70,96,71,77,74,0,1,46,62,68,37,32,87,86,27,37,26,63,66,30,79,84,56,81,39,33,30,38,41,33,55,38,1,10,90,43,25,52,70,8,80,23,4,45,43,28,93,67,68,71,89,98,82,12,8,87,67,28,84,34,9,27,40,80,10,95,11,69,79,85,42,92,80,3,46,76,58,43,4,99,86,73,64,92,58,58,44,8,15,40,5,64,11,54,21,64,83,57,70,7,80,2,91,13,38,31,4,60,14,87,73,98,2,7,47,18,23,97,1,14,40,97,84,54,56,98,90,29,45,62,49,44,22,41,24,83,13,70,42,44,50,46,85,6,38,77,92,17,88,58,12,57,25,2,56,27,69,97,86,16,60,93,74,43,15,52,29,95,80,38,21,73,98,89,69,28,5,82,15,64,5,94,78,72,48,58,32,18,84,54,76,10,23,84,30,8,65,83,10,20,76,57,59,90,94,83,6,0,45,62,41,33,20,1,48,75,38,30,58,46,26,50,16,31,21,54,16,22,52,19,56,61,88,64,40,81,9,35,18,45,18,27,2,0,86,64,9,55,46,77,92,75,48,38,69,4,4,74,33,97,32,35,1,38,79,4,26,82,74,36,23,59,5,49,47,37,22,89,24,41,22,44,87,27,92,98,25,14,88,74,45,56,84,78,47,76,3,5,18,35,72,15,35,50,50,5,27,32,32,92,88,96,9,36,52,33,62,85,24,47,69,69,62,65,87,12,56,58,94,23,69,59,85,21,56,83,64,91,35,68,56,5,34,52,18,24,67,40,94,94,88,78,36,4,17,82,19,20,22,87,62,78,53,33,90,15,29,20,6,3,76,84,39,32,88,45,70,30,28,0,60,15,5,80,71,99,63,15,59,35,21,16,66,1,25,6,74,5,99,49,96,89,16,22,31,12,18,85,23,20,60,39,7,50,93,52,49,86,66,42,86,37,3,32,66,42,37,87,70,81,97,33,82,18,51,89,97,96,48,28,40,49,19,31,11,19,52,61,54,34,32,50,91,28,20,48,27,11,46,58,4,68,75,56,37,46,99,13,87,68,75,5,88,56,90,67,87,47,46,70,95,63,11,57,3,80,77,82,80,76,91,67,40,79,63,4,74,76,91,43,36,19,59,90,55,48,40,8,93,10,91,71,99,88,88,52,39,44,98,81,53,35,51,18,94,66,77,24,58,72,88,14,89,16,22,64,71,68,59,90,70,7,41,22,17,29,68,53,75,94,12,90,73,76,6,80,43,60,35,70,20,14,3,81,58,99,97,89,39,26,72,12,16,93,72,31,1,96,0,9,91,25,70,80,23,71,19,30,72,44,66,66,42,26,94,85,99,52,77,25,13,70,49,92,24,52,76,27,19,34,9,25,9,23,65,18,79,82,2,48,49,91,56,37,19,64,25,93,37,99,83,17,47,82,92,65,39,11,17,71,1,38,12,8,77,14,89,6,89,63,26,32,38,57,15,68,5,18,33,57,81,99,8,20,76,9,48,53,14,42,18,72,10,47,30,0,81,14,71,86,60,66,70,98,13,56,51,47,16,1,42,68,55,32,61,84,95,84,31,43,78,33,72,48,41,78,48,40,65,94,4,59,80,69,61,79,65,24,36,25,41,50,15,83,36,96,18,37,8,36,46,7,57,30,57,4,98,10,68,87,76,36,69,94,85,2,28,30,80,59,85,75,19,89,34,27,74,7,46,16,2,47,1,79,84,10,18,73,49,1,42,90,0,47,26,79,41,84,2,73,5,68,16,99,64,77,85,56,65,67,62,93,28,36,72,96,1,1,28,79,76,11,21,94,44,51,83,25,78,77,48,48,83,78,54,24,78,26,90,47,96,33,8,88,54,71,24,67,20,2,26,35,52,10,56,48,70,14,14,81,91,51,60,72,55,96,61,31,15,45,89,79,14,26,3,86,3,84,61,6,37,93,29,7,81,88,45,41,39,41,22,19,91,61,4,92,56,63,82,39,86,51,20,3,73,27,14,26,7,35,94,75,75,76,24,41,92,53,31,71,36,24,62,34,69,69,81,1,39,30,47,33,6,40,66,9,44,51,51,54,7,45,50,59,84,17,3,70,58,34,45,92,45,82,26,11,86,43,35,49,65,10,10,65,72,63,31,3,41,28,87,88,60,24,82,63,55,22,8,40,5,89,6,88,21,28,51,4,87,46,85,92,26,57,87,98,68,49,90,21,42,93,41,85,7,50,59,5,57,72,25,57,93,45,39,8,12,42,50,96,90,55,28,17,53,45,6,34,39,26,11,70,48,39,76,33,21,72,83,59,6,21,20,20,45,75,86,63,97,51,17,15,53,85,40,11,6,30,79,29,36,51,50,84,9,67,53,33,71,22,48,61,13,74,61,81,68,24,51,46,25,82,59,33,28,37,93,70,91,72,34,89,65,18,99,23,0,43,12,95,55,37,64,69,75,76,3,96,92,58,23,55,36,5,54,44,38,34,40,23,76,2,73,43,90,69,40,62,49,90,63,73,85,44,41,87,21,73,63,18,16,44,66,52,67,38,13,0,79,12,58,64,95,24,32,34,30,52,96,41,37,70,78,66,94,78,38,2,96,86,28,17,97,78,39,32,10,73,39,40,36,67,9,77,9,43,1,32,98,68,91,49,60,95,64,27,6,95,74,64,49,99,98,20,42,75,41,29,88,29,82,95,36,15,52,6,83,32,50,20,70,51,31,10,75,9,92,13,25,24,43,17,99,53,10,54,68,54,33,62,47,75,78,66,0,3,97,62,45,41,40,85,41,74,4,87,80,29,38,55,9,73,63,96,57,8,22,52,65,75,34,24,31,58,29,7,81,90,78,72,20,10,2,35,73,13,30,60,12,7,45,47,48,68,7,77,94,0,86,95,79,39,65,2,97,61,73,41,28,91,93,7,30,16,73,82,67,25,66,62,11,65,95,58,28,36,77,55,59,98,8,0,61,34,33,79,46,11,13,83,76,82,16,34,60,69,81,3,43,12,17,16,23,3,32,34,28,61,19,35,84,62,94,86,44,81,99,34,6,47,14,68,76,0,61,19,25,69,35,11,77,5,23,61,52,35,5,59,99,29,53,77,26,53,87,50,36,38,71,44,59,48,59,10,67,92,32,46,77,22,43,55,53,0,89,47,96,64,61,99,3,6,71,40,61,22,21,9,58,74,7,85,35,31,10,6,63,76,51,70,75,30,80,83,26,18,7,54,96,16,63,14,21,91,21,31,86,17,9,91,13,31,55,54,95,79,90,2,98,23,71,14,6,78,85,69,80,46,88,50,76,44,24,53,78,0,17,7,12,2,75,97,53,11,43,91,83,95,42,15,63,25,62,11,98,99,65,67,47,23,15,53,12,2,52,59,40,44,33,19,99,0,43,95,95,73,0,14,15,26,88,98,1,39,65,38,5,45,60,49,35,25,8,44,26,71,98,29,60,74,46,49,12,89,46,84,8,37,98,31,69,63,27,13,49,19,7,66,68,51,88,11,10,65,93,90,47,60,51,42,13,77,15,86,69,49,35,9,22,42,74,34,39,44,82,27,22,83,95,27,83,66,72,83,63,81,32,33,74,4,92,73,38,81,14,56,96,57,61,82,39,79,67,35,94,97,53,19,7,74,8,62,83,23,75,66,57,11,74,91,57,19,4,44,5,83,25,23,97,20,18,57,80,17,93,1,8,30,41,5,85,57,51,66,25,27,37,20,28,38,71,87,96,50,67,29,81,79,2,91,25,73,79,56]"
ta74,2231,"[0,0,0,2,3,0,0,3,3,2,2,1,3,0,3,1,3,0,1,0,3,1,2,2,2,2,1,0,3,2,0,1,3,0,1,1,0,2,0,0,1,3,1,2,2,3,0,1,1,1,3,3,0,3,2,2,0,0,0,0,2,0,2,2,1,3,2,1,2,3,3,1,3,2,3,2,0,2,2,2,1,3,2,1,3,1,1,1,1,2,3,3,3,3,1,0,1,1,2,1]","[91,25,43,72,68,66,3,85,74,61,67,86,3,33,35,67,53,82,70,23,65,39,21,10,22,12,11,48,21,64,36,86,90,74,17,38,88,76,4,83,84,42,90,34,58,12,89,90,1,3,30,93,48,37,82,19,30,15,0,65,12,20,43,87,72,95,19,45,96,36,19,28,9,6,22,47,37,25,17,80,17,58,10,80,26,12,68,1,19,82,15,56,41,84,53,96,56,47,14,89,22,99,94,96,6,31,76,98,55,41,51,97,90,7,7,10,94,46,67,57,26,91,61,49,62,72,20,33,9,19,11,23,38,92,0,79,69,83,40,53,26,23,3,31,94,58,43,73,3,80,94,86,70,64,90,75,72,70,59,38,59,18,30,89,29,88,88,34,36,1,93,66,74,22,40,37,35,99,24,59,9,9,69,50,24,58,1,80,90,35,20,49,75,4,98,75,80,44,14,31,28,43,99,69,64,59,67,13,91,36,70,14,57,40,90,46,52,61,40,28,55,28,13,87,20,85,1,21,84,33,81,68,74,89,24,72,30,90,45,4,2,81,1,6,14,24,88,71,29,49,10,67,11,46,57,56,0,11,43,60,12,21,81,5,21,50,96,59,43,19,74,27,30,47,11,4,91,18,80,34,61,97,13,79,11,86,65,2,10,21,82,16,18,26,7,62,21,5,29,29,89,80,44,64,87,85,27,25,38,51,27,83,47,28,56,42,77,70,1,53,33,85,59,0,43,53,0,6,39,67,20,70,54,49,20,93,29,2,23,73,17,45,4,53,51,80,79,66,76,26,51,22,76,90,50,12,54,48,87,54,21,27,97,56,14,23,39,76,81,32,33,75,67,94,52,83,82,16,37,41,46,38,23,40,91,51,69,40,1,25,5,39,86,54,57,51,96,10,95,9,10,91,73,13,78,71,65,50,54,69,10,86,65,27,81,60,66,27,92,60,83,80,60,34,58,38,34,75,0,84,22,12,27,36,32,28,96,17,26,93,2,10,15,78,51,24,82,55,64,47,52,84,20,61,61,50,21,93,82,16,55,95,6,66,9,27,67,15,56,19,62,98,98,81,78,20,20,71,31,4,75,46,31,34,3,67,64,27,77,32,18,79,53,4,68,31,43,75,84,50,3,52,72,35,17,25,81,74,82,3,45,94,34,33,9,23,54,12,35,45,10,41,92,59,44,48,99,25,76,95,59,54,18,10,77,26,35,58,40,50,46,64,97,48,98,69,2,38,91,12,76,45,0,2,80,19,57,87,60,1,10,50,48,55,42,13,82,63,77,5,98,16,2,86,47,97,80,52,56,49,32,48,40,38,16,90,78,45,70,38,6,16,52,95,26,7,63,87,71,33,6,75,16,71,78,40,65,16,5,62,74,13,22,99,59,10,5,41,6,61,99,61,83,51,88,34,10,74,61,55,50,80,62,61,52,93,95,8,85,35,28,58,88,95,64,87,79,18,95,62,61,19,87,73,4,24,45,25,12,95,5,95,51,29,94,72,41,17,70,51,57,23,58,44,98,9,45,9,99,42,14,91,34,77,50,96,76,26,39,7,42,80,20,81,6,36,47,84,88,68,23,93,31,31,75,6,34,96,39,91,66,36,44,95,13,94,55,39,22,35,94,73,12,16,9,97,53,54,49,74,6,77,2,67,40,35,49,52,70,75,28,99,37,83,11,35,49,78,19,46,92,4,8,8,6,83,8,99,78,52,54,96,56,57,84,45,8,13,7,51,62,15,8,2,86,36,88,64,27,94,53,99,33,69,25,18,31,49,82,52,31,3,65,27,69,96,69,0,18,58,51,9,6,76,44,42,72,33,29,28,28,2,71,41,32,69,60,15,47,50,97,35,63,20,91,7,29,88,1,2,77,39,28,98,24,40,54,18,4,47,56,13,13,18,20,12,93,33,62,63,24,88,7,70,62,33,8,73,99,58,42,0,89,8,35,43,30,17,85,21,98,94,29,89,55,95,56,23,81,41,96,22,3,78,16,77,98,75,85,37,94,18,19,67,96,73,13,53,87,99,2,43,28,90,22,13,23,14,78,17,0,78,8,14,83,48,78,63,92,57,95,28,37,16,22,73,19,74,95,61,48,91,79,90,83,63,29,1,32,44,89,92,15,46,60,6,55,71,26,54,34,39,91,98,24,34,31,42,24,63,72,36,74,13,41,89,72,89,11,5,74,35,69,6,3,83,47,59,67,89,53,66,38,31,2,82,8,49,79,12,63,20,21,14,33,86,81,68,97,11,12,25,44,17,20,39,17,92,29,92,41,25,79,0,6,32,83,67,20,50,70,9,43,65,92,4,90,96,30,68,46,87,87,8,16,66,82,88,70,85,72,70,19,3,34,54,11,61,92,63,5,41,44,5,76,13,91,57,51,7,81,60,33,77,55,31,84,84,31,64,51,84,3,30,92,46,22,64,66,11,71,1,7,58,43,2,9,68,0,85,89,63,72,81,68,81,88,73,59,76,9,79,35,8,4,94,53,16,12,75,40,34,75,59,66,95,36,28,80,64,47,47,20,47,90,90,29,37,69,72,79,55,76,41,54,71,59,91,27,1,56,29,79,98,15,4,92,24,63,41,40,16,15,38,24,77,7,65,89,47,99,38,18,88,45,63,33,31,50,80,24,39,32,12,68,84,95,27,34,11,68,62,56,46,65,28,97,9,65,92,99,49,25,58,30,7,10,77,54,24,0,22,85,30,38,62,59,17,87,12,79,85,76,73,46,10,58,23,30,23,57,19,75,8,20,86,1,25,36,98,97,96,51,93,96,59,42,61,47,78,39,62,49,83,98,50,14,45,54,7,61,42,80,62,32,4,45,10,94,95,15,12,60,8,21,21,38,0,64,44,36,88,77,71,43,42,76,82,24,43,98,93,60,90,23,59,39,75,21,38,16,13,20,5,60,18,34,98,65,28,53,88,42,7,81,6,0,39,94,35,66,16,15,85,26,60,81,48,71,91,4,70,3,36,36,93,66,55,37,31,39,92,66,69,5,68,5,59,31,22,10,89,97,79,3,44,49,24,25,34,60,16,21,7,97,86,88,85,71,17,22,25,35,54,8,39,0,96,62,23,71,43,40,67,4,77,82,36,93,86,26,17,86,22,82,63,50,90,4,41,8,34,49,72,14,17,79,45,96,97,71,73,38,19,15,60,53,44,70,94,70,23,98,96,27,98,87,7,85,35,91,26,17,58,58,40,78,61,99,97,74,76,36,53,32,25,66,92,88,72,37,36,79,75,70,80,14,82,44,52,71,2,83,33,93,44,51,14,48,52,66,21,62,21,19,84,6,79,95,1,86,66,90,65,93,32,68,17,77,61,97,19,24,41,27,68,63,93,56,32,11,22,15,72,60,48,25,26,93,3,28,66,97,64,52,37,50,13,94,64,81,65,75,14,57,74,85,83,66,80,42,5,58,23,50,49,78,70,87,67,14,66,30,72,78,48,56,56,34,19,72,56,48,5,18,67,86,27,18,8,32,38,47,64,65,26,57,86,45,29,85,40,66,60,42,33,21,97,50,52,98,79,57,28,56,41,39,22,37,40,57,33,98,90,73,74,40,71,87,67,50,64,92,88,27,46,11,75,13,80,84,32,68,80,16,37,8,4,32,86,20,58,7,24,15,1,52,0,14,17,94,57,46,67,11,27,95,55,81,9,97,14,79,43,87,42,94,77,4,84,25,86,95,61,15,73,4,26,55,52,45,49,65,42,10,76,11,93,33,6,18,22,96,40,55,3,7,67,26,92,36,78,64,30,5,54,16,87,1,12,27,84,92,49,13,2,91,46,32,49,52,54,89,84,69,83,84,45,70,30,8,46,76,43,23,36,65,30,51,87,78,15,47,84,20,11,1,15,37,43,73,23,51,15,63,85,1,82,63,83,72,44,63,63,7,18,68,33,90,48,86,99,57,89,24,14,78,93,44,32,38,61,18,77,17,37,25,81,5,9,28,47,93,69,86,97,82,69,49,65,57,34,5,32,38,58,55,54,21,21,26,52,42,78,62,54,69,11,67,91,5,3,2,29,30,71,6,53,51,9,32,92,83,92,2,52,31,35,28,32,74,59,23,71,82,45,11,43,0,79,65,22,35,72,79,46,74,53,60,94,30,30,55,37,81,37,97,65,14,56,44,73,59,48,74,53,62,14,91,31,18,99,13,96,2,39,37,74,91,99,24,1,69,58,85,49,11,57,77,57,33,46,7,13,25,89,19,47,89,68,47,3,17,38,48,18,46,31,84,87,77,41,62,5,74,81,0,64,69,99,63,29,53,56,9,82,83,29,36,88,73,75,42,19,37,51,60,63,43,73,15,29,46,55,62,69,26,42,50,93,44,58,76,76,25,73,59,16,8,29,39,68,73,0,48,53,44,30,45,39,64,60,27,85,76,75,29,71,68,89,44,42,56,41,10,26,57,85,71,62,41,35,45,89,77,83,30,41,9,52,48,40,99,60,88,77,3,73,78,87,55,68,55,15,61,12,37,70,2,48]"
ta75,2247,"[2,3,3,0,3,3,3,2,1,2,2,1,0,0,0,2,2,3,3,3,2,0,0,2,1,2,0,2,1,1,0,2,1,2,0,2,1,3,2,0,1,2,1,3,1,3,2,0,0,2,1,0,2,2,0,0,0,0,3,3,1,1,0,1,2,2,1,0,1,1,0,3,3,1,3,1,1,0,0,0,0,3,2,3,2,3,0,3,2,1,0,3,3,1,1,1,3,0,3,3]","[51,48,73,40,25,94,3,99,33,0,60,48,94,70,37,31,82,74,88,2,56,59,0,59,70,78,93,78,52,37,90,18,61,37,62,92,36,86,7,48,19,96,15,61,33,89,80,12,65,15,5,77,53,19,60,27,92,82,50,4,20,21,8,76,1,0,86,36,7,79,42,34,40,66,11,18,48,87,37,5,16,39,44,70,71,2,31,37,37,54,78,80,22,12,63,59,23,47,60,11,33,36,81,68,7,73,45,56,5,57,11,76,2,72,36,56,95,49,77,0,27,12,45,14,89,21,33,54,58,38,62,27,76,36,30,16,97,54,66,29,21,38,35,48,93,39,10,43,85,68,79,39,61,15,12,68,38,88,75,31,86,71,1,0,98,40,53,85,35,22,47,41,0,64,99,46,77,20,58,90,19,49,83,49,39,32,57,32,95,95,76,20,79,40,42,33,49,79,11,41,95,74,86,92,31,44,71,16,66,45,7,37,8,87,37,14,69,48,71,21,91,27,34,34,52,17,79,84,30,93,67,18,68,52,55,57,76,90,39,74,18,25,81,37,28,72,98,28,3,32,44,91,82,81,58,84,97,83,95,32,31,64,43,65,29,94,99,42,75,26,1,6,19,70,38,23,20,16,0,60,58,71,97,39,31,40,52,96,55,88,84,39,75,70,36,73,11,60,96,60,26,85,52,4,26,34,2,69,14,4,9,64,70,29,88,29,16,22,42,96,97,44,70,51,38,37,80,40,53,95,27,97,33,86,59,16,60,8,20,54,17,32,81,77,40,40,10,14,6,31,93,66,63,86,0,85,79,45,23,91,71,56,87,69,27,16,34,94,46,85,26,72,38,67,29,61,63,64,23,71,21,43,46,34,18,80,84,73,25,71,30,81,45,50,2,96,95,56,42,46,90,44,15,33,62,1,59,1,13,84,63,70,64,7,68,32,35,80,31,97,81,68,40,15,90,45,12,38,85,89,34,86,20,74,37,46,58,49,8,20,44,25,9,45,72,66,13,57,32,82,56,4,6,87,10,73,7,64,78,7,89,45,68,28,28,20,73,1,0,88,33,83,63,31,25,10,6,19,79,83,93,27,51,50,91,13,17,47,70,35,67,8,63,78,33,71,36,54,93,56,79,94,22,71,13,78,28,44,6,42,81,4,22,21,79,91,11,81,89,46,77,52,85,65,47,7,2,57,86,6,93,78,51,77,8,21,82,14,14,72,33,45,67,96,3,73,44,26,17,98,9,60,9,86,63,3,91,91,96,90,2,66,46,59,85,61,75,98,20,59,18,67,36,39,84,61,65,19,6,29,9,90,56,40,54,50,31,2,9,85,63,67,61,31,84,76,20,54,47,58,89,5,82,41,35,9,50,54,51,63,3,92,23,27,29,51,53,49,17,18,95,91,39,62,3,2,7,8,27,91,62,63,23,97,55,85,65,24,20,4,93,25,54,8,26,74,82,31,43,30,33,30,57,25,28,38,50,27,97,60,17,80,54,84,76,67,13,86,26,53,95,88,43,83,31,75,91,7,9,38,67,9,19,32,37,61,48,20,19,42,83,36,68,83,13,50,83,49,55,61,49,34,95,87,41,1,21,96,1,42,61,16,75,78,8,92,25,13,57,95,42,75,20,27,7,24,84,80,28,26,6,0,81,74,62,98,51,44,5,4,44,76,87,85,92,25,70,41,4,92,59,93,55,47,67,43,82,22,98,94,57,30,98,19,73,24,97,37,93,22,53,57,30,73,63,42,26,41,87,11,73,40,97,9,39,57,33,59,17,38,80,49,68,60,71,24,37,98,59,3,75,58,32,15,45,12,51,75,94,7,81,82,97,69,60,12,89,88,42,77,25,2,97,69,96,26,16,28,12,23,54,6,28,12,20,15,31,43,1,40,60,11,81,51,80,23,30,43,70,64,52,46,62,35,32,13,2,25,61,54,52,24,6,57,54,55,39,72,33,3,18,15,91,63,61,76,17,73,77,37,84,17,38,82,5,78,43,49,18,23,6,93,62,75,35,72,94,45,24,55,97,4,24,28,22,53,34,24,42,62,50,37,3,16,86,34,27,89,65,69,74,94,11,64,17,44,56,92,23,50,48,11,41,70,10,47,12,24,50,38,91,95,38,71,89,82,44,82,60,75,33,71,36,30,17,3,70,4,33,46,4,90,39,60,96,85,88,18,66,77,95,35,74,48,49,50,5,88,79,82,3,73,19,7,57,92,10,38,33,74,38,90,45,94,28,44,87,98,99,97,82,55,8,3,48,5,52,18,99,5,66,29,17,62,22,66,4,44,67,14,65,59,53,22,84,36,89,26,51,22,15,93,90,78,53,31,55,40,68,79,9,13,37,94,78,32,50,47,42,41,33,29,71,81,52,75,20,99,45,74,84,75,40,29,90,25,8,74,87,58,24,94,10,87,30,92,86,89,69,27,5,59,29,76,51,97,8,63,34,73,44,78,28,24,33,95,65,6,36,22,67,61,28,80,51,26,21,41,71,80,78,18,15,47,76,60,23,39,1,58,0,40,26,58,4,45,49,19,9,36,13,0,17,77,83,72,78,21,79,30,66,84,32,72,97,91,92,30,7,35,76,45,34,69,66,25,99,86,12,51,66,51,36,47,64,74,56,96,69,12,13,74,43,74,15,99,40,8,41,39,54,84,31,64,16,53,62,90,61,35,71,49,51,10,41,80,44,61,41,56,57,35,49,52,13,67,17,2,82,53,14,77,34,43,42,95,35,78,92,12,69,27,80,46,88,13,72,30,3,53,16,83,4,42,83,82,65,30,43,72,41,17,94,67,47,69,31,78,63,53,81,38,2,65,83,9,48,10,87,11,90,15,98,55,73,1,80,50,20,3,63,96,70,15,71,23,24,62,76,64,90,90,46,35,34,35,58,69,69,56,66,64,58,19,64,8,32,23,97,7,89,53,86,5,23,0,14,60,18,54,31,46,28,89,30,46,89,88,87,11,98,81,34,70,86,21,97,15,66,21,83,65,65,94,13,35,52,55,73,45,91,34,10,18,99,32,20,54,77,70,29,39,98,9,37,64,77,4,6,36,3,27,55,83,98,74,57,76,16,21,56,48,53,77,88,53,13,99,14,68,51,19,33,67,56,96,5,6,3,64,6,81,65,59,90,6,79,50,15,67,78,9,74,14,6,73,1,8,46,74,91,68,10,91,60,79,93,44,16,19,1,32,84,16,7,69,1,48,5,87,95,15,65,34,73,29,21,0,21,47,99,37,10,63,15,78,66,77,82,60,66,4,5,72,42,81,59,62,75,16,80,83,10,86,29,86,34,88,80,41,67,30,72,87,74,36,98,12,79,47,66,99,51,24,61,39,75,32,98,65,92,68,89,61,2,79,2,12,89,62,87,11,80,0,88,49,78,95,10,65,68,5,5,89,11,3,23,64,14,97,28,50,17,0,93,40,92,4,85,42,18,43,12,0,58,87,53,52,69,8,41,59,22,41,64,51,10,69,39,58,25,26,96,86,16,5,59,22,24,63,23,34,43,63,98,16,55,85,82,55,99,98,32,96,26,52,19,94,86,53,29,44,91,74,59,76,29,30,89,67,52,59,94,14,75,46,28,77,55,83,14,99,81,35,47,5,57,64,85,5,95,29,93,10,84,46,51,94,1,11,36,92,8,86,58,43,26,67,14,92,32,68,0,95,22,11,69,47,38,72,23,68,79,22,62,8,48,49,44,41,40,85,25,88,80,96,60,7,93,4,9,79,21,10,62,58,99,47,18,2,27,21,68,77,84,53,55,1,35,83,39,90,9,6,61,55,93,81,96,38,90,47,42,3,71,1,13,43,2,43,75,47,35,87,9,50,52,81,58,78,55,96,94,55,28,76,17,12,4,65,85,24,99,7,60,29,15,57,3,57,17,65,15,42,50,24,41,47,27,59,41,5,52,6,27,44,48,14,28,38,87,35,65,90,62,65,17,71,80,59,62,88,62,29,34,85,49,30,23,43,39,49,52,48,32,69,18,76,32,10,97,36,98,20,19,67,40,26,88,80,23,89,43,92,27,36,24,22,45,3,62,50,19,18,81,96,82,63,54,11,8,37,9,99,88,9,1,19,72,57,45,11,79,25,41,21,20,39,71,40,23,12,56,0,48,64,70,84,18,63,56,77,57,57,49,19,13,68,22,50,82,72,46,10,99,76,84,18,94,75,22,72,99,4,93,93,77,33,74,48,25,21,20,13,87,8,46,77,7,94,72,68,11,70,14,72,7,76,2,31,58,50,91,92,13,30,31,11,12,22,66,47,61,48,38,58,75,73,54,91,55,69,83,98,89,48,10,1,13,26,35,83,69,56,96,24,92,67,1,85,64,92,76,79,87,99,58,84,49,88,56,2,14,56,52,75,54,25,51,16,24,17,52,88,27,25,42,30,70,54,28,95,70,73,26,2,0,73,16,36,56,68,14,61,85,46,14,91,19,12,66,45,6,90,28,45,43,98,83,46,15,93,21,66,24,53,29,25,72,26]"
ta76,2267,"[3,1,2,1,0,2,1,1,0,1,2,2,3,1,2,3,3,2,0,3,3,3,0,1,3,2,3,3,1,1,2,1,1,3,3,1,0,2,0,2,2,0,0,1,0,0,1,2,0,3,1,3,1,3,3,3,2,2,3,1,0,0,1,1,1,3,2,0,0,0,0,1,0,1,3,0,0,3,2,0,1,0,0,2,2,0,3,3,2,3,2,2,3,2,1,2,0,0,3,0]","[30,56,12,53,81,27,45,77,75,61,14,49,21,32,1,63,15,69,50,24,99,46,11,42,96,6,47,60,36,66,82,68,56,62,63,11,68,97,63,40,67,59,87,30,91,56,16,73,12,14,30,49,72,61,13,44,28,7,88,8,50,15,30,49,8,28,68,19,57,77,62,33,23,28,41,26,49,59,60,84,95,41,46,71,3,76,0,34,79,46,60,77,15,46,88,39,1,20,35,69,11,10,2,44,56,15,60,94,22,13,81,96,89,71,57,54,25,86,21,53,7,98,3,3,33,85,86,4,88,92,47,27,51,20,13,34,51,71,32,49,49,82,94,78,19,53,75,4,7,42,7,41,66,47,10,63,52,77,70,24,36,92,72,67,87,80,45,32,88,9,56,33,46,27,7,84,2,28,76,76,46,59,27,38,45,29,84,23,32,3,68,14,62,81,68,11,48,64,77,37,20,27,71,72,26,47,43,28,52,39,93,34,29,61,76,17,71,71,95,63,12,81,82,95,38,87,20,1,69,82,1,56,47,82,51,96,40,91,73,83,39,57,96,76,61,40,44,94,81,69,48,78,38,91,10,16,22,22,9,8,29,23,18,9,27,95,25,2,96,64,65,18,94,62,38,83,84,52,92,84,59,96,79,0,58,99,17,36,69,40,75,35,60,14,91,3,71,30,1,65,4,43,33,65,46,38,92,50,96,3,75,20,13,85,52,90,65,96,73,63,62,61,99,68,83,80,3,97,20,53,86,97,15,71,35,71,90,2,10,23,5,35,70,16,54,70,87,76,36,40,40,18,16,29,48,7,4,99,47,37,75,79,51,54,76,98,61,31,94,52,4,16,55,56,93,40,64,45,9,73,49,41,78,59,42,72,72,58,77,21,88,22,90,1,59,94,31,95,46,96,24,63,25,62,33,95,3,10,96,1,83,4,28,89,42,36,89,85,3,93,93,18,5,93,88,39,58,84,0,79,31,38,55,53,7,6,9,78,12,97,99,99,42,37,5,5,47,26,66,80,54,28,27,69,94,91,21,58,99,69,88,17,1,64,68,79,53,19,66,0,2,2,58,77,12,59,40,47,61,35,21,21,31,84,44,94,86,97,9,76,7,53,83,67,28,10,90,33,29,13,4,13,49,9,1,62,63,26,67,82,26,49,52,14,25,68,76,53,55,48,95,10,65,48,6,3,72,52,22,64,11,7,86,47,54,2,69,65,91,31,82,31,49,48,22,50,66,98,74,86,36,17,48,69,96,57,98,77,95,18,1,53,70,28,11,95,45,98,84,73,73,39,27,75,45,30,8,89,79,59,66,21,19,18,81,24,89,77,23,85,43,34,86,19,7,42,24,77,24,6,50,10,42,65,6,95,82,83,58,80,26,87,98,30,32,93,85,56,46,70,81,7,14,62,45,66,66,17,16,68,18,22,33,41,98,12,26,94,61,88,20,26,94,73,71,79,45,51,20,14,83,67,35,60,80,65,56,58,0,14,46,87,81,48,19,57,12,20,56,70,6,95,79,82,17,64,94,96,68,93,29,96,47,49,50,61,36,11,65,93,62,68,32,80,28,69,12,27,61,55,81,33,70,41,85,55,98,73,58,98,2,78,22,55,14,75,74,57,38,40,16,62,3,57,93,9,24,9,65,5,53,11,27,10,97,85,29,85,87,39,66,39,50,4,92,67,21,21,61,37,61,87,67,77,74,83,39,32,15,70,11,67,53,0,6,75,58,16,10,87,20,50,10,46,63,29,67,54,24,37,78,63,13,51,22,58,35,31,55,28,99,98,26,16,77,68,48,24,26,25,64,70,62,10,98,62,14,47,54,72,43,35,95,84,45,51,4,20,55,23,44,12,66,53,13,87,78,18,8,17,96,6,9,7,84,26,2,22,61,33,7,20,42,68,40,85,43,80,19,46,82,85,84,53,39,23,88,58,52,27,5,33,13,83,67,40,77,80,0,41,35,67,17,99,22,70,21,70,53,72,55,36,32,5,56,44,60,31,71,86,88,93,17,48,95,90,32,65,26,89,10,8,87,18,0,1,41,0,42,70,11,28,89,0,51,38,65,41,44,19,1,22,22,19,97,33,24,72,82,44,86,77,89,74,6,57,9,24,32,37,44,28,91,35,38,15,92,25,72,34,52,77,15,90,43,23,81,93,78,23,65,82,63,6,19,30,4,29,90,81,37,34,25,64,10,71,21,30,19,80,58,25,50,14,57,36,73,9,85,54,12,85,46,57,65,11,21,75,73,75,78,65,47,91,39,0,94,32,92,97,49,15,0,59,76,17,57,5,12,45,67,40,9,91,52,30,83,4,33,9,25,15,69,86,32,59,52,13,33,84,8,33,42,48,27,88,60,44,21,65,29,29,38,34,79,21,46,69,37,39,41,74,80,28,83,1,82,86,97,13,84,59,59,5,78,51,14,4,36,90,64,92,98,91,8,5,33,56,60,61,89,87,48,36,81,51,67,74,3,38,43,66,89,3,7,80,66,43,80,74,85,69,67,18,73,87,13,25,34,52,62,92,13,30,18,31,60,34,74,7,82,73,89,12,51,33,49,25,75,16,45,37,69,1,93,71,2,4,55,24,31,88,61,13,60,30,80,24,38,68,40,39,97,19,17,23,89,32,14,15,2,79,18,45,82,41,0,53,37,82,26,16,16,37,85,3,54,69,6,28,60,38,72,86,6,63,37,40,38,94,9,25,55,56,37,8,78,35,25,30,32,64,52,28,69,10,72,37,43,35,55,81,60,22,37,90,55,22,80,23,54,34,44,74,35,21,5,5,29,27,5,36,47,67,35,11,20,39,70,27,75,64,74,28,15,44,65,63,71,55,74,21,35,57,19,75,70,42,51,79,86,76,64,93,95,41,22,26,98,39,72,77,58,34,87,36,12,49,68,76,90,83,4,38,78,50,41,92,61,95,12,97,27,78,95,36,36,59,53,48,16,66,54,34,71,97,38,15,8,14,38,18,42,27,14,15,43,73,25,58,22,18,87,88,60,18,27,2,68,2,26,10,2,84,78,25,18,37,49,52,54,73,54,0,19,86,11,52,85,55,48,32,74,46,99,22,0,41,62,1,7,93,99,8,40,10,92,5,51,75,95,89,1,6,45,72,82,4,79,97,31,65,59,65,51,4,73,51,73,44,8,39,39,10,76,46,49,66,99,91,54,20,58,81,64,39,55,50,69,90,6,32,9,83,31,61,57,30,0,2,45,15,27,99,78,32,9,74,81,98,80,88,23,89,74,38,13,91,43,91,29,77,84,4,5,3,71,59,15,31,9,98,44,16,89,6,88,46,79,64,63,59,66,44,58,87,50,34,54,55,69,76,40,26,12,36,86,91,79,20,0,85,57,8,40,71,5,96,14,94,17,39,56,14,83,89,90,98,58,69,67,99,11,98,83,75,63,82,48,11,72,94,74,95,31,37,5,92,83,65,59,43,37,52,31,8,57,64,12,71,75,61,28,74,54,85,20,4,88,28,2,63,25,3,22,63,23,79,23,50,22,42,74,68,86,99,92,17,92,31,66,41,76,37,92,50,13,26,19,93,43,1,45,60,86,23,28,47,64,75,4,79,90,87,11,5,76,41,0,78,3,13,2,24,45,43,42,97,6,40,74,94,57,54,34,17,73,13,12,93,18,95,19,80,18,44,50,84,48,77,55,56,87,19,72,35,84,91,23,70,92,91,33,14,57,71,58,58,91,73,51,79,81,79,19,57,93,12,21,91,47,4,89,37,48,15,68,15,56,51,25,17,97,45,40,6,61,67,50,43,30,60,31,51,6,42,29,48,31,10,44,89,63,26,93,85,90,78,17,1,20,50,54,8,99,80,7,30,36,20,17,60,75,50,63,93,44,45,54,5,80,2,33,32,23,26,42,66,70,98,64,24,23,30,58,9,99,44,99,90,26,62,14,86,36,94,8,78,33,88,32,66,39,90,42,49,34,30,46,56,1,42,42,16,60,56,70,12,48,41,43,57,47,16,47,34,42,81,49,0,59,11,57,21,31,35,53,85,79,29,94,99,46,15,62,25,50,75,55,46,77,59,45,53,24,62,27,10,76,97,11,16,98,88,13,51,60,38,25,83,47,11,74,31,80,89,63,2,7,97,52,72,53,85,21,97,99,87,79,92,87,84,20,3,86,34,72,17,61,62,30,74,43,53,55,89,0,78,86,24,83,16,16,90,83,76,95,29,29,88,43,38,70,59,41,96,56,91,93,96,29,33,13,25,83,72,96,16,78,24,68,12,60,35,5,29,49,71,47,70,8,17,94,52,11,19,40,7,90,8,98,41,81,52,18,27,68,96,51,88,84,34,67,18,64,82,50,56,64,52,3,44,49,35,6,2,9,66,67,41,14,1,67,3,35,75,97,24,29,23,32,77,48,72,7,81,62,90,39,94,8,21,96,34,8,90,19,17,92,23,70,84,15,69,36,81,76,43,64,30,45,82,92,6,47,73,73,80,62,43,92,24,91,76,54,20,66,97,34,36]"
ta77,2257,"[2,1,1,3,3,1,1,2,1,0,0,0,1,1,0,3,3,2,0,1,0,0,0,1,0,3,2,1,2,3,1,0,0,1,0,3,3,0,1,2,3,3,1,3,2,1,0,2,3,1,2,1,0,3,0,2,2,2,1,0,3,1,2,0,3,3,1,3,3,3,2,2,2,1,2,0,0,3,1,0,0,2,3,0,3,0,0,2,3,2,0,1,3,0,1,2,3,1,2,2]","[88,51,1,71,46,36,38,84,99,55,16,43,5,38,80,94,13,16,39,2,77,51,16,72,0,39,30,19,0,70,1,43,27,89,45,86,33,49,57,52,56,57,65,10,11,32,96,50,62,65,15,34,76,96,29,42,1,88,46,6,9,59,42,7,27,98,4,45,97,57,78,14,17,38,94,76,76,18,54,27,95,2,33,29,17,98,84,33,21,93,72,94,38,37,96,17,72,22,11,18,42,98,17,98,15,37,28,59,49,66,41,56,33,80,16,94,32,69,64,65,35,70,14,68,71,84,12,30,64,58,96,55,38,5,54,51,86,38,74,73,23,6,33,55,95,73,67,71,98,82,94,15,45,73,49,36,46,81,49,47,30,67,87,53,72,79,2,15,38,30,56,44,25,61,32,65,19,38,55,24,51,73,91,8,70,13,32,73,69,32,34,41,30,59,90,22,89,32,5,71,27,50,11,44,65,86,46,98,63,20,58,17,12,4,84,42,82,91,52,25,28,34,41,69,33,44,75,87,49,22,34,13,94,10,72,99,90,58,34,44,73,43,70,34,95,97,59,3,45,16,93,4,75,31,9,74,33,95,68,52,26,48,61,44,55,13,33,57,13,92,80,90,97,80,79,43,39,83,40,39,62,21,12,46,88,27,4,36,89,46,92,94,69,68,54,26,77,90,53,28,81,30,25,88,27,68,42,72,18,53,58,39,77,72,61,98,23,54,52,19,26,66,64,67,89,95,40,86,9,55,50,76,21,97,87,8,34,69,51,24,99,73,84,0,64,90,37,44,47,38,99,15,7,29,64,46,25,19,60,39,87,98,47,16,78,41,21,70,18,73,78,49,10,26,9,60,35,90,50,89,95,54,58,62,23,62,46,76,5,19,11,82,23,2,75,40,2,71,46,59,24,67,8,1,25,14,97,42,56,22,62,65,38,87,36,62,10,60,7,89,75,68,1,49,23,90,91,86,50,29,28,54,44,88,34,47,70,45,57,14,4,84,17,9,98,87,41,19,42,62,24,24,15,21,56,92,67,9,29,67,82,30,90,38,19,26,46,82,73,93,90,30,17,62,68,17,28,46,3,37,82,21,85,62,23,10,98,31,12,66,83,8,16,42,93,36,17,40,54,12,78,40,10,76,12,41,7,30,61,47,57,48,77,87,40,35,80,0,35,45,31,53,62,85,1,24,74,95,26,34,31,70,60,52,76,73,33,77,57,47,99,23,36,78,85,48,88,19,21,39,43,62,79,65,87,65,47,50,72,1,76,88,1,91,75,83,57,40,5,73,62,61,93,65,65,39,59,69,33,86,83,59,82,88,91,41,61,41,13,13,7,16,56,35,3,3,64,61,72,71,33,63,62,92,29,87,6,57,7,46,61,36,87,76,70,92,65,64,41,10,78,20,89,89,15,37,57,37,15,91,88,64,58,96,2,16,31,81,21,81,33,62,76,24,30,24,5,96,70,41,17,56,26,87,79,54,26,19,70,36,74,68,51,11,48,4,63,65,79,21,84,84,20,10,44,49,47,91,45,9,43,2,52,50,10,76,18,80,42,94,82,95,20,84,68,38,83,97,8,75,15,85,19,72,46,78,5,48,41,38,79,50,25,99,54,80,89,89,64,28,14,17,37,80,9,83,22,21,86,35,18,28,11,22,96,81,29,7,27,41,22,86,48,89,91,96,5,34,4,31,11,91,9,54,24,48,85,67,6,25,73,64,8,59,47,74,48,71,35,13,88,80,7,45,64,74,31,22,9,30,47,44,33,63,27,86,4,81,87,93,23,25,86,33,20,20,22,2,16,41,48,82,82,70,56,7,89,0,60,0,24,12,87,31,25,91,36,53,60,34,47,23,70,59,41,35,70,39,36,37,69,34,57,12,43,57,8,51,27,52,39,13,47,96,89,18,5,73,27,22,58,90,18,52,49,26,54,89,28,40,0,58,69,85,5,69,22,80,25,20,71,84,68,99,53,46,24,62,84,73,67,78,63,75,6,64,56,15,19,76,63,92,31,28,72,8,28,57,37,2,52,51,81,55,76,6,56,52,83,52,83,21,47,72,28,5,25,63,34,83,51,51,84,22,94,52,14,1,99,25,15,63,4,3,60,13,27,67,80,68,55,4,54,66,87,55,15,17,59,45,49,28,50,66,16,66,63,3,37,56,94,42,64,9,61,5,16,79,8,36,54,20,37,28,46,75,61,39,98,42,16,42,47,53,44,98,50,71,92,62,94,6,82,38,53,48,34,74,74,6,44,66,1,2,16,60,69,12,86,93,4,80,97,79,87,67,36,39,74,32,22,55,35,52,15,6,87,90,86,4,5,30,45,8,95,87,11,77,33,34,43,93,11,66,60,95,72,52,48,6,31,82,13,90,8,85,95,19,57,21,23,8,92,43,71,12,26,12,5,78,80,78,26,77,76,95,14,1,78,6,81,70,89,57,24,80,1,41,28,32,61,75,52,9,44,97,47,50,11,27,18,26,1,59,16,14,15,71,30,50,58,63,0,38,8,49,19,63,96,77,19,56,91,34,60,84,53,21,89,7,79,83,60,14,66,40,81,57,56,51,15,67,59,1,50,29,63,92,40,12,52,16,22,71,2,22,80,2,85,9,15,14,7,46,38,44,45,78,78,32,2,92,90,47,55,30,72,25,7,21,65,75,86,1,6,80,84,12,39,9,55,51,68,43,18,83,24,65,93,53,85,50,86,99,83,50,0,35,8,24,29,39,15,36,99,45,49,91,11,57,10,3,97,18,93,20,22,4,56,20,14,3,60,6,85,79,37,21,28,13,95,37,61,66,94,97,42,78,96,25,54,53,97,53,60,20,93,96,81,84,72,77,30,45,14,13,80,13,96,85,2,28,22,75,93,58,29,35,28,7,20,59,41,19,57,94,79,68,67,15,1,43,91,32,26,13,82,3,75,67,39,37,76,70,12,98,75,52,57,45,18,93,92,97,94,12,40,64,68,20,70,4,98,96,3,66,29,72,71,58,37,90,11,89,55,49,93,43,70,16,12,75,43,12,67,34,33,95,48,73,42,32,28,29,17,37,94,77,59,96,55,69,45,80,18,74,8,9,83,41,97,35,29,58,86,51,31,8,98,62,81,68,30,10,96,0,85,4,99,43,48,93,48,90,79,16,33,23,45,56,21,6,35,55,79,75,31,92,97,82,71,38,29,71,60,29,43,66,81,19,85,25,83,31,14,10,87,87,96,61,41,51,27,46,82,7,95,22,94,88,24,27,74,8,4,3,27,32,20,36,45,88,42,78,97,54,34,0,26,77,48,27,25,92,26,81,23,53,95,0,63,62,80,70,18,2,30,95,77,74,10,35,81,92,26,25,2,51,13,64,3,77,9,69,90,16,91,44,2,90,61,88,59,11,38,78,17,67,86,75,68,32,65,18,30,40,39,74,60,15,81,9,0,83,72,44,85,85,7,34,18,35,17,42,6,50,69,23,67,56,14,99,88,6,67,50,20,2,47,99,43,59,85,43,14,28,3,63,19,51,77,49,27,59,74,4,68,7,79,24,92,3,69,55,35,88,39,0,82,66,29,22,2,23,73,64,88,26,53,61,65,97,12,68,83,98,6,14,90,35,48,35,5,94,82,88,63,83,14,99,41,51,62,26,3,58,72,17,51,99,20,59,45,51,85,86,76,42,40,60,99,7,81,11,58,69,18,0,55,47,45,74,77,32,91,40,34,89,53,16,67,78,7,19,61,14,58,11,32,53,66,56,92,77,92,63,31,31,5,31,37,10,50,65,43,78,61,55,1,85,8,4,17,3,78,32,24,35,35,26,74,48,67,6,10,30,3,29,42,71,0,5,91,92,53,56,42,24,65,1,56,97,58,74,75,32,77,71,58,93,60,37,63,6,39,65,19,11,66,9,86,71,18,88,4,2,62,47,73,56,43,52,93,45,66,10,64,81,84,81,15,31,69,54,94,98,74,0,63,23,89,96,79,60,77,67,40,40,40,83,89,23,66,66,17,7,94,40,76,29,68,78,92,99,54,95,72,97,25,96,32,69,8,81,3,49,37,79,82,49,91,90,95,50,61,63,44,69,59,75,68,70,21,9,63,10,1,69,20,86,75,99,36,91,97,5,24,23,10,0,55,73,21,61,84,71,77,82,69,91,14,36,48,84,98,1,74,93,77,66,11,17,73,38,11,36,44,49,48,37,13,93,21,31,30,64,10,76,46,44,88,21,20,41,17,43,29,40,99,14,33,19,85,18,4,81,20,64,5,13,72,6,12,22,74,12,13,36,9,84,25,79,23,59,98,40,11,99,96,31,20,46,51,36,3,54,24,65,80,39,3,7,29,70,38,79,76,32,58,98,5,46,27,28,36,79,83,82,60,84,39,73,11,0,91,92,0,44,48,23,53,85,94,68,54,90,49,27,64,10,8,54,52,42,83,97,66,52,58,13,57,47,95,49,33,25,71,53,27,18,76,49,86,88,23,53,50,26,87,93,61,44,79,33,75,31,32,58,60,55]"
ta78,2264,"[2,2,2,3,3,2,2,1,2,1,0,3,1,2,1,3,3,3,0,0,0,3,2,0,3,3,3,1,3,1,1,0,0,0,1,3,1,3,0,1,0,1,2,0,1,1,2,1,2,2,2,2,0,0,1,1,2,3,1,0,3,2,2,0,0,3,0,0,0,3,0,0,0,2,2,2,3,0,0,1,1,2,0,3,3,3,1,2,2,2,1,1,2,0,3,1,3,2,0,0]","[56,34,63,43,60,73,57,36,93,98,11,2,65,46,32,65,47,54,50,17,28,58,11,87,94,89,2,92,33,27,29,89,75,22,37,94,75,19,6,74,55,97,49,63,60,47,74,61,15,61,24,58,21,69,83,19,22,89,24,69,79,33,96,90,45,18,61,5,67,81,64,1,9,65,43,27,83,37,39,31,76,34,50,43,98,75,88,71,4,69,47,90,93,36,5,32,6,21,93,26,39,15,77,16,40,82,62,61,72,12,24,25,99,58,55,5,11,71,32,41,32,64,49,77,70,45,25,64,91,97,22,96,71,46,20,1,68,56,0,15,51,47,57,9,23,95,66,76,28,80,90,10,20,43,38,17,71,3,97,81,37,10,92,34,70,45,51,50,44,38,48,2,37,2,49,33,31,36,37,31,34,66,2,32,63,58,22,5,29,70,81,52,43,13,5,81,59,88,78,3,12,93,67,5,69,17,34,99,74,99,39,44,78,77,23,41,88,26,59,8,52,4,56,94,45,81,30,1,99,55,47,50,97,70,94,86,21,25,27,40,29,86,56,97,23,56,28,84,77,32,92,96,42,63,6,83,3,35,58,68,23,82,53,10,80,28,34,36,63,99,45,91,78,71,95,87,23,92,18,14,73,8,6,79,36,9,22,29,52,88,48,34,35,30,86,26,17,16,90,12,3,49,27,35,1,62,36,66,79,35,35,18,8,43,58,59,86,7,8,41,32,16,37,80,65,55,13,56,13,3,60,2,51,52,94,71,5,10,0,83,69,71,94,15,99,66,36,62,25,18,56,59,22,79,92,6,11,58,31,72,95,7,99,72,20,78,54,43,55,2,50,2,9,31,59,81,7,27,96,31,3,78,91,14,9,36,98,92,58,14,98,81,50,42,84,86,17,63,12,61,40,86,42,93,58,82,22,4,13,83,86,84,16,19,52,84,58,44,5,90,89,26,21,39,49,9,66,37,57,69,21,24,62,78,51,71,95,87,28,4,39,71,4,1,21,63,12,40,38,1,55,25,85,87,8,6,67,83,39,71,9,10,27,30,8,45,76,58,58,81,30,28,46,31,6,72,86,98,0,67,62,23,59,68,51,75,26,80,27,93,12,67,41,65,35,91,47,51,4,85,3,27,75,6,84,87,83,46,41,75,36,34,36,43,75,72,89,62,84,24,96,1,57,22,31,94,19,98,0,20,78,45,12,82,19,19,16,18,12,0,95,89,70,8,73,65,0,28,8,97,90,3,47,3,23,56,43,95,73,4,49,57,41,55,91,65,29,77,95,45,92,20,67,83,50,50,13,24,64,33,68,36,49,74,85,10,40,14,33,12,81,21,68,22,55,72,91,20,65,58,25,85,75,23,5,13,66,45,23,33,24,22,35,2,49,2,23,25,53,42,1,48,7,53,5,93,72,94,62,52,78,63,32,87,87,4,0,35,57,74,68,4,87,7,38,31,15,80,91,0,37,15,78,22,21,69,45,94,41,80,17,40,78,63,48,5,22,30,7,6,22,22,8,45,9,8,18,26,82,98,82,47,15,98,81,54,69,29,90,37,3,73,72,17,44,82,78,0,2,93,1,44,8,77,97,85,89,35,92,26,71,36,16,50,9,60,97,53,24,25,5,61,87,49,54,73,97,70,91,10,35,37,22,91,84,13,60,68,95,71,67,8,33,25,83,0,90,49,10,74,31,72,27,54,41,11,42,80,80,40,98,95,34,50,6,34,49,51,88,13,81,85,98,47,61,54,47,54,65,82,60,25,52,61,74,14,84,38,90,33,72,70,71,76,35,16,1,31,48,21,62,58,10,25,46,99,66,2,65,78,66,84,8,47,61,73,7,80,88,34,32,93,74,65,36,35,82,41,49,88,63,9,77,46,89,89,85,44,3,41,76,33,91,17,48,7,96,27,59,28,64,92,38,29,78,87,65,51,20,58,89,13,65,24,56,34,75,25,14,61,55,13,68,21,48,59,60,19,44,31,73,60,95,86,42,16,42,11,93,4,9,45,82,84,82,27,23,62,50,88,56,22,54,38,87,8,83,47,67,7,7,77,98,88,3,82,42,16,86,10,96,80,62,7,89,92,45,86,70,55,17,5,69,30,35,10,70,40,90,29,12,48,68,43,28,41,75,14,95,67,47,74,28,94,82,29,80,12,90,29,34,69,19,56,60,48,42,75,32,48,29,69,37,49,19,95,25,39,28,45,66,45,71,67,14,38,46,83,92,38,7,30,12,62,40,77,44,42,14,94,27,6,43,75,63,90,6,66,3,78,24,18,19,16,33,16,23,31,98,17,63,96,74,53,7,68,32,57,13,11,92,32,17,87,89,80,8,99,24,93,53,74,20,97,79,85,56,89,59,9,0,28,11,41,79,68,73,69,60,34,7,81,40,94,55,6,33,43,48,61,63,77,11,92,78,50,78,31,61,77,14,91,91,76,51,64,86,76,53,59,64,77,94,33,53,11,81,97,0,60,38,1,73,85,92,67,82,29,19,83,25,54,14,66,52,33,40,15,18,73,76,16,1,46,58,80,95,42,53,79,57,63,91,14,26,31,68,68,74,72,59,59,83,65,7,18,36,99,49,5,59,70,27,19,42,9,35,60,50,97,24,90,20,54,39,93,32,9,49,94,75,43,44,16,93,28,79,22,31,1,88,84,97,24,64,81,95,40,54,79,23,20,35,38,16,62,9,95,54,57,59,0,46,18,71,3,6,97,95,12,33,82,57,1,53,73,5,59,86,53,57,4,54,3,21,18,20,72,55,14,44,28,4,90,89,55,69,75,26,19,98,26,91,45,68,76,84,73,91,55,27,33,63,44,66,95,11,73,45,11,66,20,15,69,99,62,24,85,55,17,28,87,56,48,64,70,37,69,52,77,21,53,14,18,35,67,69,77,38,12,61,76,85,50,41,91,15,65,76,48,27,23,0,90,10,42,16,25,43,88,15,52,2,54,55,19,8,61,67,13,42,28,32,66,42,12,52,74,70,67,14,48,63,30,47,85,29,2,3,55,92,41,86,61,86,98,10,48,93,68,46,17,50,65,87,12,98,92,96,66,83,55,31,11,17,33,92,83,46,88,84,63,82,20,33,52,27,89,51,11,35,84,57,26,97,57,14,50,66,44,10,1,53,26,30,44,99,86,62,59,70,33,45,16,28,18,72,30,25,96,87,48,30,97,57,39,76,10,62,39,82,85,18,60,46,10,74,85,12,57,18,59,68,38,37,76,40,6,62,70,21,37,86,17,72,70,90,80,72,44,19,61,78,26,82,92,72,49,66,7,64,67,15,36,67,1,60,11,52,62,32,40,77,37,51,99,35,36,97,79,40,59,32,10,29,64,6,75,50,34,91,81,52,15,69,18,32,76,60,19,4,70,98,51,36,74,91,99,44,71,39,30,38,17,27,68,67,25,61,0,50,99,38,52,4,69,2,81,20,79,89,58,58,41,96,96,9,93,82,46,3,39,42,85,81,65,64,60,69,43,86,47,12,34,20,73,98,14,52,53,24,98,53,43,26,9,90,87,30,59,2,57,54,26,17,66,20,81,50,71,40,34,40,46,42,2,54,68,56,44,11,64,37,21,66,0,39,15,0,12,85,1,38,39,38,78,4,36,38,31,26,84,19,20,41,41,70,72,56,5,95,27,30,40,59,79,74,30,93,88,47,53,47,65,19,34,46,44,72,43,21,60,13,90,93,17,5,18,99,32,29,20,90,77,91,52,41,10,26,79,63,57,17,10,13,21,10,7,79,41,83,35,87,64,99,15,42,14,84,0,21,22,15,84,85,42,18,12,57,13,56,47,67,13,74,44,49,23,85,74,94,54,88,79,88,96,39,57,63,97,56,51,80,61,19,62,7,96,69,99,67,24,73,39,77,83,68,60,79,76,34,75,53,76,96,55,9,89,8,2,93,39,43,52,15,96,23,76,1,79,77,88,51,78,94,29,93,11,40,28,16,71,8,76,27,30,87,75,45,29,73,88,54,89,71,49,29,2,48,8,21,83,96,45,24,79,4,92,53,53,63,58,22,95,56,93,9,42,51,80,89,94,90,48,24,94,4,18,48,7,37,28,64,34,55,13,98,79,72,87,62,78,21,13,94,36,37,83,23,16,3,80,7,70,36,26,15,14,77,72,66,73,62,49,25,75,97,51,58,84,64,8,40,99,95,64,30,80,79,85,99,84,96,83,20,39,29,19,61,52,11,22,91,80,47,85,54,2,35,16,56,71,68,1,43,26,76,94,31,82,87,25,88,73,49,89,33,23,75,51,60,1,51,46,97,80,37,5,51,11,88,14,32,0,67,6,96,96,60,65,86,11,98,6,76,29,28,74,33,15,51,4,4,86,56,32,44,9,81,48,25,13,54,70,13,31,65,61,23,46,38,39,81,30,17,26,84,57,64,74,24,77,38,16,75,3,64,41,18,24,21,46,30,5,37,88,15,43,20,0,52,46,23,6,4,73,70,46,5,92,44,53,47,39,30,50,6,3,64,27]"
ta79,2247,"[2,3,3,1,0,1,0,0,1,3,2,0,1,1,3,2,3,0,1,3,0,2,0,2,3,2,0,2,3,2,3,0,1,0,1,0,3,0,3,0,1,2,2,0,2,3,3,0,2,1,2,1,1,3,3,1,3,3,0,3,3,2,3,1,1,2,1,0,2,0,0,2,3,2,2,1,1,0,2,3,2,3,1,1,3,2,1,1,2,3,2,2,1,0,0,1,0,3,0,2]","[78,99,61,55,97,55,23,78,23,56,36,93,43,79,3,3,6,28,85,77,27,57,70,17,78,63,40,34,97,50,87,17,83,5,17,95,11,19,39,37,64,19,61,5,94,8,82,26,55,24,79,36,27,9,39,38,45,15,52,36,35,26,16,13,39,67,43,84,12,67,95,65,43,96,74,34,59,18,96,80,52,52,17,85,11,78,25,28,81,61,51,31,8,73,43,20,2,79,8,21,54,48,13,23,89,28,38,93,21,93,1,83,63,17,56,50,10,91,84,1,95,12,20,27,68,88,43,99,39,88,39,13,4,59,57,76,71,89,45,75,47,80,26,75,6,71,40,95,94,21,71,62,10,65,13,23,36,71,66,48,69,42,51,40,15,5,1,52,66,85,63,14,10,12,3,0,92,2,5,82,68,44,94,47,76,88,64,77,22,8,86,27,92,50,83,33,63,24,13,1,21,32,4,88,95,75,12,40,63,59,24,90,18,12,53,17,39,15,28,30,88,28,12,45,75,90,78,87,32,14,24,31,42,77,57,4,98,13,2,81,18,11,4,92,50,25,60,64,69,87,44,24,98,72,9,69,0,52,23,71,55,49,44,24,55,21,6,68,86,46,30,18,68,78,14,99,54,93,65,55,92,0,72,75,6,20,0,3,85,97,53,99,80,79,57,84,73,82,67,78,26,33,52,60,77,10,19,92,11,68,90,80,94,80,70,9,60,13,51,26,35,39,39,93,22,72,95,99,68,63,94,87,23,77,23,70,54,97,71,88,86,62,83,31,97,53,60,0,54,80,38,99,34,82,17,9,71,70,30,41,11,26,69,88,87,69,1,17,74,76,13,73,94,48,49,47,36,19,17,86,69,67,5,16,56,41,38,20,37,2,1,6,29,0,85,72,34,56,13,97,46,9,66,80,22,92,58,13,97,70,96,46,54,24,15,88,20,28,42,83,12,68,89,47,99,45,56,41,75,9,36,13,27,26,54,3,85,21,45,77,32,9,42,67,5,65,48,6,37,7,2,52,93,31,98,79,45,64,17,25,77,59,77,83,68,77,0,1,6,58,76,15,15,27,26,16,97,94,96,81,46,38,32,95,38,93,29,45,40,47,40,3,61,85,16,76,14,57,68,13,37,64,98,47,60,4,58,10,44,24,87,87,27,87,5,95,55,10,99,56,90,60,7,67,90,24,7,33,7,79,30,20,71,23,75,64,77,23,45,46,40,32,48,15,49,38,83,12,2,51,44,96,13,62,17,44,12,17,54,53,46,7,44,37,91,26,50,25,18,44,11,22,82,54,60,96,60,22,33,82,59,93,72,50,58,20,25,80,93,58,81,28,92,15,24,7,9,84,75,83,67,16,41,93,64,35,92,93,18,26,42,81,61,51,21,64,34,88,49,12,81,36,15,40,42,69,69,84,19,17,90,3,59,74,81,78,70,45,6,27,93,66,34,91,83,82,18,7,98,16,56,42,5,42,95,91,14,35,56,43,51,19,92,85,5,36,53,32,75,93,15,39,71,94,40,87,86,35,13,70,34,32,22,23,25,68,87,8,7,38,40,46,40,53,39,58,97,85,11,68,88,27,47,64,49,19,55,80,49,46,2,33,73,38,20,43,57,10,71,3,34,77,77,4,76,5,83,3,87,21,31,62,11,60,32,48,47,52,18,82,46,85,1,47,28,28,3,36,9,48,69,19,42,94,50,8,64,21,33,64,27,36,86,47,35,62,63,59,28,97,65,56,20,6,35,81,22,34,17,14,24,7,16,25,57,84,89,41,63,95,42,73,58,31,23,83,89,98,9,3,51,27,94,53,76,82,78,74,51,32,97,90,32,10,40,91,52,39,10,12,52,97,98,43,37,14,84,80,95,94,19,43,45,27,34,8,11,79,12,21,50,66,46,71,44,80,25,4,30,88,98,73,98,48,36,29,53,49,47,87,9,88,2,33,77,28,50,56,19,20,43,61,8,73,38,79,98,34,19,63,91,1,27,47,58,92,62,9,30,48,25,75,14,42,12,6,46,39,89,44,34,7,95,92,35,31,18,79,69,29,24,10,33,18,25,5,35,68,99,46,11,61,80,73,32,40,60,95,79,30,60,47,5,28,87,52,98,70,92,35,33,85,12,83,73,57,77,93,6,44,31,75,17,11,49,51,62,62,55,2,20,52,46,48,95,84,69,92,65,7,86,52,35,61,66,36,27,95,41,68,56,25,69,55,55,37,68,95,74,47,98,51,25,14,63,43,91,67,63,78,20,6,93,53,99,45,53,51,85,56,98,6,7,77,87,17,52,60,55,76,2,74,64,84,15,69,29,12,88,25,31,70,14,21,24,20,96,46,30,59,1,19,97,70,58,96,60,6,61,89,75,8,79,61,4,49,82,70,91,66,64,99,45,65,16,17,6,84,40,70,72,75,67,37,45,3,11,51,73,2,68,69,5,83,16,6,69,70,83,29,8,99,93,33,81,57,90,49,7,22,88,48,98,65,90,97,96,69,46,95,52,17,1,63,0,77,48,21,33,42,81,74,33,10,97,62,93,67,62,0,11,72,49,89,66,20,90,81,93,37,96,67,82,50,54,39,73,79,92,11,60,58,54,4,50,16,77,67,38,43,32,40,81,29,8,22,28,10,82,30,72,47,72,89,74,96,60,48,94,36,96,58,92,83,1,61,29,50,42,30,79,23,65,33,88,23,4,63,98,72,35,3,74,33,27,84,71,28,34,90,57,27,44,32,84,15,54,9,26,32,55,66,49,53,68,44,5,60,31,88,31,70,36,10,49,42,2,33,36,66,37,58,58,42,65,29,54,92,31,0,39,43,29,22,10,54,8,61,4,81,34,73,99,27,30,90,66,32,39,51,7,47,36,50,23,61,61,72,0,35,41,9,72,37,8,29,29,42,55,20,2,64,16,45,15,0,87,16,6,8,9,43,8,87,72,31,19,97,57,65,99,54,59,4,30,21,34,60,53,22,9,61,69,31,18,63,27,71,11,21,72,6,26,47,49,39,36,12,89,4,21,44,54,2,28,19,92,43,46,10,59,38,27,57,85,90,50,18,57,56,87,83,15,7,20,63,63,64,32,48,0,39,62,68,86,1,86,6,24,43,81,70,72,59,29,46,10,17,59,44,36,37,62,58,35,63,88,67,30,12,80,96,13,94,74,34,74,97,74,15,2,78,24,20,76,38,1,29,30,23,15,73,49,59,19,37,73,53,99,31,70,14,16,2,91,65,82,48,41,0,86,65,79,53,97,16,76,18,74,58,26,84,81,50,67,38,86,92,35,14,87,73,9,79,36,56,19,57,13,52,12,22,53,7,7,5,55,56,53,94,1,41,49,92,41,44,42,49,98,70,50,57,14,79,11,61,31,1,90,84,99,39,94,54,51,25,80,11,5,43,74,60,76,91,35,14,65,61,18,91,83,6,47,83,99,93,89,14,3,4,57,82,4,84,4,78,86,41,40,39,71,55,81,25,15,89,14,91,5,90,96,51,54,48,15,19,1,47,3,81,24,82,21,38,24,91,41,99,80,35,75,89,16,30,38,26,14,75,87,23,41,14,21,91,25,78,51,2,89,52,42,84,76,50,96,57,86,90,21,62,86,63,29,90,45,65,88,66,94,56,60,59,90,54,41,76,52,71,37,73,45,25,70,13,82,77,61,48,76,85,95,97,86,30,30,62,71,75,22,26,91,52,24,78,50,38,63,29,80,0,12,79,71,98,41,20,8,8,33,14,61,10,10,9,74,78,5,65,22,58,67,3,94,51,19,13,47,62,82,16,58,96,76,22,71,55,99,42,80,45,22,81,49,62,28,69,43,87,84,59,26,29,3,33,67,18,10,85,46,32,48,28,53,5,78,37,32,43,8,55,64,65,52,19,48,82,41,5,41,80,3,25,2,7,85,23,41,62,46,70,81,66,4,72,73,38,67,73,3,86,89,30,37,16,4,97,41,78,76,3,21,13,45,83,92,82,91,96,95,86,1,72,9,59,80,31,66,86,93,66,76,28,11,81,67,91,24,0,74,77,88,23,23,12,74,20,23,56,62,51,22,44,8,62,69,16,96,37,0,26,54,35,55,64,59,67,91,40,15,25,79,49,84,75,51,74,33,16,73,55,85,89,35,39,61,30,20,29,74,19,64,60,34,65,76,37,94,51,28,31,33,22,76,29,62,85,28,33,70,2,35,25,78,34,57,21,58,14,65,40,18,94,45,34,75,40,26,72,37,13,50,84,89,0,49,86,59,58,45,79,76,24,83,18,38,32,11,91,22,31,88,66,8,53,66,65,99,73,74,53,4,0,17,18,54,1,98,32,64,68,71,90,91,26,66,42,75,57,95,89,44,96,36,82,59,56,85,98,89,34,37,31,38,40,46,18,15,69,50,89,43,66,7,59,26,22,56,18,11,78,2,79,10,84,71,90,75,63,48,77,72,56,30,68,27,67,7,80,1,66,85,58,96,64,94,4,16,41,44,57,9,78,53,44,86,0,72,98,68,29]"
ta80,2155,"[3,1,2,0,3,3,3,0,2,0,1,2,0,3,1,1,2,0,3,3,1,2,3,1,1,1,0,0,1,1,0,0,1,3,1,3,3,0,1,0,0,2,2,0,1,1,2,0,3,3,2,3,3,1,0,2,0,3,1,1,0,1,3,0,3,2,2,3,3,2,0,1,3,2,1,1,2,2,2,2,1,1,0,3,3,2,0,0,0,0,2,2,2,2,0,3,3,1,3,1]","[43,15,54,35,85,17,71,81,10,16,52,31,16,44,51,1,66,41,67,0,69,93,78,1,63,42,29,80,85,47,25,91,65,37,77,84,5,70,7,68,36,12,5,67,42,54,19,57,29,48,64,80,1,76,70,88,49,8,9,29,21,57,97,25,42,34,60,43,88,77,37,45,4,43,65,50,85,27,19,83,19,51,80,45,48,50,26,26,18,93,11,48,59,6,23,90,24,45,99,96,33,91,73,26,75,76,46,69,19,17,25,11,42,8,85,0,28,27,94,57,21,31,92,56,4,88,97,55,49,7,77,67,87,8,98,31,6,70,51,52,7,60,29,27,83,81,7,71,87,58,59,12,86,88,0,45,90,93,13,72,64,60,8,64,94,32,71,43,14,25,82,52,39,59,49,67,33,25,64,7,34,13,24,33,97,73,9,45,2,34,99,82,98,10,68,81,38,41,53,62,25,93,86,48,88,94,24,30,97,32,81,21,42,18,19,9,95,57,71,45,12,60,35,76,39,97,55,56,53,79,42,45,12,45,77,90,64,24,83,20,89,28,17,26,98,28,70,1,5,91,36,15,45,48,24,58,78,78,49,65,37,32,48,0,74,12,17,86,63,66,67,5,22,44,11,99,84,9,24,25,28,91,26,23,74,51,89,62,25,18,94,42,23,9,96,69,23,73,59,28,52,48,99,36,17,39,18,33,17,37,16,2,12,68,21,30,65,96,7,73,77,20,15,71,97,94,73,51,38,47,99,81,55,41,64,51,15,72,4,49,91,33,76,1,0,37,57,30,61,49,97,93,96,76,24,76,42,44,33,2,4,94,48,56,47,44,72,39,89,32,38,12,14,7,72,55,75,93,50,49,15,48,5,34,83,8,22,33,99,5,7,55,75,14,43,76,58,43,23,60,65,0,59,46,87,5,27,43,52,23,18,55,34,94,81,40,1,25,75,3,51,29,70,58,4,38,91,55,4,73,33,30,30,16,91,67,69,50,83,98,29,39,55,1,46,60,70,77,26,3,32,4,42,79,80,30,44,45,11,57,58,95,35,26,4,56,16,73,11,65,22,61,71,70,73,72,85,32,92,10,85,98,67,33,34,26,6,52,40,57,58,78,57,7,30,54,85,17,1,94,8,17,14,53,15,78,91,27,23,90,68,29,89,51,96,36,15,50,63,90,66,66,93,53,74,87,7,51,93,80,43,76,57,5,44,87,86,98,58,56,59,62,2,33,94,5,40,41,11,47,36,36,40,84,62,88,93,91,53,72,35,11,20,94,7,66,44,50,61,37,4,34,72,40,36,2,54,39,41,66,59,81,4,36,2,95,81,38,14,56,48,3,63,8,92,51,77,51,77,81,84,72,79,5,83,70,6,78,37,77,13,17,73,3,93,12,58,44,62,44,95,0,66,32,32,12,41,89,99,77,23,78,24,18,88,10,56,75,93,20,46,82,3,13,2,33,22,56,73,23,3,5,77,69,98,6,80,79,46,79,43,19,50,96,43,73,35,20,51,32,86,89,45,63,90,97,54,36,42,52,24,74,47,21,97,71,1,75,68,82,22,90,3,38,55,75,61,41,46,97,95,32,82,63,40,1,11,41,95,16,86,17,76,64,26,53,47,8,58,53,35,27,87,65,15,52,49,69,30,68,89,1,41,63,14,84,89,51,99,71,49,36,30,39,74,48,46,15,61,50,29,61,42,13,19,73,59,59,8,55,67,67,3,90,53,8,73,97,53,68,31,94,10,37,46,35,80,42,75,36,86,17,97,80,37,6,68,92,11,48,99,92,63,87,31,59,13,39,61,31,4,43,37,80,40,7,86,85,70,56,59,72,81,69,71,41,7,85,3,10,18,57,84,72,64,91,88,61,82,61,14,89,45,78,50,60,76,55,72,5,82,24,33,14,63,5,60,89,82,74,69,27,78,6,98,45,29,71,68,19,52,49,23,60,23,32,94,39,23,5,46,30,22,95,4,21,95,90,55,62,35,21,84,89,7,95,44,0,61,17,25,52,56,34,32,0,31,63,56,26,92,16,2,0,29,77,56,59,56,51,55,56,3,89,92,27,14,68,28,54,44,42,39,35,15,18,95,71,46,50,47,2,58,82,17,84,77,68,25,77,13,30,4,15,15,10,83,66,10,81,58,96,61,43,44,93,95,78,23,16,15,76,49,22,64,28,62,99,91,83,64,21,37,87,80,7,84,50,1,22,3,41,20,52,47,9,58,61,44,28,21,58,57,48,83,0,56,6,41,30,56,0,61,22,56,75,0,48,24,39,57,62,35,60,72,59,13,62,13,10,19,66,66,70,38,4,76,41,82,28,50,88,75,6,78,9,37,11,8,31,98,44,1,27,10,77,43,99,82,33,75,24,96,95,3,27,77,26,72,97,12,81,43,45,93,90,88,71,81,39,12,92,20,49,58,18,62,94,62,62,92,0,46,92,73,10,19,26,93,69,75,0,57,60,24,9,84,81,70,79,8,87,66,16,53,66,32,5,79,47,57,4,66,37,62,11,51,3,82,9,19,97,65,9,28,18,99,69,38,18,10,14,2,73,38,12,38,29,35,41,48,36,14,38,42,12,36,92,66,96,22,13,60,2,47,18,65,64,64,8,95,1,86,50,6,81,65,40,70,40,35,70,95,29,77,83,2,34,10,63,63,88,93,24,87,14,4,85,85,8,74,72,40,27,52,54,49,98,66,88,38,97,60,90,2,83,20,64,90,41,86,19,83,39,83,61,77,14,72,98,67,20,54,35,86,27,71,31,12,28,73,9,12,51,34,86,11,78,30,39,14,86,8,69,28,12,64,68,89,82,74,70,15,78,40,82,45,11,97,36,19,54,90,35,86,42,59,64,6,36,0,34,37,63,42,35,67,47,88,28,58,22,76,35,43,65,95,85,22,3,55,28,24,90,31,40,67,41,64,24,77,84,19,52,6,86,58,20,59,55,1,52,59,47,22,74,73,75,10,46,53,21,54,76,31,2,90,32,79,29,84,23,91,40,74,9,71,2,55,78,0,21,62,27,39,1,67,80,74,93,3,25,71,37,33,11,62,14,69,21,60,87,40,82,6,13,87,65,67,48,74,46,50,96,17,39,9,63,19,89,27,34,67,8,16,27,62,60,52,54,54,7,85,48,53,83,84,1,87,26,73,80,80,69,7,98,67,12,68,69,68,15,17,84,38,57,17,13,37,92,72,9,88,32,85,48,59,96,63,76,15,41,6,43,54,62,76,67,63,16,88,92,18,20,80,66,21,20,61,78,62,36,78,28,98,2,95,99,43,98,45,74,19,28,2,32,16,21,89,4,25,79,26,92,79,19,72,96,44,55,71,1,44,10,70,65,63,94,71,29,90,9,22,28,9,85,9,38,54,39,11,51,61,30,66,88,88,61,21,6,91,93,70,14,41,11,33,95,31,8,68,53,78,92,45,52,47,91,34,88,74,90,31,16,12,93,71,25,50,49,60,3,40,75,91,60,59,30,53,16,26,68,45,3,16,86,94,89,69,58,69,25,54,96,99,98,61,63,43,0,52,69,76,88,29,34,77,80,97,7,75,96,93,51,54,53,87,69,22,47,23,85,39,81,72,32,76,89,26,31,18,22,85,40,79,51,81,21,86,26,17,55,29,37,50,83,4,57,83,79,42,44,11,28,64,49,27,79,38,20,22,19,31,39,12,66,37,8,75,98,75,13,2,93,13,6,85,61,86,35,69,29,90,34,74,8,20,6,33,81,30,98,40,38,96,31,38,78,76,83,48,14,31,16,12,42,13,79,79,26,70,22,91,74,5,33,15,7,41,65,19,80,46,74,33,54,72,55,47,44,45,47,46,5,99,46,47,1,83,16,87,56,33,79,46,64,82,6,16,20,86,14,10,33,90,34,22,13,37,78,57,13,79,87,91,9,63,5,36,6,30,91,21,27,91,74,30,49,49,96,81,66,0,79,59,63,40,47,53,64,94,34,16,25,64,54,11,74,16,70,20,27,4,10,76,65,88,91,68,99,74,19,82,35,92,36,96,30,17,50,11,18,26,65,20,61,53,11,2,66,87,32,82,31,15,70,23,92,24,85,29,29,58,18,14,24,3,71,67,18,53,58,41,8,89,68,6,21,46,49,25,96,22,79,44,95,79,17,50,23,27,85,26,18,23,5,23,95,68,87,84,92,32,45,90,82,84,42,94,46,38,84,13,99,67,65,80,83,95,96,17,10,25,65,13,28,97,3,3,94,47,59,10,34,40,39,75,25,67,42,49,35,97,9,53,43,27,44,13,99,21,50,53,23,80,31,37,20,7,52,32,50,84,10,94,56,75,46,73,96,81,62,60,65,47,86,24,34,82,51,20,34,98,4,35,78,89,58,75,20,56,80,99,94,29,89,55,97,70,54,9,84,54,21,62,98,60,87,25,2,84,69,65,73,98,31,57,18,38,52,18,99,40,72,15,68,60,30,49,43,92,24,28,36,15,80,71,83,57,5,0,87,38,57,48,92,14,36,1,52]"
