instance,makespan,FA,OS
ta01,1015,"[1,0,0,0,0,1,0,1,1,0,1,1,1,0,0]","[3,1,0,0,5,11,12,6,11,6,12,13,7,4,3,9,8,7,6,11,9,12,10,8,7,4,11,10,9,7,5,9,5,0,0,2,2,13,5,1,6,4,13,8,5,2,11,8,12,14,4,7,7,0,11,1,12,5,2,10,12,1,9,12,3,13,14,13,14,10,0,4,14,8,11,13,7,4,2,2,12,2,13,10,0,1,8,7,14,5,13,6,5,3,6,4,10,3,9,11,8,4,8,8,0,14,7,12,12,4,2,5,0,9,4,10,1,4,10,1,3,5,0,5,14,1,9,6,8,6,1,10,0,12,12,2,4,10,3,6,7,9,6,14,3,2,4,9,11,10,8,9,9,13,6,1,12,13,14,3,1,2,14,8,5,1,11,2,13,7,2,7,14,7,9,0,11,3,13,11,6,14,2,10,11,0,7,10,14,2,1,10,10,8,6,13,4,5,5,6,8,5,14,4,3,6,1,11,13,3,14,11,9,9,0,8,12,7,0,13,3,3,1,12,3]"
ta02,1014,"[1,0,0,1,0,0,0,1,1,1,1,1,1,1,0]","[6,11,1,5,2,9,10,2,7,5,11,3,5,6,7,14,3,5,0,1,9,6,14,0,3,8,11,13,5,3,12,12,13,4,14,9,2,10,12,13,8,2,9,5,13,7,12,10,6,13,1,7,0,9,5,0,6,10,0,3,0,6,13,4,9,2,11,4,2,11,10,7,13,6,7,12,13,14,8,4,9,14,0,7,1,0,11,4,1,5,10,12,4,8,11,14,0,8,6,14,3,14,2,2,5,11,3,14,10,2,0,0,1,11,9,4,13,10,8,14,1,12,5,5,9,12,1,1,13,4,2,7,12,6,8,13,0,12,11,4,2,6,12,7,8,13,2,0,4,8,3,9,12,7,3,7,8,8,6,3,0,5,1,10,2,4,5,5,5,10,1,11,7,11,1,7,4,11,3,6,9,10,2,2,10,4,13,8,4,14,6,7,12,9,14,13,10,9,6,1,10,11,3,8,14,1,14,10,8,8,13,9,3,6,3,12,0,7,1,11,14,4,12,3,9]"
ta03,1045,"[1,1,0,1,1,1,1,0,1,0,0,0,0,1,0]","[4,2,14,11,13,6,4,4,10,2,4,14,12,13,2,3,4,11,8,7,4,6,2,10,10,13,1,3,6,11,3,7,5,8,5,9,5,8,11,2,12,6,8,5,13,12,0,11,13,6,0,14,4,0,10,3,0,9,5,1,12,0,14,7,4,14,13,8,11,1,11,9,3,6,2,14,10,14,9,8,7,9,9,4,4,0,7,0,3,10,14,6,10,6,1,7,9,13,4,14,10,13,1,0,10,11,5,12,2,14,1,9,12,4,8,11,5,12,6,3,3,6,9,3,8,9,7,4,12,0,12,1,2,2,1,7,9,6,12,5,14,5,0,3,9,10,11,6,5,0,7,14,3,13,13,7,7,13,10,13,5,10,1,7,12,13,12,3,9,12,12,8,1,11,8,0,13,8,11,0,9,0,10,14,5,10,5,2,2,7,2,4,6,4,1,1,1,0,6,14,7,3,5,14,8,2,11,10,8,1,8,6,11,7,9,5,13,12,2,3,8,1,11,3,2]"
ta04,1027,"[1,1,1,0,1,1,0,1,0,0,0,1,0,0,0]","[5,5,14,13,6,13,12,7,5,0,1,14,10,14,7,8,3,12,9,14,9,0,3,0,12,10,8,8,7,0,0,3,3,2,6,9,3,0,0,7,1,3,2,9,11,1,6,5,4,12,6,0,8,1,9,2,14,4,5,9,7,11,11,3,13,11,12,7,8,13,14,2,8,12,6,14,4,11,8,6,5,10,5,0,6,1,9,3,14,4,9,2,9,4,3,7,8,1,0,9,1,3,1,10,8,6,4,10,13,5,11,13,11,1,6,12,13,10,5,2,12,10,9,11,7,4,5,0,7,3,13,11,10,3,12,7,7,1,6,9,7,9,4,8,10,2,11,0,10,10,2,12,2,9,1,11,1,13,8,10,3,13,10,5,8,7,2,12,7,11,4,6,5,3,13,1,9,14,4,2,8,13,6,8,2,12,4,4,14,1,2,5,14,4,12,10,2,11,11,14,10,14,7,13,6,5,4,1,13,5,14,14,8,11,4,13,12,2,6,12,0,3,6,0,0]"
ta05,1051,"[1,0,1,0,1,0,0,1,0,0,1,0,1,0,1]","[8,3,0,10,2,3,8,7,0,6,2,10,5,1,3,10,9,5,13,8,10,11,7,3,1,9,3,11,14,4,11,11,1,7,1,12,3,11,8,3,13,4,7,8,10,0,7,3,9,3,14,10,12,4,12,0,13,7,0,1,10,2,7,5,5,12,9,14,0,13,5,14,6,9,5,2,14,5,13,14,5,7,6,6,5,12,0,1,14,8,10,2,13,6,1,8,13,3,13,4,8,11,8,10,4,9,9,7,4,6,2,8,9,1,12,1,7,4,10,10,3,2,0,14,7,4,8,13,5,9,9,1,11,6,13,2,0,10,5,12,8,2,12,6,2,11,12,2,4,6,14,3,0,6,2,1,2,10,14,13,9,7,1,1,6,4,6,9,6,14,4,0,14,5,12,7,12,6,9,13,3,12,12,10,4,11,8,11,7,11,0,4,13,10,1,0,4,9,13,14,11,2,9,11,7,0,5,12,13,8,1,4,6,11,3,5,8,3,12,14,11,5,2,14,0]"
ta06,1037,"[0,0,1,1,1,0,0,0,1,0,1,0,1,1,1]","[12,7,7,4,12,10,7,13,13,13,9,0,5,2,1,10,12,13,3,13,7,6,8,8,10,0,2,6,8,4,1,9,7,6,1,12,1,6,6,10,0,2,2,14,2,13,2,5,5,6,3,10,14,12,1,11,12,6,8,2,4,4,0,13,8,1,8,9,13,11,11,8,5,14,6,10,8,5,9,1,11,9,1,4,11,6,13,3,10,7,6,8,3,11,4,14,10,14,3,2,12,7,13,1,9,14,9,1,12,4,0,5,14,9,12,14,5,5,4,7,4,10,10,2,9,11,12,3,3,10,0,10,0,12,11,11,0,0,4,8,14,7,11,3,2,6,3,5,7,2,8,0,5,14,9,2,11,5,8,12,9,5,7,4,10,9,4,0,8,7,2,10,11,14,14,13,1,8,6,3,9,12,7,1,14,2,11,1,6,0,5,11,0,1,3,14,3,13,9,3,0,4,0,11,7,6,13,2,5,4,10,6,1,7,3,13,12,12,4,13,9,3,5,14,8]"
ta07,1050,"[1,1,0,0,0,0,0,0,1,1,1,0,0,1,1]","[3,13,14,0,9,2,14,4,2,1,4,3,13,11,2,11,4,7,1,7,6,5,7,2,0,13,10,9,5,10,0,7,7,5,2,8,1,1,14,2,12,8,0,1,4,2,8,9,6,5,12,3,8,5,14,11,14,7,10,14,0,6,12,1,13,11,6,6,8,7,1,8,9,12,4,0,10,11,11,8,0,11,12,11,4,0,6,11,9,9,13,9,9,8,7,4,9,2,13,13,3,9,4,1,10,4,11,10,11,6,7,3,3,8,12,3,10,6,7,7,7,10,2,9,6,10,12,5,5,4,14,11,13,4,5,12,3,0,14,10,3,3,7,12,6,6,12,14,0,6,3,0,13,1,13,7,4,11,9,0,14,14,4,10,12,3,8,5,6,2,12,11,12,12,13,6,5,3,5,2,1,11,6,7,8,14,1,13,14,5,5,5,13,8,10,3,2,2,8,10,13,1,4,9,3,1,0,4,1,14,2,0,2,10,8,14,10,9,0,8,9,13,12,5,1]"
ta08,1060,"[1,1,1,1,0,0,1,0,0,0,1,0,0,0,1]","[12,14,1,6,13,2,3,1,4,1,2,14,11,7,0,2,9,9,8,7,11,8,2,0,11,5,6,9,14,1,13,4,4,4,3,11,2,6,2,8,5,12,3,6,9,5,13,14,5,12,13,4,3,8,4,13,7,3,14,9,10,8,1,12,7,0,8,12,0,7,10,3,6,0,10,10,1,5,10,11,4,8,0,5,7,14,0,6,12,9,3,4,1,14,0,13,4,13,8,5,12,9,5,9,3,7,10,2,14,9,13,4,4,10,6,12,1,10,11,0,9,5,1,8,11,10,5,3,0,14,0,8,6,12,6,7,0,12,2,14,8,6,11,11,2,11,13,7,13,2,8,5,3,4,4,2,5,12,1,10,5,8,3,3,3,2,10,5,4,7,14,7,2,9,14,13,6,12,1,0,11,2,11,4,12,14,10,10,1,6,1,9,6,7,7,14,2,10,0,9,1,11,11,8,13,3,0,9,13,10,7,6,14,12,1,11,13,12,9,6,13,3,7,5,8]"
ta09,1085,"[0,1,0,0,0,0,0,1,1,1,0,0,1,1,1]","[12,0,11,0,1,7,8,12,14,9,10,1,5,2,4,11,11,1,0,11,7,7,4,10,2,8,8,9,3,9,9,1,11,9,6,14,12,11,9,11,0,0,12,4,5,13,3,3,13,7,13,2,12,2,10,7,5,14,8,0,5,14,14,11,0,0,13,1,3,7,8,12,4,12,10,9,6,4,13,11,6,7,9,2,10,1,10,9,3,5,11,1,12,6,9,13,1,3,12,4,13,7,8,10,6,10,5,5,11,4,10,13,0,7,7,3,12,10,6,2,12,2,14,1,9,13,11,1,9,7,6,3,8,14,6,13,0,8,14,0,14,14,8,4,5,3,4,3,6,7,2,1,8,14,3,3,9,1,14,0,1,4,5,12,13,8,5,9,6,10,14,13,13,7,1,13,2,12,11,8,2,10,8,4,4,3,10,8,12,14,5,3,0,7,8,6,1,13,0,2,11,2,11,5,14,4,2,5,5,4,4,7,3,6,12,6,10,6,9,2,5,0,10,2,6]"
ta10,1063,"[1,0,0,0,1,1,0,1,0,1,0,1,0,1,0]","[10,0,4,9,4,2,10,2,0,8,5,13,0,9,12,14,12,4,1,13,13,3,1,14,0,14,12,3,7,14,9,1,14,4,2,7,12,4,1,12,6,1,5,4,7,6,9,10,2,10,1,13,11,4,9,2,11,12,6,3,2,7,7,5,10,14,3,5,0,0,6,3,8,3,2,9,0,8,7,0,3,8,6,0,6,12,9,9,6,13,10,3,5,14,10,1,12,3,7,9,3,9,8,2,4,12,5,1,11,8,14,12,1,11,0,5,4,2,12,7,14,10,11,10,8,10,13,1,1,4,14,14,11,2,13,9,13,0,13,0,2,7,4,11,3,0,6,6,8,9,6,4,1,5,4,6,10,12,1,2,5,11,3,10,8,8,14,8,8,6,2,9,14,0,1,12,5,7,13,4,5,10,6,11,14,11,5,11,7,11,9,12,13,3,2,13,3,1,5,13,7,5,10,7,13,7,2,8,6,6,8,4,12,8,3,11,5,9,14,11,13,0,11,7,10]"
ta11,1134,"[1,0,1,1,1,0,1,0,0,0,0,0,0,1,0,0,1,1,0,1]","[10,8,14,16,19,18,13,15,8,17,5,11,8,11,9,6,12,16,1,6,7,2,2,8,15,16,7,13,2,0,11,6,3,19,10,14,13,15,14,4,19,9,13,4,6,12,16,1,1,16,8,4,11,2,11,5,8,19,3,7,14,11,13,9,10,4,7,12,6,18,9,5,2,2,0,1,11,6,10,7,3,14,3,5,11,3,13,15,11,17,9,8,19,2,18,0,12,10,18,10,15,13,18,3,2,10,7,4,9,18,1,12,14,19,4,7,1,11,8,9,6,14,11,15,1,5,14,11,18,17,19,5,12,12,15,18,3,12,9,6,4,4,6,1,10,0,3,8,4,17,18,2,18,7,0,9,7,8,1,12,16,15,9,16,10,11,11,14,5,18,5,5,13,7,10,16,4,12,17,7,12,18,17,1,18,3,3,4,2,19,7,17,0,3,10,19,17,0,13,4,12,15,8,14,16,0,2,15,12,7,15,0,19,0,13,0,6,6,1,15,5,1,8,9,17,8,2,1,10,5,13,13,19,2,13,12,17,19,9,12,10,0,13,5,17,14,3,4,3,5,19,6,17,6,8,0,1,11,19,8,18,19,0,16,17,18,16,5,4,4,1,0,15,10,14,3,10,14,15,2,3,16,5,14,16,2,7,15,6,16,17,6,7,17,13,14,9,16,9,9]"
ta12,1146,"[1,0,1,0,1,1,0,0,0,1,1,1,0,0,1,0,0,1,0,0]","[6,3,19,7,18,3,15,4,8,16,0,18,11,11,5,11,18,11,9,16,2,2,3,7,3,4,18,8,19,17,8,10,2,1,12,15,12,9,6,17,19,3,13,10,13,15,0,11,6,6,2,16,9,13,1,8,5,14,12,17,17,14,7,12,15,15,2,0,13,9,4,14,15,4,6,10,4,9,19,8,5,6,15,4,5,12,9,18,4,8,0,3,10,15,7,6,9,16,12,17,10,6,13,5,4,18,18,12,8,18,6,1,2,0,19,0,0,18,5,0,7,19,6,10,11,7,8,18,5,15,16,14,16,14,16,6,3,19,15,12,16,11,11,1,7,3,7,19,0,5,0,12,3,2,4,11,4,1,3,8,12,1,13,12,16,9,17,10,9,17,14,13,5,18,17,10,17,1,1,3,5,12,15,3,16,5,7,3,16,13,13,14,1,10,13,19,13,10,1,17,1,6,11,6,14,2,15,19,16,19,2,19,0,19,17,18,14,8,13,7,6,14,5,1,2,14,3,7,14,9,10,9,8,1,15,8,17,11,12,0,4,13,2,3,2,1,11,11,9,10,12,17,18,4,7,18,5,15,10,17,12,17,11,13,7,2,1,2,18,8,15,13,8,16,11,7,9,19,0,4,4,5,6,16,10,0,9,10,14,0,8,19,7,16,5,9,2,4,14,14]"
ta13,1093,"[0,1,1,0,1,1,0,1,0,0,0,0,0,1,1,0,0,0,1,0]","[3,4,8,12,5,3,17,17,0,6,9,9,18,12,1,10,9,0,14,8,11,5,3,8,9,9,1,6,17,19,16,3,0,0,17,15,10,14,4,17,16,1,19,6,19,12,8,7,11,14,16,8,4,6,17,15,16,7,6,1,2,2,15,4,1,13,18,8,11,16,15,6,0,7,17,11,13,13,18,10,11,3,4,1,6,2,13,5,2,14,3,7,3,11,18,0,1,0,2,8,1,10,14,6,5,9,18,12,6,16,9,9,18,15,16,15,14,18,1,10,4,14,12,13,5,0,15,5,10,13,13,14,3,19,12,18,10,17,11,12,1,14,8,3,3,15,13,18,5,16,12,11,19,13,4,6,12,7,7,16,19,12,10,19,4,2,19,7,5,5,0,15,12,19,10,5,3,2,10,16,9,15,14,0,13,4,0,10,0,0,1,5,19,15,0,16,19,15,8,13,17,7,2,0,7,18,7,4,19,7,2,14,1,13,9,5,7,19,4,6,19,18,5,13,3,18,8,9,11,19,11,3,8,12,16,8,7,3,5,17,9,4,12,6,7,5,17,16,7,12,8,2,4,1,6,15,17,17,9,10,13,2,18,1,16,4,2,8,17,2,11,15,15,16,8,14,14,18,10,14,17,6,11,4,13,9,1,2,2,6,11,11,14,12,10,11,10,3,18,9]"
ta14,1071,"[0,1,0,0,1,0,0,0,1,1,0,1,1,1,1,1,0,0,0,1]","[8,16,15,15,4,4,6,5,19,2,7,5,4,17,4,0,4,3,2,14,4,13,3,13,17,8,13,13,12,4,8,14,11,13,12,9,16,4,4,8,10,13,2,15,17,6,0,7,16,7,16,2,9,9,19,1,8,19,1,9,10,0,6,14,16,10,7,19,16,18,12,7,18,1,2,14,14,15,2,6,16,10,16,3,0,10,4,13,18,5,18,10,19,13,5,2,14,17,7,14,5,7,19,5,17,9,1,16,14,5,11,9,4,10,7,18,15,2,16,4,17,11,19,8,1,6,18,10,2,3,7,11,15,18,3,5,12,11,15,3,1,5,10,3,13,3,16,12,15,17,5,11,1,1,14,6,17,11,0,6,18,19,9,12,12,11,9,0,18,18,12,11,11,0,19,0,7,7,19,4,12,17,17,12,7,6,14,1,8,9,12,0,0,1,5,15,2,4,3,19,6,8,16,18,6,3,2,19,12,18,13,15,18,9,15,13,10,7,19,11,17,9,9,12,5,16,3,0,8,9,1,17,6,10,6,7,11,8,2,11,0,8,3,13,10,0,8,17,11,7,1,15,2,14,6,14,5,18,6,13,13,8,15,9,15,12,3,2,3,16,5,14,0,14,8,19,4,10,2,17,1,10,3,5,1,19,16,9,14,6,1,17,15,8,11,10,0,13,12,18]"
ta15,1129,"[1,0,1,1,0,0,1,0,1,0,1,0,1,0,1,0,0,0,1,0]","[8,16,6,15,16,11,0,9,13,9,12,17,16,6,5,11,14,18,4,9,8,13,1,19,9,10,7,1,10,14,16,14,5,11,14,5,19,5,18,7,15,10,2,6,15,17,14,12,7,13,12,18,10,19,1,12,16,18,11,1,4,15,18,17,10,19,18,11,18,2,1,19,16,2,2,12,4,9,1,15,15,12,5,11,4,2,7,4,0,13,17,7,15,18,2,12,18,6,15,8,7,0,0,8,8,17,4,7,8,1,9,12,13,12,14,4,3,8,14,6,2,19,15,6,0,4,9,11,8,11,9,14,1,0,0,4,14,5,1,19,3,12,12,8,12,7,18,4,13,17,13,2,8,14,10,14,7,7,4,11,11,13,17,8,19,2,5,11,10,13,16,9,18,16,17,3,13,14,3,6,18,4,19,3,8,7,19,19,1,9,0,10,13,14,15,3,6,10,11,13,5,19,16,8,5,10,1,9,6,1,6,6,11,3,2,17,10,15,9,5,4,17,12,0,17,3,13,6,16,17,7,19,8,6,1,14,16,13,1,4,5,16,3,0,11,12,7,7,2,5,9,13,10,11,0,15,1,9,10,19,0,3,15,14,3,18,18,17,8,2,19,12,6,15,0,2,0,10,0,7,16,6,5,9,4,3,5,2,3,18,10,16,16,3,3,17,5,15,2,17]"
ta16,1168,"[1,1,1,0,0,1,0,1,1,0,0,0,1,0,1,0,0,0,1,1]","[16,15,5,9,17,13,2,11,11,8,9,8,2,4,17,4,8,17,17,17,6,7,14,14,0,2,6,15,0,16,3,13,16,19,14,13,10,6,19,0,0,1,4,7,6,3,8,16,18,13,11,10,19,19,12,11,15,10,14,9,13,1,19,7,3,7,17,18,0,5,6,0,11,16,8,14,3,12,15,17,2,3,17,11,4,0,18,0,11,12,5,9,5,10,1,19,17,1,15,3,18,5,4,11,17,12,2,10,14,0,18,5,9,13,10,1,6,10,9,12,2,18,18,7,10,13,15,15,3,9,10,6,6,6,10,15,14,4,1,14,2,8,19,2,11,11,9,1,7,13,19,11,17,18,16,6,19,10,3,5,3,11,3,9,8,9,7,16,19,14,2,13,5,12,5,4,1,11,0,14,12,12,7,18,12,10,13,7,5,0,6,19,4,8,15,1,17,0,12,15,5,5,17,16,18,9,2,11,7,4,4,12,4,15,6,18,2,8,7,3,13,16,16,9,3,19,16,8,16,1,14,19,19,12,10,4,7,4,5,1,0,16,19,16,3,1,3,10,13,1,0,14,1,8,12,2,18,13,5,18,2,13,4,13,11,6,17,17,3,9,15,12,12,8,6,7,14,5,18,14,4,7,1,16,8,15,2,9,6,9,10,15,2,18,14,15,7,8,0,8]"
ta17,1153,"[0,0,1,0,0,1,0,1,0,1,1,0,1,1,1,1,1,1,1,0]","[10,17,14,12,3,1,14,16,19,1,9,19,1,18,5,14,14,12,18,7,11,2,5,15,11,3,11,12,15,16,2,16,6,0,7,10,0,1,18,16,1,9,1,0,6,19,8,15,10,5,3,3,10,10,5,3,16,14,5,8,11,2,10,19,3,2,5,1,8,2,9,11,0,8,6,13,12,11,11,12,0,10,4,6,6,9,4,17,16,8,0,15,0,18,3,11,4,4,12,19,12,2,1,4,4,1,16,4,8,17,18,9,12,13,18,15,4,7,15,9,4,7,13,12,8,12,4,11,14,0,13,7,19,14,2,14,1,15,9,16,6,15,17,15,15,6,7,10,18,17,19,3,4,16,10,9,1,8,17,10,13,7,2,3,14,1,9,15,11,12,6,0,16,15,14,8,16,16,5,10,17,13,19,13,4,6,14,11,0,9,17,18,8,10,2,5,1,5,13,6,0,12,18,17,5,10,19,9,8,3,13,1,12,6,7,5,17,7,19,2,4,2,18,0,19,18,10,13,3,17,7,19,19,19,1,13,15,8,9,14,12,6,5,13,11,7,18,7,12,14,8,5,19,5,2,13,11,13,0,7,0,14,17,18,8,3,2,9,16,8,10,7,18,17,4,17,3,16,14,2,11,3,6,5,18,13,11,9,17,4,2,15,15,16,6,7,6,9,0,3]"
ta18,1159,"[0,0,0,1,1,0,0,1,0,0,0,1,1,0,1,0,1,1,1,1]","[10,11,5,16,13,18,4,12,16,2,18,10,9,8,6,6,9,1,1,19,0,8,10,7,8,10,1,16,11,1,11,8,3,7,9,12,14,15,12,10,8,12,11,9,11,17,14,4,0,19,1,0,2,7,0,9,3,16,16,18,6,1,10,12,5,4,5,5,13,19,19,15,6,17,6,7,4,8,3,15,4,2,8,14,1,13,12,19,18,7,2,4,11,17,7,3,5,15,13,2,3,13,2,5,5,3,7,3,13,6,14,11,1,5,17,15,19,1,1,16,6,4,15,14,16,3,4,9,0,13,1,17,8,5,12,6,17,10,15,9,14,9,18,18,17,14,6,18,12,8,0,8,0,10,14,13,5,10,2,2,15,16,2,6,11,11,10,1,19,5,0,9,0,7,9,10,15,3,14,10,19,16,4,9,19,2,12,13,13,7,0,15,0,12,19,17,5,14,12,18,19,3,7,11,0,18,5,3,12,1,6,7,16,14,12,6,19,0,13,7,14,10,11,11,9,13,18,13,15,8,2,3,1,2,17,9,3,6,13,7,14,9,17,12,18,15,19,3,9,6,4,17,18,4,15,8,10,16,2,14,5,4,7,11,8,6,16,2,16,8,18,10,12,16,11,15,14,18,5,11,19,3,17,17,16,7,1,18,4,15,8,0,4,17,17,0,13,2,19,4]"
ta19,1096,"[0,0,1,0,1,1,1,0,0,1,1,1,1,1,0,1,0,1,0,0]","[3,13,1,16,15,4,17,19,19,17,5,5,1,2,17,14,1,3,18,10,6,7,16,17,17,10,2,3,7,2,11,10,19,8,3,5,3,18,2,3,12,19,0,11,1,0,12,11,7,12,2,18,19,18,11,13,10,12,9,13,5,11,15,4,8,5,0,6,3,9,4,5,9,0,7,3,14,15,17,7,16,10,16,19,6,15,15,16,1,14,6,6,16,11,6,4,17,2,7,4,4,0,8,16,3,1,5,4,15,12,4,11,0,13,8,15,5,5,12,9,0,14,13,18,17,7,5,14,9,6,16,7,15,19,17,0,12,8,4,2,14,10,9,17,13,16,16,8,3,14,12,3,4,9,2,8,18,10,17,17,18,13,10,19,1,14,5,7,11,13,10,6,6,8,9,11,16,9,18,8,19,10,11,2,7,1,0,6,5,15,9,6,0,3,13,1,4,0,12,14,18,12,3,3,19,2,15,0,5,11,14,19,16,18,13,15,10,18,2,14,12,8,9,7,13,9,2,7,1,10,4,1,3,9,18,11,0,8,15,19,2,0,9,18,12,19,4,2,11,4,6,5,15,10,14,15,9,10,17,16,16,15,11,17,5,12,11,8,7,8,1,2,1,12,13,10,1,18,12,4,8,14,17,13,19,19,14,7,6,6,6,18,13,13,16,14,1,0,8,7]"
ta20,1159,"[0,0,1,1,1,1,0,0,1,1,1,1,0,0,0,1,0,0,1,0]","[9,1,13,10,11,7,0,19,11,1,14,11,9,13,13,11,14,14,17,9,1,1,10,3,4,16,9,18,8,1,12,8,19,11,10,5,10,10,19,19,0,2,1,17,13,7,11,12,19,16,14,3,4,18,4,4,19,6,2,19,6,1,19,6,3,6,8,2,2,3,13,16,4,17,18,17,8,9,9,2,5,12,6,10,12,19,13,8,7,2,17,0,7,6,7,18,15,0,15,15,14,15,15,0,16,17,17,0,16,6,15,0,9,15,14,17,8,5,19,4,19,16,4,18,17,8,15,7,0,7,13,10,10,17,5,8,8,12,2,11,14,3,3,2,0,3,15,12,10,14,6,4,16,11,0,5,11,16,2,11,5,16,5,15,2,9,8,5,12,3,6,17,4,9,9,19,1,8,11,4,12,17,19,5,6,13,13,10,1,9,14,3,6,3,1,6,2,13,11,18,0,19,19,12,13,0,6,8,14,15,5,13,4,12,9,2,3,11,8,18,1,0,3,3,18,7,14,15,5,14,18,3,2,0,18,5,9,13,11,1,10,18,4,12,18,8,10,9,5,9,12,16,7,17,7,14,18,12,17,12,7,2,16,18,2,4,7,10,13,11,4,15,17,5,13,16,10,15,14,18,16,14,0,16,10,1,6,1,16,1,6,7,12,8,4,7,5,3,7,15]"
ta21,1467,"[1,0,0,0,1,0,0,1,1,0,1,1,0,1,1,1,0,0,1,1]","[10,4,6,19,13,18,9,16,10,4,6,15,17,7,12,19,1,13,16,17,7,0,6,0,15,16,19,6,16,4,12,13,17,9,8,7,19,5,8,16,3,8,19,14,18,10,11,7,2,13,17,9,12,19,0,2,6,18,9,10,13,14,1,18,2,13,16,3,3,15,6,8,14,14,16,19,6,11,15,2,15,11,8,19,8,16,5,9,18,16,1,15,6,2,12,3,8,1,12,4,8,6,19,1,4,5,7,10,13,5,13,5,9,9,19,0,5,17,9,4,1,13,17,4,10,4,1,7,5,14,5,11,0,15,12,4,17,0,1,8,16,19,0,8,10,18,15,18,7,12,2,7,13,14,7,12,6,8,2,10,4,12,11,9,13,1,1,15,0,3,10,7,3,9,11,14,14,10,2,6,3,1,5,0,3,0,2,5,16,15,9,17,12,7,5,10,11,10,14,6,5,11,3,8,13,5,6,8,4,13,2,15,17,4,5,14,11,2,18,7,14,12,7,9,18,4,13,1,9,10,12,18,17,13,4,12,0,10,18,19,1,16,6,11,9,10,17,19,8,11,6,11,12,9,0,14,4,14,15,11,18,6,5,16,18,17,12,14,18,16,17,15,8,16,14,19,12,11,17,5,16,6,11,13,3,3,7,4,3,18,2,6,19,15,16,10,3,11,0,2,5,10,12,10,17,3,9,18,1,10,8,6,19,19,18,12,13,10,4,8,11,15,17,18,19,5,14,1,2,15,0,9,0,0,1,9,2,18,0,17,14,16,4,15,13,14,3,12,1,17,0,7,9,15,3,2,11,19,14,13,0,18,3,17,11,9,3,5,8,7,11,7,3,1,15,1,7,0,3,8,7,5,16,2,8,12,13,4,1,2,6,17,2,19,16,2,4,15,7,14]"
ta22,1398,"[1,0,1,1,0,0,0,1,1,0,1,1,1,0,1,0,1,1,0,0]","[10,12,15,10,16,9,19,12,13,0,15,14,15,9,3,5,12,18,13,10,10,1,18,7,11,1,11,11,6,19,3,14,12,14,6,3,11,17,5,2,1,13,7,0,4,19,2,14,1,7,8,9,2,19,3,11,2,13,8,6,1,8,5,9,16,11,7,2,10,4,0,13,2,1,4,18,18,5,7,17,3,6,16,17,10,11,8,7,9,15,10,4,10,13,15,10,16,1,9,3,17,19,17,17,15,8,15,18,16,9,4,12,18,4,8,14,7,7,13,0,1,0,13,19,6,5,4,12,6,11,4,1,9,5,5,9,15,8,10,19,8,7,12,18,17,19,15,16,19,16,14,3,8,10,4,11,4,9,17,2,6,16,6,17,8,6,1,19,9,0,5,0,14,12,10,2,10,17,4,9,2,17,14,4,13,14,7,12,19,18,11,8,11,5,5,14,8,6,0,0,17,8,16,7,2,5,6,7,13,1,17,3,14,3,1,6,4,14,15,11,4,0,3,11,6,11,14,15,17,0,14,12,5,5,14,6,1,1,15,0,8,19,7,13,19,10,16,8,3,19,15,11,5,18,11,13,9,3,18,2,12,2,2,19,6,5,0,4,3,17,14,2,13,19,13,8,11,14,12,3,12,18,19,7,6,1,17,14,9,19,3,10,15,16,18,18,12,4,1,7,12,15,13,11,15,17,17,12,17,7,16,1,2,16,16,10,7,9,15,18,9,5,13,15,18,10,13,8,16,12,6,8,7,18,17,16,3,3,9,0,2,16,3,11,4,2,18,9,5,12,14,2,0,2,16,0,10,0,15,13,16,9,15,3,19,2,0,1,4,12,8,14,18,3,4,19,7,11,5,18,13,1,9,1,5,4,18,12,16,6,6,10,6,10,0,13,0,5,8,7]"
ta23,1394,"[0,1,0,1,1,0,0,0,0,1,1,0,1,1,0,1,1,0,0,1]","[14,17,14,12,11,16,11,15,18,7,16,4,10,13,18,1,17,3,4,19,10,17,7,2,0,1,7,9,12,18,5,16,2,7,13,8,18,7,6,9,15,16,14,16,5,15,10,18,11,7,6,4,4,13,14,11,18,12,1,11,3,11,6,8,0,5,1,3,1,14,19,2,7,7,1,14,4,19,10,2,12,10,6,11,7,4,12,6,12,18,3,6,9,15,11,1,0,14,7,9,2,9,0,0,5,8,19,18,17,13,8,6,5,10,12,0,18,15,17,6,19,19,2,5,8,4,0,17,18,9,3,4,0,12,16,19,8,4,7,7,4,2,7,19,12,13,9,11,3,17,13,6,6,12,13,19,10,14,14,9,13,8,9,11,15,12,18,4,2,16,9,13,14,2,14,10,13,8,3,3,11,19,13,1,10,17,18,19,16,3,19,16,16,8,14,10,14,12,2,3,10,6,14,0,5,14,12,5,0,8,9,11,8,12,17,11,18,12,9,0,3,13,9,1,10,6,17,17,5,3,15,15,4,14,11,15,16,1,8,2,6,10,5,1,0,5,1,1,16,16,16,8,2,17,2,17,11,7,15,1,9,15,8,17,6,14,9,10,3,5,8,19,5,17,0,5,0,14,5,19,8,19,15,13,13,15,18,9,17,4,18,11,12,18,8,2,0,7,11,2,13,9,16,1,5,17,3,18,15,11,13,13,16,7,9,19,14,19,0,6,4,16,15,5,12,18,9,17,13,5,19,15,16,2,4,0,1,5,3,0,19,10,4,12,6,7,4,8,10,10,17,6,16,1,4,18,17,15,16,14,15,12,6,3,4,3,13,5,10,0,4,7,6,3,18,8,1,0,15,3,2,7,8,1,7,11,1,11,10,12,2,10,2,2,9,19,13,3,6,15]"
ta24,1438,"[0,1,1,0,1,1,1,1,1,0,0,0,0,0,1,0,0,1,1,0]","[7,4,3,3,16,18,4,4,5,14,17,14,6,14,5,8,9,10,12,10,14,1,16,0,14,8,6,6,13,11,6,3,6,10,16,2,13,2,14,3,8,17,17,4,19,15,0,6,17,19,7,10,3,7,3,18,9,13,10,5,2,9,6,15,11,14,12,17,17,11,14,7,13,14,2,17,7,4,18,3,2,1,2,7,8,15,10,11,11,11,1,7,8,0,3,5,17,13,1,19,4,11,4,12,15,13,0,16,0,16,15,19,4,15,15,9,10,19,19,10,17,9,3,5,11,4,2,11,18,7,11,0,16,11,3,1,2,16,4,8,3,9,6,19,7,9,13,0,12,14,3,13,0,19,8,0,16,17,18,19,2,8,15,3,11,1,13,1,12,1,6,5,5,15,0,6,12,9,8,2,0,18,5,11,17,8,15,16,4,8,5,5,3,5,0,13,7,19,16,8,19,1,12,10,19,4,5,11,7,7,4,8,18,18,4,9,16,2,0,1,12,5,0,19,2,15,18,1,7,2,13,13,13,10,4,0,5,12,0,16,1,10,7,6,5,18,17,13,15,16,14,9,7,13,12,2,13,10,1,1,17,16,17,7,6,6,17,15,12,6,3,1,12,18,15,12,18,18,8,6,5,14,2,10,19,17,3,13,16,8,17,19,2,9,7,14,14,14,4,12,1,19,5,19,16,11,3,9,4,4,5,0,11,2,14,9,10,8,5,9,15,4,18,7,6,18,18,13,1,10,10,8,7,13,8,15,9,13,11,17,0,10,8,9,10,14,0,6,2,14,12,11,7,18,15,12,5,12,15,9,9,6,1,17,19,12,9,12,2,8,16,6,6,19,15,18,9,10,14,3,11,16,16,1,2,12,16,3,14,4,1,0,3,10,19,17,11,18,18,15]"
ta25,1402,"[0,0,0,1,0,1,0,0,0,0,1,1,0,0,1,1,1,0,1,1]","[6,5,2,12,15,9,8,12,2,12,15,11,18,15,14,13,19,0,18,16,8,7,0,11,3,14,3,6,13,15,4,17,1,16,6,5,19,18,1,5,4,3,17,7,5,2,9,17,18,0,12,15,16,3,17,10,15,0,9,9,9,11,0,15,2,10,8,10,14,1,2,7,13,7,5,11,0,19,19,19,0,7,9,1,19,12,12,7,8,8,10,0,10,2,12,3,1,9,1,13,17,11,8,3,4,5,2,4,17,6,8,1,4,10,12,16,13,7,17,12,6,16,14,6,3,15,17,8,12,11,13,3,3,17,15,17,6,5,0,0,18,10,11,16,2,1,2,4,6,0,2,9,8,19,13,5,8,5,3,13,7,18,5,5,10,13,14,0,9,15,4,13,9,11,19,14,18,14,14,15,19,16,8,17,5,16,16,11,10,1,17,7,6,8,7,4,10,0,12,9,18,9,14,14,18,8,7,12,6,18,3,5,18,1,9,6,15,18,19,2,7,4,2,12,16,2,1,15,18,13,1,4,18,1,12,8,8,10,13,14,16,6,4,11,7,0,9,1,6,12,11,5,14,19,2,15,14,13,19,3,19,14,18,13,16,4,0,2,2,11,12,6,15,16,5,14,10,19,16,3,11,1,7,16,11,9,6,0,4,15,11,4,13,6,7,19,17,5,19,8,13,19,17,4,3,12,5,17,4,1,13,17,7,14,9,14,6,5,10,11,12,13,1,7,3,8,13,1,5,10,7,10,18,12,9,3,15,7,8,18,10,4,19,11,17,4,6,9,3,0,0,15,18,6,3,0,10,9,2,18,11,14,3,3,17,5,14,10,16,1,19,8,2,15,6,2,18,13,15,1,11,9,16,4,19,12,17,14,10,16,7,11,2,4,17,10,16,0,16,8]"
ta26,1461,"[0,0,1,1,0,0,1,0,1,0,1,1,1,0,1,0,1,0,0,0]","[4,10,5,14,11,19,13,18,3,7,3,14,0,8,13,6,3,17,5,14,9,1,0,11,11,12,19,14,19,9,1,18,15,9,15,11,8,16,8,4,7,8,7,1,3,18,4,11,15,14,11,10,17,8,14,0,12,3,8,14,15,15,18,7,14,6,11,9,2,18,9,10,2,3,2,16,9,10,2,3,8,13,7,4,2,16,15,12,7,5,9,12,17,16,10,13,8,10,17,1,3,13,15,8,16,7,19,9,4,1,2,2,9,1,1,18,14,4,3,15,12,12,18,17,17,14,5,7,8,12,15,19,3,13,2,0,2,6,13,6,16,12,1,19,19,19,6,16,0,0,19,17,16,8,16,13,12,15,10,7,15,4,4,12,16,17,4,6,0,16,2,16,9,9,14,17,17,2,10,11,18,6,1,0,1,12,0,1,16,4,1,14,13,1,2,9,10,5,2,12,14,4,7,5,14,6,12,3,3,3,17,4,7,19,17,7,4,6,12,9,7,10,16,11,6,5,0,17,5,7,13,15,5,10,17,9,1,15,11,18,5,6,11,0,10,10,5,11,2,2,1,18,14,9,15,7,13,3,1,3,4,12,4,19,13,18,18,7,3,4,18,13,17,5,13,9,5,12,14,19,0,8,6,12,10,16,10,5,13,18,19,11,15,1,5,6,4,9,1,10,6,0,7,3,16,17,11,15,8,3,12,3,0,1,12,11,19,13,5,18,8,4,6,11,9,0,0,1,8,8,17,14,7,10,15,8,10,8,13,19,5,0,5,11,7,16,15,14,15,17,14,17,19,3,6,6,10,19,9,18,9,7,2,13,5,11,2,2,13,18,10,16,6,0,18,15,2,4,19,0,18,12,14,13,6,8,18,8,0,11,2,16,4,16,19,6,17,11,19,5]"
ta27,1501,"[0,0,1,1,0,1,1,0,0,0,1,1,0,1,1,1,0,0,1,0]","[2,7,14,8,14,19,8,17,13,7,5,19,8,8,10,9,1,5,19,5,11,1,5,4,16,10,16,0,12,6,5,19,10,15,1,15,12,12,19,2,7,12,3,17,8,14,6,2,11,16,15,7,15,17,2,10,17,8,4,16,6,3,17,9,8,13,13,10,0,17,19,9,6,11,0,12,13,16,6,18,5,19,13,11,2,16,12,17,14,18,18,9,16,0,14,17,12,19,0,3,1,10,1,0,15,10,1,17,0,16,10,4,4,15,1,19,16,1,2,12,9,13,0,5,12,1,9,16,15,11,11,18,1,18,7,14,17,13,11,19,5,18,3,14,18,10,1,6,4,5,17,9,14,13,3,9,6,7,10,6,10,18,16,13,2,14,5,3,6,13,2,18,6,18,7,4,3,10,7,18,11,1,3,19,7,5,8,13,1,11,10,17,8,10,8,19,7,13,2,6,15,3,4,1,12,12,0,8,11,4,9,9,14,3,7,17,16,12,1,14,19,18,1,0,13,13,8,11,12,2,8,5,14,18,0,5,19,10,3,13,6,14,2,3,2,11,11,9,12,15,6,16,7,1,7,0,4,9,9,4,4,8,11,2,0,2,4,16,5,9,8,2,0,0,10,18,17,17,3,18,15,5,12,15,12,12,4,11,8,7,10,3,15,5,19,18,3,4,6,18,15,7,14,2,11,16,14,17,17,6,9,11,10,15,7,16,12,13,9,19,15,16,14,15,0,12,4,9,14,3,18,14,10,1,18,13,7,6,3,6,5,9,16,15,3,15,11,0,1,14,4,6,4,7,8,6,11,0,15,2,9,13,0,13,7,0,8,4,2,8,3,18,6,3,10,2,7,5,14,17,16,19,13,16,5,4,8,9,11,5,19,15,19,4,1,12,17,17,2,19]"
ta28,1493,"[0,0,0,0,0,1,1,1,1,1,0,1,1,0,1,1,0,1,0,0]","[9,16,9,4,3,5,17,0,3,10,1,11,14,16,5,19,13,9,8,17,7,18,11,3,5,1,11,17,8,4,14,15,2,11,14,1,14,11,9,17,4,4,15,15,16,0,8,3,4,5,17,8,0,19,13,1,12,15,0,14,12,14,6,14,18,4,17,13,19,1,18,2,9,18,6,8,15,17,8,17,18,5,19,15,2,5,19,7,0,1,3,10,10,6,2,11,7,15,18,0,3,17,6,7,2,15,19,10,16,13,7,19,5,8,17,8,7,6,12,19,5,5,18,14,11,1,16,6,11,2,3,7,0,7,13,10,2,19,4,14,0,10,15,15,16,4,0,5,0,14,6,3,9,18,11,7,15,4,18,13,16,15,17,8,2,18,13,17,19,2,13,1,10,9,4,3,13,2,19,2,0,19,10,16,14,12,13,2,16,15,6,0,6,4,12,10,10,7,8,14,7,16,12,4,11,17,14,16,19,0,7,9,0,18,1,9,10,1,5,10,14,0,7,12,1,1,16,15,16,5,18,18,9,13,17,13,14,8,13,0,3,0,12,11,16,12,12,13,16,10,6,10,16,8,15,1,3,9,12,5,8,16,4,13,19,11,3,13,7,12,6,3,7,0,6,6,9,9,6,8,1,11,12,6,2,16,1,18,9,1,8,11,1,4,12,7,11,2,2,12,0,6,2,10,11,8,14,7,18,9,2,18,12,5,13,5,13,3,7,4,6,10,19,1,14,15,8,10,14,8,6,17,12,10,1,19,4,3,15,7,6,0,19,2,16,17,3,9,11,4,9,3,11,18,18,19,13,12,17,18,14,12,4,4,5,15,10,9,5,19,9,8,11,7,4,11,12,3,19,17,9,2,8,13,3,14,17,5,3,5,15,18,10,17,2,15,6,5,16,1]"
ta29,1484,"[0,0,1,0,1,1,1,0,0,1,1,0,0,0,0,0,0,1,1,1]","[9,5,8,2,4,19,5,16,18,10,15,15,12,5,13,2,1,10,5,14,1,18,10,12,13,8,8,5,6,3,11,4,15,5,0,12,3,0,6,13,17,4,9,17,2,8,12,7,16,19,19,2,15,2,13,2,12,7,17,1,18,15,19,14,10,2,17,8,4,10,5,9,5,19,3,19,7,12,0,9,15,3,17,18,0,12,17,8,14,12,1,8,19,16,17,4,11,10,4,18,5,14,2,9,1,14,11,3,16,5,9,12,10,10,6,19,17,8,16,0,10,7,18,2,3,18,14,13,14,6,15,8,9,17,6,10,0,13,8,18,11,2,18,14,0,18,18,11,6,5,16,3,19,9,13,13,4,8,1,4,3,17,18,6,7,15,6,13,19,11,1,7,12,11,0,15,0,17,3,18,14,17,16,3,6,18,1,9,10,1,6,8,7,1,5,10,3,13,11,14,9,6,4,16,17,7,16,11,19,9,7,4,3,11,13,11,9,3,2,4,3,14,16,16,5,7,18,16,12,9,2,9,16,16,2,15,11,4,2,17,19,15,0,11,2,19,6,9,1,1,12,0,0,18,14,9,7,1,8,3,7,12,2,1,15,17,4,0,12,19,5,5,16,1,6,14,6,13,16,8,9,15,10,7,8,16,0,7,13,19,12,17,6,16,6,11,14,15,17,12,4,10,17,15,10,13,2,1,18,17,6,11,4,6,5,11,12,13,14,14,0,19,4,0,11,1,3,13,13,2,19,5,10,16,12,8,10,4,14,19,18,5,5,0,0,15,6,1,14,15,13,4,9,7,0,18,12,3,7,10,2,15,4,14,7,18,7,12,10,8,15,10,11,13,14,8,6,5,11,1,2,13,19,8,8,3,9,11,19,17,9,15,7,3,3,4,0,16,1,7]"
ta30,1492,"[0,1,0,0,1,1,1,0,0,0,1,0,0,0,1,1,0,1,1,1]","[5,18,19,1,13,4,17,16,6,4,11,18,17,2,10,6,4,4,13,3,10,4,5,19,13,6,0,13,4,9,6,12,19,13,13,16,13,11,12,18,15,10,12,8,6,4,6,14,16,15,5,19,1,17,5,18,14,1,2,3,18,17,14,8,2,18,10,11,16,14,9,6,9,1,1,16,5,6,19,10,3,0,11,7,15,1,7,12,9,11,14,13,5,7,18,10,18,4,3,3,6,3,1,10,1,3,15,19,14,3,6,6,1,14,15,17,11,0,7,5,13,2,11,11,2,4,8,5,17,17,7,6,18,9,15,18,1,17,15,14,2,19,3,18,0,3,0,10,5,12,9,2,5,19,9,11,14,8,14,7,7,16,19,0,3,6,15,11,12,18,16,16,0,18,13,17,15,7,7,1,13,12,3,16,12,7,1,19,0,19,18,2,18,8,10,0,0,6,11,15,17,18,11,10,14,9,10,16,16,17,9,0,17,10,5,14,10,15,9,14,4,8,13,11,7,9,1,12,16,8,14,18,17,4,13,4,10,5,5,1,15,10,15,15,1,16,13,12,9,3,5,0,15,17,18,6,4,1,5,4,15,4,19,10,0,8,1,2,5,9,12,3,4,12,7,4,11,2,19,16,8,6,16,4,14,2,8,6,2,5,2,14,7,18,12,7,14,5,0,17,16,7,2,2,17,19,1,15,12,5,7,16,13,1,14,3,15,5,14,2,13,19,3,11,19,16,17,8,19,19,11,12,15,4,8,2,17,9,9,0,16,13,6,10,12,9,0,2,10,6,13,8,7,19,16,9,2,7,0,6,8,9,12,2,9,8,12,7,11,17,10,3,11,11,8,12,13,14,17,4,8,8,7,3,3,15,13,8,0,11,9,0,8,18,12,10,0,3,1,19]"
ta31,1342,"[1,1,1,0,0,0,1,0,1,0,1,1,0,0,1,1,0,0,1,0,1,1,0,0,1,0,1,1,1,0]","[11,25,20,22,5,0,22,0,6,0,4,29,8,22,15,29,0,15,16,13,21,20,14,15,12,8,27,9,21,18,6,28,15,19,24,28,8,21,16,3,23,1,23,17,7,28,11,19,22,6,9,12,14,4,15,19,20,4,13,22,17,28,25,18,20,2,25,0,7,10,16,15,8,11,19,15,17,7,23,9,18,11,27,6,27,2,21,14,29,0,16,2,20,1,1,24,6,29,19,9,5,5,7,0,25,12,7,19,20,17,7,25,24,3,17,29,12,28,11,16,14,2,20,22,1,8,24,19,6,21,16,13,21,2,9,10,4,4,23,10,24,28,17,0,13,26,11,29,29,20,25,17,8,16,24,19,13,18,6,4,26,28,23,14,9,26,28,10,21,9,4,28,26,4,13,6,24,14,20,5,3,19,19,19,28,9,25,11,5,17,8,24,21,23,28,3,16,17,10,25,21,18,15,10,22,26,8,29,25,12,13,20,1,5,22,26,3,14,5,7,23,3,21,15,29,2,27,6,16,29,26,17,14,15,3,5,4,10,18,3,6,5,14,27,21,29,8,26,1,19,2,13,21,1,18,6,5,26,4,11,7,8,5,20,12,10,1,18,23,16,7,2,22,25,22,22,17,26,17,18,25,8,9,12,26,27,12,11,12,24,0,27,14,27,21,23,7,5,11,3,22,3,5,16,18,3,12,0,5,10,11,15,5,23,11,22,8,0,28,24,12,27,14,24,1,10,26,20,2,18,8,1,29,28,2,13,9,17,13,6,0,20,29,1,11,2,23,2,4,13,11,7,4,0,28,20,12,3,10,23,4,27,9,15,12,29,13,7,3,4,8,26,24,2,14,15,7,6,21,12,11,4,10,9,19,24,8,27,16,14,24,7,16,14,25,13,17,10,10,2,26,1,23,18,22,0,27,15,23,29,15,9,19,2,16,21,9,25,3,1,25,17,18,19,7,9,24,14,28,6,25,23,22,16,13,27,27,1,12,20,27,18,26,6,3,18,1,0,10,13]"
ta32,1419,"[0,0,0,0,1,1,0,0,1,0,1,1,0,1,0,0,1,1,0,0,0,1,0,1,1,0,1,1,0,0]","[21,16,17,25,9,14,14,16,14,24,0,7,9,15,11,0,18,23,21,1,13,8,9,26,11,4,25,20,16,28,19,27,15,21,21,3,25,14,20,10,4,16,6,15,4,12,26,29,22,16,15,20,1,12,0,8,28,19,3,15,2,28,11,8,13,23,18,4,28,17,23,26,14,22,25,26,25,19,20,18,17,29,3,16,25,7,19,27,1,13,14,17,22,16,1,9,19,17,17,28,0,10,29,15,5,26,7,12,16,6,23,29,13,9,9,3,20,5,22,27,10,25,14,26,11,21,10,11,6,7,25,21,19,18,14,3,27,12,22,0,10,0,20,7,28,15,25,24,11,1,7,17,3,3,8,13,4,7,12,8,2,29,9,27,29,22,6,24,9,3,2,22,22,15,13,1,27,17,9,5,18,20,10,24,8,29,18,20,1,2,4,11,4,29,16,12,0,4,2,19,26,29,4,16,9,17,19,15,13,22,18,5,12,15,21,27,28,2,26,27,2,2,2,14,5,10,22,23,22,1,7,8,4,5,13,8,15,27,10,10,8,12,8,21,19,0,28,24,0,28,17,5,21,10,20,17,12,5,12,24,2,0,5,25,23,11,4,20,2,6,24,25,9,10,26,21,23,6,28,14,24,13,13,5,26,6,1,23,19,24,2,18,8,18,7,6,12,11,0,13,11,20,14,9,12,18,16,7,27,27,23,3,4,14,5,11,19,17,4,25,29,15,1,19,27,3,21,6,10,0,15,24,22,20,21,23,25,20,14,23,26,25,3,13,28,24,28,27,25,28,8,17,7,1,8,12,18,19,7,29,18,24,0,16,28,2,22,15,7,3,8,10,24,17,12,8,24,24,28,19,22,9,29,1,18,6,1,21,11,26,16,27,6,3,26,0,27,18,20,4,13,10,16,23,21,1,26,29,22,20,9,6,11,10,6,23,5,7,5,11,2,9,13,14,1,6,19,0,29,3,26,15,6,11,2,21,16,18,12,5,4,7,13,5,17,14,23,29,23,3]"
ta33,1455,"[0,1,0,1,1,1,1,1,1,1,0,0,1,1,1,0,1,1,1,0,0,1,0,0,0,0,1,0,0,0]","[20,9,5,23,0,27,20,1,22,12,20,26,11,5,27,18,22,15,16,3,7,21,0,21,5,6,26,10,20,9,8,7,26,24,2,19,27,9,1,3,19,16,1,20,12,6,3,16,0,17,17,4,12,13,2,6,15,14,13,29,8,25,15,19,0,9,9,23,25,1,4,14,29,1,23,18,23,7,0,14,18,4,26,19,15,0,9,3,29,5,24,21,12,20,28,11,8,6,29,19,13,17,8,24,22,17,2,3,28,6,27,6,19,16,15,18,5,25,3,29,21,15,5,24,8,7,4,23,8,17,25,4,13,23,23,11,18,14,16,17,10,18,2,27,22,27,24,22,1,12,21,28,12,23,6,4,18,1,21,13,1,22,20,3,18,28,7,10,24,5,19,16,4,3,2,15,6,11,6,2,22,29,6,5,12,1,24,19,19,13,5,23,25,26,24,16,15,22,12,10,15,0,23,14,9,29,15,3,20,13,0,25,3,4,20,19,17,28,0,2,11,25,14,10,8,23,24,7,16,11,29,6,28,2,7,20,3,14,13,12,17,17,14,8,14,9,27,26,11,23,17,8,21,20,20,24,15,8,21,2,27,1,27,3,8,22,21,19,6,18,5,5,24,21,2,7,2,19,17,21,29,16,22,17,22,17,3,29,7,18,9,14,5,0,25,11,27,28,27,7,0,29,23,8,11,13,13,25,1,22,5,2,11,28,26,20,1,8,2,29,18,11,12,12,22,25,4,28,9,26,24,4,21,0,27,21,1,13,14,0,7,24,23,28,10,2,26,10,12,4,12,17,0,7,22,17,28,2,3,10,15,19,25,28,4,7,9,0,25,10,6,28,16,19,28,6,10,29,6,9,25,5,10,9,13,21,19,13,26,26,15,20,26,27,10,11,27,7,16,12,26,16,4,11,5,16,14,15,18,9,10,4,28,12,18,24,25,15,24,26,21,10,8,11,11,10,29,14,29,7,20,25,14,23,8,18,16,3,22,14,1,27,26,16,18,13,13,9,1,4]"
ta34,1425,"[1,1,0,1,1,0,1,1,0,1,0,0,0,1,1,0,0,0,0,1,0,1,1,0,1,1,0,1,0,0]","[7,5,17,12,6,14,20,4,25,0,10,26,5,16,14,22,17,3,10,16,4,2,2,6,14,18,26,14,27,12,9,1,8,19,25,3,3,11,21,12,4,13,25,26,20,11,25,8,29,15,16,13,11,27,28,22,7,6,11,7,22,17,17,3,17,13,5,8,22,29,13,23,4,10,5,12,7,24,15,6,21,17,18,27,14,23,16,27,17,8,1,13,8,3,13,3,7,20,21,27,16,21,18,26,21,26,14,18,13,28,21,7,25,21,15,16,9,17,25,0,10,9,2,10,16,26,29,21,7,28,15,20,15,13,19,24,3,20,22,10,0,5,12,19,2,6,29,28,12,11,23,21,1,18,5,10,7,29,15,4,23,12,21,16,23,18,24,28,25,26,19,14,26,3,27,18,9,10,6,17,16,1,6,11,16,28,20,21,24,7,7,19,5,28,0,17,1,11,11,24,27,25,6,1,6,6,19,8,20,12,4,23,7,21,22,3,22,25,0,23,5,3,4,17,1,15,21,12,3,26,15,16,4,20,1,22,29,2,24,8,6,27,2,24,14,11,24,0,9,26,18,29,20,7,4,17,8,24,10,0,13,26,21,13,15,19,28,0,9,5,16,10,22,27,19,2,15,14,13,15,24,24,20,15,15,19,3,11,26,22,8,12,9,29,22,27,29,22,14,1,4,6,22,5,11,23,10,28,9,28,23,5,19,28,25,2,1,18,2,29,16,13,13,4,15,28,4,13,8,27,8,9,14,28,19,6,19,0,2,19,1,18,11,6,24,18,20,14,12,15,7,0,4,27,23,24,9,16,9,20,18,20,25,8,1,0,18,17,5,8,23,9,10,1,23,5,29,2,17,27,26,10,14,8,29,28,21,19,25,4,7,7,4,29,23,25,12,27,20,11,16,0,24,2,9,11,26,8,1,12,12,3,25,0,23,14,0,2,12,20,3,2,25,24,27,5,5,29,1,28,18,9,2,23,0,17,10,26,22,19,10,6,3,9,18,13,11,14,22,29]"
ta35,1414,"[1,1,0,0,0,1,1,0,0,1,1,0,0,0,0,0,1,0,1,0,0,1,1,1,0,0,1,1,1,1]","[14,8,27,11,29,13,11,26,22,23,7,28,28,14,1,10,18,8,20,23,13,25,27,17,14,27,12,18,8,24,2,18,12,25,24,11,2,29,28,22,3,24,2,5,21,11,5,2,24,15,18,6,2,17,18,2,0,27,26,16,29,14,26,4,23,5,9,29,15,25,17,28,4,18,14,22,27,25,28,14,29,24,19,11,1,1,2,10,0,12,20,13,28,2,1,17,14,22,20,20,10,16,8,14,18,1,22,6,15,7,16,4,18,12,29,16,3,1,19,29,28,16,12,0,7,16,11,7,9,12,2,21,7,21,14,27,5,6,24,25,16,11,21,19,1,29,9,6,22,15,25,13,17,0,12,8,26,3,7,25,5,26,17,4,14,2,20,26,10,20,19,9,8,27,10,0,19,10,23,5,25,25,15,10,4,5,7,14,6,10,19,28,14,18,0,22,29,13,18,1,13,25,5,6,27,2,1,4,11,4,11,0,23,14,9,19,8,6,20,9,25,15,10,7,3,13,4,18,6,12,27,19,15,20,24,6,6,23,7,8,29,5,3,19,26,20,8,18,22,24,16,17,10,9,27,7,27,26,9,17,13,7,12,28,4,12,23,17,27,9,18,26,0,29,24,26,24,6,5,0,8,23,19,25,24,28,10,18,11,2,9,28,0,3,10,5,20,21,21,6,28,5,3,4,22,24,15,19,5,7,15,12,21,26,10,3,22,24,9,22,7,0,20,18,3,5,23,1,21,4,29,1,23,3,15,3,23,0,13,20,26,22,8,11,3,17,9,6,1,21,11,20,13,6,17,26,11,27,16,17,15,13,25,0,28,9,13,12,21,2,25,15,8,13,3,20,19,12,23,4,24,3,14,15,21,16,22,29,3,8,2,12,16,13,21,12,29,27,26,19,28,27,17,9,22,7,11,0,20,19,21,10,21,17,28,6,0,23,4,19,8,8,10,16,22,11,24,2,16,15,23,1,17,7,1,4,13,29,4,23,14,15,26,21,16,9,1,25,16,5]"
ta36,1456,"[0,1,1,0,0,0,1,0,0,1,0,1,0,1,1,1,0,0,0,1,0,1,0,0,1,1,1,1,1,1]","[25,21,11,29,15,2,18,19,24,10,5,29,24,6,3,21,5,5,12,3,29,26,27,0,0,19,2,29,3,6,7,0,26,1,8,15,12,24,22,18,17,16,15,3,0,11,9,21,14,22,28,28,25,8,25,20,5,28,26,8,17,9,22,4,12,13,26,21,11,7,1,11,19,1,28,4,2,5,16,14,28,1,19,29,4,0,19,5,3,5,6,17,22,0,0,20,18,22,26,24,24,6,15,12,11,29,22,3,17,6,16,21,1,27,21,21,15,2,18,23,1,9,5,0,10,25,15,15,0,6,12,1,17,1,25,22,7,26,25,10,9,14,13,22,24,27,0,28,8,2,10,19,22,10,4,11,2,19,28,7,10,16,20,24,16,21,27,9,12,18,21,13,13,16,15,23,21,25,10,14,17,4,25,23,26,21,1,7,11,16,13,23,15,10,7,11,23,27,9,19,26,8,7,17,2,13,1,28,7,12,0,29,14,1,9,14,23,25,9,27,0,11,8,13,6,25,7,8,18,6,2,18,4,24,20,18,24,16,8,16,18,12,24,24,25,11,25,29,20,29,3,15,21,27,17,20,11,19,18,6,24,23,17,12,5,20,6,20,18,10,16,5,4,2,12,23,4,15,23,28,3,10,21,3,23,5,3,11,4,2,2,8,26,8,5,21,7,23,13,16,9,20,23,26,4,13,19,6,3,26,1,19,13,10,15,13,27,6,14,13,7,21,12,24,9,22,18,25,5,19,27,28,11,1,3,9,13,4,23,29,20,20,29,6,8,5,9,7,6,14,16,15,17,4,29,14,4,25,5,4,20,6,14,9,9,12,14,22,22,3,27,18,27,1,28,10,8,10,28,3,27,0,13,14,26,28,23,12,18,14,24,17,12,0,19,18,27,14,3,16,9,23,2,19,0,2,24,26,8,19,8,2,2,26,20,14,11,22,27,22,15,1,17,4,17,10,16,29,17,20,17,20,13,25,7,22,12,26,29,27,10,29,16,28,7,8,28,15,7,11]"
ta37,1448,"[0,0,0,1,1,1,1,0,1,1,0,1,0,0,1,1,0,1,0,0,1,0,0,0,1,1,1,1,1,0]","[25,17,13,2,5,24,4,11,27,24,1,26,12,25,1,26,29,15,26,7,22,6,24,5,10,20,3,18,16,4,22,28,1,28,10,28,25,25,21,8,20,0,2,6,19,13,0,3,7,1,1,7,14,7,15,0,14,3,1,5,10,7,17,7,18,18,27,8,21,23,13,23,10,8,15,22,10,5,24,11,12,19,8,3,6,0,9,16,0,3,23,2,27,24,26,27,15,6,15,9,3,19,23,10,18,2,15,12,12,2,13,1,29,13,4,3,10,20,14,22,22,14,17,5,19,3,9,5,18,11,24,1,8,17,5,0,23,0,4,5,4,16,5,21,24,20,8,14,15,9,4,25,17,23,25,27,28,15,9,7,22,3,9,16,20,28,5,0,29,13,24,17,18,8,23,6,4,1,17,14,27,4,14,19,19,0,19,10,11,20,17,26,28,0,9,17,27,0,1,13,15,29,12,25,12,28,24,13,10,27,29,2,20,28,3,28,25,22,16,28,24,13,27,11,21,18,28,7,26,8,12,2,8,10,21,23,20,18,27,20,20,1,12,11,21,6,22,25,6,28,15,11,3,10,4,17,24,7,6,9,26,2,2,8,7,29,17,16,15,13,15,18,12,29,12,18,29,11,0,25,5,23,7,11,26,21,5,24,3,17,15,19,12,21,20,16,21,19,13,16,4,23,14,24,28,23,29,21,26,4,10,7,26,26,27,2,13,14,23,27,5,12,21,22,16,1,9,14,11,22,3,28,22,8,27,11,4,0,8,16,19,9,2,3,19,26,25,29,20,16,15,29,4,29,7,16,13,24,16,11,26,27,18,14,6,10,6,6,22,13,11,2,16,14,2,13,14,6,23,20,21,6,0,25,26,18,4,15,6,25,1,19,14,18,18,16,19,7,3,17,9,5,1,22,9,8,22,9,14,2,29,26,23,6,28,17,21,25,4,18,12,7,22,29,25,8,8,19,27,12,2,21,5,24,10,23,9,20,20,29,12,10,17,21,1,9,11,0,19,11]"
ta38,1319,"[1,1,0,1,1,0,0,1,1,0,0,0,1,0,1,0,1,1,0,0,0,0,1,1,0,0,1,0,1,1]","[23,13,20,24,24,29,23,22,2,23,14,21,13,20,3,10,15,0,5,13,23,4,22,4,0,24,4,13,25,8,24,15,12,7,19,11,28,22,1,10,11,4,4,22,6,5,14,15,18,22,21,6,20,28,29,21,16,12,17,6,25,3,29,15,4,10,14,29,12,28,22,4,29,11,17,19,7,17,1,26,9,10,19,29,17,22,18,9,19,20,4,8,28,0,18,27,17,3,26,23,5,5,14,21,29,9,8,28,21,5,10,27,16,10,19,7,5,29,4,26,12,27,27,19,0,12,20,26,6,14,21,29,26,20,11,4,14,2,15,9,9,6,1,17,24,15,14,15,26,19,22,25,12,13,7,11,5,21,26,29,0,3,16,7,6,22,14,9,14,12,7,21,8,26,0,6,1,23,24,11,8,27,22,20,1,19,24,22,16,4,1,16,13,21,23,2,17,6,9,0,7,22,2,23,24,27,4,1,18,21,15,20,8,12,1,25,3,26,0,27,18,19,13,15,3,3,3,17,20,17,27,10,28,14,5,5,8,18,13,7,18,1,25,2,7,26,19,13,9,25,29,18,1,23,20,21,19,11,24,1,9,15,18,0,17,28,2,10,6,8,3,17,27,11,18,17,3,10,6,11,3,16,12,3,25,8,14,23,29,6,20,0,2,28,10,20,20,24,24,14,2,10,23,16,18,28,29,2,5,8,25,11,14,10,7,12,16,26,16,29,26,15,21,2,23,2,13,11,6,23,25,25,9,9,11,27,6,3,12,23,3,19,5,4,13,28,16,5,7,6,28,28,9,28,8,7,25,2,26,13,0,0,28,12,1,26,25,2,15,16,16,13,23,5,7,9,18,22,28,15,1,1,10,21,0,15,10,8,2,29,11,8,11,14,0,24,17,27,4,24,3,26,19,25,22,8,21,20,19,8,16,7,5,13,4,14,21,27,18,0,17,25,9,18,13,7,5,22,24,16,10,27,24,1,12,15,27,2,9,17,12,19,27,16,25,12,20,11,18,6]"
ta39,1360,"[0,1,1,1,1,0,0,0,1,0,0,1,1,1,0,0,1,0,1,0,1,1,0,0,0,1,1,0,1,1]","[17,14,28,13,20,26,29,12,3,4,19,15,22,24,7,29,28,1,26,6,29,3,18,3,1,16,9,21,6,15,10,23,16,1,2,4,22,22,25,14,15,28,14,21,22,15,24,9,15,19,17,26,29,27,29,19,27,27,29,24,8,16,24,16,11,8,14,23,10,25,1,22,25,19,17,9,24,15,20,3,19,0,29,26,2,2,1,25,8,23,5,17,8,27,23,10,14,21,19,9,11,25,10,6,7,17,17,6,26,27,26,8,28,11,13,25,6,12,5,5,6,6,9,19,27,9,17,5,18,20,10,24,7,10,3,25,28,2,29,13,6,23,9,19,17,20,9,5,26,26,21,21,12,12,19,7,1,8,7,0,4,13,1,28,15,17,27,18,10,23,1,21,27,26,24,13,23,5,3,0,26,7,11,9,18,2,10,4,27,23,25,11,7,23,4,1,10,6,20,20,15,10,0,24,22,29,18,12,16,28,2,21,29,2,14,19,7,28,16,29,11,16,20,21,0,8,4,14,7,15,4,20,13,20,24,8,3,17,5,20,18,13,7,23,6,2,3,11,12,4,21,20,15,26,11,4,13,2,22,18,10,23,8,1,20,0,1,13,5,22,14,3,5,5,22,12,14,21,18,13,26,28,12,12,16,0,28,2,28,13,15,0,12,14,18,27,26,17,22,16,9,0,23,13,11,6,5,24,2,21,19,14,0,3,27,3,18,12,21,17,28,12,18,16,10,14,24,25,24,8,28,5,18,5,23,2,24,11,21,1,27,25,0,4,4,23,28,7,21,2,5,6,18,27,13,7,16,9,7,4,3,14,22,12,0,2,25,14,0,8,4,9,19,29,25,17,27,1,6,17,25,12,8,21,10,22,13,6,15,11,29,9,13,20,11,3,23,16,7,25,8,4,29,2,24,18,22,9,26,16,14,3,19,15,5,27,15,6,18,16,11,10,8,15,26,3,17,20,22,9,0,25,0,24,29,20,8,4,28,11,19,11,10,22,1,12,19,7,16,1]"
ta40,1319,"[1,1,1,1,1,0,0,0,1,1,0,0,0,1,1,0,1,0,0,0,1,0,0,0,1,1,1,0,1,0]","[23,20,29,19,28,24,5,9,19,16,25,25,6,20,14,28,5,10,26,27,18,8,10,26,11,17,26,19,14,17,12,19,11,14,26,3,20,21,11,16,9,23,14,22,27,4,24,16,6,28,6,12,18,27,8,6,8,15,5,10,15,1,6,29,7,22,17,27,3,9,17,29,18,8,3,0,12,13,23,10,24,7,9,14,21,2,6,29,12,4,12,27,23,2,28,7,23,17,5,9,24,1,20,18,22,17,5,6,21,25,6,23,25,10,24,13,21,16,0,22,3,13,2,10,7,11,26,17,0,23,3,19,2,1,13,16,15,20,4,4,1,3,27,10,11,24,4,26,12,25,23,28,9,14,10,9,3,28,21,16,5,19,13,20,4,10,13,9,12,15,19,6,8,11,23,0,20,11,20,11,29,11,13,29,0,8,14,10,6,17,11,10,3,29,27,7,2,29,5,15,12,17,22,15,6,29,2,27,27,3,18,8,3,21,13,21,18,14,17,25,14,4,1,0,1,5,15,20,4,19,28,24,21,26,25,22,17,29,26,27,7,24,0,13,24,28,20,2,20,9,8,2,5,25,25,29,18,29,18,13,1,6,26,15,7,5,4,14,23,22,16,22,8,28,3,7,9,23,24,21,26,27,10,18,5,9,0,29,13,4,25,6,20,21,13,21,24,6,11,16,21,8,18,7,3,4,0,11,0,7,18,23,24,3,19,1,20,16,2,1,2,1,1,11,25,27,25,8,16,22,12,2,15,2,24,12,0,0,22,19,14,17,26,13,5,11,25,19,12,25,0,28,5,11,4,21,16,21,12,20,10,1,2,22,18,15,4,3,21,5,14,8,28,10,23,9,19,8,14,0,0,12,25,15,22,26,7,5,9,8,15,2,24,7,27,10,13,9,14,22,3,23,22,12,16,17,8,7,19,18,9,28,27,28,19,1,7,15,16,26,29,28,19,20,13,16,23,1,17,24,15,14,15,27,7,4,26,22,29,18,4,28,12,18,1,17,2,26,16,6]"
ta41,1763,"[0,1,0,1,1,0,1,0,1,0,0,0,1,1,1,1,1,1,0,0,1,1,0,1,0,1,0,1,0,0]","[14,16,9,8,28,11,4,7,29,2,10,17,5,9,4,18,6,0,18,10,1,23,2,23,12,16,27,3,12,20,19,16,6,28,26,19,6,9,20,12,2,23,16,21,3,16,24,14,20,1,4,14,0,5,21,2,15,5,19,15,13,9,17,4,8,11,21,17,19,18,27,26,19,22,20,21,22,0,17,10,27,1,17,18,7,18,26,2,6,14,0,23,5,14,16,18,17,18,17,11,29,21,29,27,10,0,20,9,13,27,16,18,6,27,11,10,27,15,14,13,4,18,5,11,25,10,5,20,19,6,11,20,6,1,24,27,12,9,12,8,15,22,2,17,0,26,16,28,23,1,17,14,27,8,3,27,29,12,16,3,10,21,15,24,23,1,27,29,9,21,29,5,21,4,2,27,16,28,1,8,4,5,6,15,7,7,23,13,27,23,20,15,14,23,21,4,7,7,6,6,29,9,6,22,22,11,5,0,18,25,13,25,1,2,0,23,16,7,12,21,12,7,15,24,2,13,1,28,26,10,17,8,1,3,14,23,2,29,3,7,10,14,22,2,8,21,10,5,12,12,18,26,9,17,17,24,18,21,26,24,4,14,1,23,28,25,28,9,7,2,27,16,0,16,7,11,13,25,10,4,24,18,8,15,23,0,13,16,11,25,23,20,9,19,0,20,0,24,8,6,22,10,25,28,7,16,8,26,3,7,24,15,17,2,10,0,24,12,3,28,5,8,7,17,18,20,15,18,0,17,29,14,16,16,10,25,5,24,20,1,21,14,29,7,23,29,25,29,13,4,5,4,19,24,6,21,1,2,21,5,7,6,0,29,15,23,4,29,25,23,19,28,27,2,8,14,19,4,1,25,20,2,3,18,27,27,12,19,22,15,22,17,26,17,26,11,12,9,13,13,25,19,11,29,7,28,13,11,8,28,10,19,26,0,12,20,5,25,21,22,11,11,18,14,1,15,3,25,1,12,13,4,13,11,4,29,3,24,12,8,2,20,2,2,14,11,5,10,9,28,17,22,6,14,22,13,10,18,9,26,28,12,16,22,25,9,29,15,3,20,22,27,28,0,1,9,5,6,17,23,7,25,6,4,19,16,3,25,7,9,3,28,6,3,13,26,22,15,15,24,26,28,8,3,2,13,12,14,19,26,20,8,23,4,3,3,1,15,13,21,5,14,26,21,4,22,11,25,18,19,27,8,21,20,13,24,24,6,10,20,8,22,26,11,10,5,8,19,22,9,1,16,28,20,0,8,29,29,10,7,28,21,24,0,12,25,18,26,19,14,26,0,19,28,11,1,27,15,13,22,3,12,29,11,24,24,26,3,22,25,5,9,6,17,15,9,19,4,23,24]"
ta42,1735,"[1,1,1,1,0,0,1,1,1,1,0,0,0,1,0,1,0,0,1,0,1,0,1,0,1,1,0,1,0,0]","[17,2,21,21,26,4,12,3,29,24,5,26,7,28,28,24,18,23,26,26,22,1,29,20,27,16,9,11,28,5,16,1,24,23,9,8,25,13,20,26,17,28,10,19,8,27,5,13,24,13,12,12,2,18,21,27,9,17,10,14,9,25,16,5,6,2,9,12,27,0,24,8,21,0,21,3,14,20,27,25,23,1,26,10,15,12,26,4,22,13,10,23,16,17,16,29,7,15,26,14,28,10,5,8,11,23,5,20,2,14,9,29,24,10,29,19,23,1,28,12,23,28,15,12,15,27,19,22,29,6,12,15,27,11,7,22,16,16,18,0,24,16,21,5,12,0,18,25,10,17,27,24,1,15,29,13,28,20,14,5,14,26,9,13,4,16,27,10,12,13,29,18,25,17,20,8,22,15,11,14,15,6,5,24,22,24,4,2,10,14,18,16,25,7,27,7,26,14,0,13,1,11,15,25,15,0,17,19,1,2,0,1,12,7,7,20,21,10,6,8,6,1,19,29,0,17,2,12,15,23,25,25,6,28,3,1,17,20,20,5,21,5,21,28,5,5,14,17,14,8,0,24,19,14,24,22,18,4,18,23,13,24,18,19,17,7,7,1,23,6,26,16,6,16,19,25,19,15,20,22,23,5,0,25,10,14,10,22,0,28,4,22,9,13,14,23,15,29,25,24,5,26,25,3,0,20,3,11,12,1,3,20,9,29,11,3,1,11,10,8,5,10,7,8,9,9,20,3,20,15,19,11,9,22,9,6,13,4,3,8,25,25,29,26,4,19,22,16,26,2,0,0,4,7,18,13,24,5,7,13,6,19,28,14,17,15,17,22,19,21,3,11,29,7,18,18,6,21,13,8,27,7,27,18,14,9,1,26,2,7,3,18,25,29,11,19,6,0,29,12,2,6,8,16,19,25,20,11,4,22,16,27,3,28,7,28,26,29,11,24,3,28,2,4,6,9,4,2,16,22,7,11,4,17,27,9,10,23,27,11,13,0,20,11,6,8,3,27,4,9,17,23,7,13,8,3,17,21,28,3,10,12,6,25,4,1,24,11,14,22,26,0,18,9,17,4,15,2,16,4,1,21,27,28,16,27,8,28,21,19,10,23,24,16,12,6,29,13,29,19,23,21,0,13,18,3,18,18,11,26,22,1,21,13,20,3,21,14,15,2,26,7,1,2,1,23,2,8,10,28,12,12,21,9,16,23,18,22,28,4,14,25,5,26,29,8,20,17,19,21,20,19,8,10,6,11,29,3,0,2,8,0,17,24,19,15,5,2,4,6,10,12,25,1,11,27,12,4,18,8,21,14,15,2,6,13,9,5,3,20,7,27,2,22,22,24,15,23,17,23]"
ta43,1600,"[0,1,0,0,0,1,1,1,0,0,1,1,1,1,0,0,0,0,1,1,0,0,1,1,0,1,0,0,1,1]","[27,25,21,10,6,10,14,14,15,15,25,15,10,29,28,27,18,18,14,29,9,7,15,6,14,5,21,20,3,14,3,25,2,28,13,10,23,18,2,6,1,14,15,14,17,13,12,12,13,19,18,3,23,4,3,12,3,17,14,23,12,2,25,6,5,23,20,25,22,13,1,28,25,27,22,3,16,27,21,15,25,9,18,4,3,21,23,7,12,17,18,26,26,11,11,17,8,16,9,15,3,6,11,10,10,13,21,5,8,21,19,24,19,29,8,29,2,22,23,27,7,5,18,15,29,20,19,4,23,4,4,12,17,7,18,4,29,11,24,0,4,19,18,2,7,20,20,4,1,29,14,1,5,6,1,20,19,13,2,27,24,22,13,28,15,26,18,8,17,24,26,22,24,4,16,20,1,7,26,3,16,26,7,22,0,4,6,24,23,15,0,23,24,10,23,26,16,1,8,19,6,9,2,24,5,10,5,7,26,22,21,26,28,26,19,9,10,8,10,12,15,21,7,11,5,7,13,12,15,16,29,11,8,4,13,15,28,25,16,14,16,17,28,11,24,11,21,9,11,10,3,0,19,14,0,23,12,21,24,28,25,20,1,13,22,25,28,1,27,0,14,21,14,28,20,17,0,16,5,4,7,13,18,1,26,5,24,6,24,4,18,16,22,12,10,27,25,27,21,19,5,17,26,8,12,23,12,12,2,20,24,23,28,4,7,17,23,6,0,14,20,6,2,15,16,5,19,28,16,6,2,17,27,1,13,8,4,27,7,29,5,8,20,13,13,18,25,28,23,24,21,9,16,1,29,13,23,2,11,22,27,22,9,4,25,6,11,11,25,20,26,24,4,1,5,0,26,7,3,28,25,5,18,22,18,5,17,18,15,28,11,13,26,27,2,10,3,9,3,20,0,15,13,22,0,1,8,29,21,21,9,12,17,11,24,27,28,23,22,28,10,7,27,21,8,19,0,2,21,5,16,0,28,8,2,16,12,18,24,7,9,24,6,27,26,3,6,14,25,10,12,15,23,9,26,11,3,9,17,20,0,16,20,0,4,14,8,19,20,22,22,29,1,2,0,5,0,20,10,29,12,10,3,7,19,17,29,15,29,17,13,29,25,26,9,24,4,18,11,14,11,9,14,11,6,1,0,23,25,17,6,7,10,27,11,7,11,22,29,9,3,16,29,17,16,14,3,0,19,12,15,24,6,21,22,27,23,10,22,8,21,9,2,9,0,8,27,18,10,20,25,13,2,19,1,26,2,8,19,19,15,8,25,5,6,20,9,13,1,2,18,12,7,16,1,14,1,3,29,19,8,12,8,16,29,2,6,3,5,27,9,17,21,4,26,22,19,17,28,28]"
ta44,1751,"[0,0,0,1,0,0,0,1,0,0,0,1,1,1,1,0,1,0,1,0,1,1,1,1,0,0,0,1,1,1]","[1,13,21,26,23,8,7,17,28,25,24,20,21,21,0,15,3,15,12,25,26,11,12,25,20,25,22,2,2,3,4,17,25,23,16,22,25,13,15,2,14,4,1,19,13,5,15,11,17,14,28,7,3,24,4,29,6,22,16,1,1,14,21,5,7,17,27,0,6,11,29,24,2,19,28,1,5,24,19,12,22,10,9,14,11,8,2,14,17,17,11,19,9,2,9,19,4,12,6,29,15,12,14,0,4,20,13,10,21,29,20,19,7,7,23,23,13,7,18,4,29,23,29,16,5,7,7,10,27,21,9,9,2,3,0,21,25,10,24,11,19,13,22,25,12,10,29,0,22,20,17,0,20,24,27,10,1,15,22,20,14,18,25,10,26,2,3,15,4,26,15,22,3,8,13,6,6,22,18,16,3,27,9,6,5,27,16,2,12,0,1,23,20,9,19,12,22,14,20,9,22,21,26,1,7,25,16,27,27,15,10,26,29,3,16,15,12,29,15,5,1,23,18,18,23,26,10,11,29,5,26,11,5,28,8,28,8,23,14,2,22,27,7,4,21,3,9,24,0,18,18,6,3,21,15,13,3,23,16,10,5,8,29,29,2,14,21,0,20,3,16,12,2,11,23,13,18,12,25,5,14,17,4,7,24,21,15,8,19,18,22,2,7,19,24,10,13,10,5,0,11,3,26,26,11,17,1,28,23,6,7,22,25,27,27,21,20,6,8,14,12,8,4,26,3,1,26,0,20,6,7,4,18,0,19,8,24,26,25,18,1,8,10,11,25,6,23,28,6,17,16,16,7,29,6,14,15,14,1,26,23,9,23,13,22,29,27,20,6,28,13,14,10,9,6,3,20,24,28,19,24,18,2,14,18,21,25,13,7,28,4,10,5,25,19,8,27,12,25,27,13,12,2,18,20,1,4,19,1,16,28,11,10,13,27,23,16,13,23,5,17,10,5,21,7,6,6,24,11,28,26,18,23,17,18,25,11,29,4,0,19,5,24,26,14,8,12,9,4,2,22,22,12,11,11,13,26,27,10,3,8,15,21,17,19,20,26,9,18,16,24,12,28,7,16,22,4,4,21,14,2,29,10,22,12,7,7,27,27,11,18,9,19,15,19,5,10,24,25,17,1,11,28,17,6,20,28,19,14,3,1,9,6,2,26,28,18,0,27,9,14,21,4,16,17,12,0,15,0,28,1,3,29,16,8,8,23,24,0,20,3,13,8,28,4,1,29,16,26,20,5,29,17,23,2,24,9,16,29,22,9,6,21,0,8,27,9,12,17,24,2,28,19,17,8,8,27,1,21,11,18,0,28,4,15,13,25,9,0,5,15,17,3,20,5,13,16,24,5,15]"
ta45,1688,"[1,0,0,1,0,0,1,0,0,1,0,1,1,1,1,0,0,1,1,0,1,1,1,0,1,0,1,1,0,0]","[27,0,26,8,13,17,29,11,18,23,18,15,29,29,12,27,1,15,19,11,12,14,0,7,26,0,17,24,20,16,3,19,20,25,12,27,11,0,22,17,23,1,8,20,24,17,5,5,10,18,16,17,11,27,6,12,19,6,15,27,21,20,3,23,29,16,27,11,28,7,9,28,26,4,0,28,0,16,12,18,3,15,0,6,28,4,29,8,18,3,15,26,7,25,23,22,0,18,11,20,0,25,19,1,27,3,29,11,26,10,8,19,24,29,22,6,21,21,27,4,11,7,5,6,1,7,25,8,20,6,18,9,28,8,17,24,12,29,24,3,18,21,24,1,14,28,24,21,17,13,14,3,4,10,1,20,23,24,24,10,29,10,2,26,16,24,27,8,18,16,10,8,7,21,13,27,8,23,24,14,21,4,12,18,29,18,2,27,3,15,3,5,15,25,9,12,28,11,15,16,10,23,14,10,28,27,6,2,4,4,9,22,10,19,1,23,19,14,25,26,0,10,15,0,3,29,13,25,25,11,19,11,2,15,2,1,2,22,1,4,0,25,17,25,6,16,10,27,24,22,12,22,14,8,12,8,16,9,3,5,20,13,21,6,19,23,20,7,3,15,2,26,14,6,9,22,7,23,1,16,21,28,17,13,17,24,1,7,21,9,4,26,2,1,18,5,4,18,18,12,12,1,26,12,26,22,17,22,24,21,19,11,28,4,16,6,28,11,0,18,15,21,7,0,4,16,13,5,14,5,17,16,23,20,23,0,9,28,21,18,9,17,18,19,5,9,1,1,24,20,22,13,25,11,6,2,19,7,14,8,10,27,2,6,2,12,15,20,25,8,19,26,11,26,28,20,0,17,13,7,2,5,23,21,14,4,15,16,11,7,11,25,24,22,28,4,7,23,4,22,26,25,21,14,17,3,8,6,29,13,22,13,14,16,2,25,15,25,13,21,8,22,10,24,0,27,5,12,1,21,4,16,14,29,1,5,23,15,21,21,25,2,12,0,6,27,5,28,11,1,19,16,3,13,6,0,9,5,15,3,26,7,17,24,9,18,7,13,19,15,16,20,21,14,20,29,29,20,20,17,1,23,15,2,5,27,9,9,20,6,24,14,26,18,14,10,28,4,2,28,7,19,7,13,24,19,8,13,9,9,0,20,5,19,6,5,3,11,4,13,29,8,28,3,29,16,9,20,9,5,10,12,22,29,26,14,15,10,27,7,28,3,10,10,26,16,13,4,6,23,23,22,18,22,23,19,2,10,5,17,8,17,27,4,5,14,9,14,26,11,25,8,17,9,1,19,10,12,7,6,29,25,28,25,27,2,13,2,13,8,22,26,29,12,12,22,23,3,2,3]"
ta46,1691,"[0,0,1,0,1,1,0,0,1,1,0,1,1,0,1,1,1,0,0,1,0,0,1,1,0,1,1,0,0,1]","[0,17,19,27,28,12,17,24,9,12,1,8,5,22,10,20,5,18,20,27,29,12,6,17,16,3,28,20,28,2,25,29,20,8,7,11,10,6,6,25,28,21,17,13,21,29,10,26,6,18,25,18,6,14,19,13,8,25,5,2,8,20,10,8,17,1,20,12,12,9,16,28,28,28,9,5,14,28,5,11,22,22,16,17,21,6,4,23,9,18,23,23,24,14,5,8,10,26,21,9,24,15,5,11,29,22,10,14,6,24,15,24,5,13,8,4,12,15,29,0,18,0,17,25,8,12,3,3,2,2,4,6,11,14,27,4,23,0,22,3,27,16,18,12,29,21,28,13,9,3,4,3,13,28,9,16,15,20,6,25,22,3,28,4,14,8,19,10,10,28,0,1,10,5,12,25,5,29,14,21,17,26,13,19,17,5,12,10,3,22,21,11,7,27,17,20,1,18,0,15,12,1,22,16,22,26,2,2,19,26,3,11,7,14,23,13,21,28,28,29,18,4,17,13,9,20,24,22,7,11,7,15,6,18,1,16,26,15,18,10,23,3,24,26,9,5,19,29,4,3,1,10,0,19,27,2,15,0,19,17,8,6,8,18,15,12,1,6,20,0,13,7,0,26,14,2,4,29,10,6,9,15,23,18,23,13,25,25,16,20,26,4,26,15,16,11,8,13,2,11,27,11,0,21,20,8,3,8,25,16,21,19,11,29,26,11,7,2,4,7,17,1,1,19,18,20,26,12,23,1,0,26,24,1,7,7,10,19,16,19,1,21,9,11,27,21,3,25,21,29,14,8,13,2,5,8,29,20,11,1,13,24,4,17,24,27,0,12,3,20,9,0,9,16,18,20,28,13,21,2,22,3,22,24,14,25,15,3,12,16,21,29,2,27,29,25,24,16,9,21,2,5,19,15,10,17,10,22,14,15,14,15,23,25,16,16,4,9,21,2,8,1,22,29,20,27,26,27,7,14,6,16,23,18,27,11,3,7,15,5,4,4,6,0,29,28,8,9,0,18,13,14,22,11,10,1,0,21,5,8,23,2,21,12,1,17,19,26,26,24,15,20,5,21,0,28,22,25,27,3,24,11,7,27,6,22,23,29,2,0,19,19,6,23,7,7,9,10,23,3,14,9,15,7,11,19,18,20,20,27,2,14,1,24,12,26,27,24,27,17,27,22,1,23,23,2,16,7,5,25,24,19,19,6,11,13,10,13,17,28,26,18,15,4,12,5,18,29,2,13,6,14,29,14,25,24,7,22,15,11,8,10,4,6,13,25,28,22,25,24,7,19,14,26,4,3,18,4,16,4,28,17,23,26,23,24,16,7,5,13,12,17,0,27,9,23,25,9,1,12]"
ta47,1635,"[1,0,1,0,0,0,1,1,0,1,0,1,1,0,0,0,0,1,0,0,0,1,0,0,1,1,1,1,1,0]","[6,12,26,27,11,2,2,15,3,20,19,15,21,25,7,14,10,28,15,11,4,8,21,1,8,27,14,2,16,28,20,5,22,17,13,27,26,27,17,9,8,17,15,9,4,23,27,21,12,12,22,7,1,9,19,6,4,14,8,20,23,0,27,18,6,7,14,15,4,3,7,11,13,0,24,26,0,20,3,9,2,22,24,18,20,20,16,16,27,17,27,4,10,24,4,15,26,18,15,28,3,23,3,3,13,20,21,21,25,21,6,18,26,20,9,10,0,18,14,22,5,14,10,16,0,8,29,0,24,8,9,21,17,6,11,12,2,1,22,5,4,23,23,4,29,23,4,29,21,12,8,11,29,13,25,5,5,10,25,12,25,11,25,27,25,29,15,24,22,14,16,6,0,7,7,21,2,23,17,23,20,16,26,11,23,26,5,14,4,6,18,26,15,28,10,25,28,11,2,28,25,27,22,9,7,17,8,0,4,24,14,22,5,20,28,18,6,14,8,18,28,22,26,19,19,27,2,26,13,5,29,26,17,10,9,19,12,12,1,6,16,12,10,9,13,3,2,23,23,23,1,27,8,3,9,24,11,15,11,8,1,27,5,18,8,21,1,10,25,1,3,19,25,24,23,16,9,10,25,18,19,21,20,3,17,3,16,29,3,3,20,9,10,18,5,28,4,8,16,13,16,13,2,9,9,24,18,12,18,26,10,14,12,13,19,1,16,7,6,12,0,3,24,28,29,18,9,17,15,25,19,20,7,24,14,22,15,17,25,12,7,29,29,29,1,5,12,10,19,14,2,4,11,11,22,23,19,23,5,1,4,0,9,20,3,15,16,23,29,6,26,24,18,1,2,7,3,26,29,6,2,21,22,1,15,12,28,6,0,26,1,26,15,28,13,7,23,27,15,8,28,15,10,28,10,14,7,21,14,8,29,1,24,21,25,7,6,27,22,3,7,10,17,9,0,5,18,2,25,2,29,18,24,13,20,11,14,13,22,28,8,16,13,21,19,19,29,3,28,6,16,22,4,25,3,13,24,19,21,5,6,24,21,25,5,23,9,18,29,8,27,20,12,4,11,4,8,2,24,2,17,22,1,11,13,22,19,17,17,5,14,15,26,5,0,0,8,2,22,17,26,0,24,0,26,12,27,0,11,16,18,27,2,20,16,28,5,0,0,27,1,26,15,7,13,0,9,17,22,20,24,29,16,12,13,6,5,28,1,17,6,6,24,13,11,11,20,10,7,11,19,21,25,19,1,28,18,10,8,19,1,23,14,13,21,6,12,17,17,28,22,29,7,4,20,12,7,15,29,16,19,23,10,9,11,3,7,10,4,14,25,14,4,2,5,19,13,16,21,27]"
ta48,1721,"[0,0,0,0,0,0,1,1,1,0,1,0,0,1,0,1,0,1,1,1,0,0,0,1,1,1,0,1,0,1]","[14,25,2,27,12,14,28,8,24,3,25,6,18,16,22,18,8,5,18,13,24,16,10,23,17,26,5,5,1,24,3,6,19,7,21,29,5,29,29,8,4,7,4,7,16,26,26,8,15,0,0,11,1,24,21,10,7,18,20,8,25,24,17,10,29,4,2,3,25,9,21,14,17,0,12,12,7,14,13,25,17,27,22,3,23,3,14,23,20,26,3,18,27,25,29,19,4,10,9,0,28,26,4,13,12,13,23,15,17,11,17,27,22,6,8,27,23,22,23,7,0,5,6,17,22,0,16,9,12,13,15,12,15,27,12,11,4,21,18,12,6,19,24,16,9,19,9,20,5,2,13,8,26,11,7,15,18,22,26,20,13,26,5,26,25,18,0,20,5,15,2,10,3,28,25,24,11,13,25,7,11,26,1,0,6,4,2,18,15,10,23,14,16,14,3,8,11,27,29,21,18,4,10,29,14,2,11,3,20,22,4,29,7,1,11,15,21,23,4,19,6,20,1,22,16,25,29,17,22,19,13,17,22,14,27,11,4,14,20,1,0,18,23,0,28,24,5,2,16,21,18,26,23,29,25,10,9,21,14,23,10,15,15,28,13,23,29,28,25,18,3,19,6,24,13,16,29,20,2,7,19,24,24,24,13,2,11,10,17,20,0,24,9,22,29,20,19,5,9,5,20,0,12,20,24,16,6,1,21,27,9,19,6,2,5,15,27,23,4,4,1,28,6,28,15,2,25,9,24,10,6,13,29,29,8,8,25,4,7,12,16,27,7,28,28,23,12,18,5,27,1,11,17,27,14,15,23,11,25,11,1,23,21,26,7,17,6,13,8,25,1,12,15,18,23,21,28,6,22,22,1,17,21,6,15,18,17,8,19,11,17,16,3,13,9,4,10,20,3,24,22,10,29,2,14,16,12,19,12,28,2,14,16,10,10,2,3,19,10,27,8,9,1,7,21,11,9,26,5,12,29,9,8,7,8,11,20,2,21,18,28,8,14,13,8,28,2,3,29,20,28,8,22,18,22,10,5,2,24,13,20,9,7,14,7,0,15,22,6,10,17,4,19,0,7,24,21,4,16,22,17,16,6,9,1,6,17,14,12,8,6,20,0,21,11,15,19,5,9,9,4,28,19,28,3,12,10,17,23,16,3,14,25,5,26,3,21,1,19,24,1,25,1,20,1,26,26,0,27,16,15,26,25,21,28,24,22,4,23,27,12,13,27,29,16,4,16,1,23,19,29,9,2,19,6,7,7,0,5,15,18,13,12,19,26,14,20,10,26,15,8,27,18,26,21,11,25,12,22,28,3,0,0,27,1,13,5,9,2,5,14,11,28,0,21,27,17,2,3,3]"
ta49,1668,"[1,1,1,0,0,1,1,0,0,1,1,0,0,1,0,1,1,1,1,0,0,1,0,0,0,0,1,0,1,0]","[4,27,27,1,20,23,27,22,10,16,23,6,16,17,28,9,26,0,14,12,8,18,22,29,5,15,4,10,0,13,4,8,27,6,25,16,6,11,20,14,12,2,0,6,1,14,17,21,14,18,29,22,14,29,23,15,1,9,5,10,0,16,29,26,8,17,17,26,24,23,6,8,9,28,10,1,15,20,7,20,13,12,19,11,5,26,2,14,8,23,12,14,3,16,13,1,24,5,16,9,24,15,27,13,3,2,7,27,18,5,4,22,20,10,17,3,15,4,6,19,11,25,2,28,23,15,12,7,20,10,17,23,15,20,2,10,14,20,28,1,12,24,9,9,11,5,27,10,26,21,6,0,2,22,9,2,1,25,5,25,27,6,25,11,25,0,19,29,0,8,19,22,15,27,6,24,7,21,1,15,3,20,16,9,25,13,15,7,1,11,22,14,15,0,21,10,1,12,19,4,28,0,26,8,6,26,3,9,11,4,2,19,18,8,22,13,15,17,24,18,28,25,13,9,19,1,0,24,18,13,20,24,1,14,7,13,5,9,13,21,26,12,23,11,11,17,8,21,3,7,23,1,2,11,21,3,19,2,8,11,12,25,13,2,3,9,6,28,23,4,14,18,10,18,16,25,26,1,25,24,25,19,0,29,29,12,11,11,13,29,27,3,13,14,14,29,10,12,3,16,21,7,6,25,8,3,26,8,22,5,2,19,16,21,3,18,17,11,17,6,7,13,28,13,16,2,21,1,15,20,10,22,19,24,18,29,22,27,20,23,2,5,6,4,29,0,22,9,7,24,6,28,22,28,1,28,10,20,24,12,19,12,9,8,4,29,10,28,18,26,11,5,12,18,16,16,25,15,23,5,19,10,0,7,29,17,24,21,23,26,20,7,23,13,11,16,0,24,16,3,23,4,18,17,8,2,20,15,18,4,12,5,29,1,11,21,9,25,26,14,4,12,25,21,5,29,4,19,22,5,26,3,5,19,1,28,29,27,7,28,14,16,24,23,3,1,17,12,27,24,6,4,13,6,10,9,17,13,29,28,4,3,7,21,0,23,14,8,1,17,18,26,25,0,28,16,12,5,12,10,16,2,7,17,22,2,18,23,5,26,18,17,22,7,27,10,28,7,27,19,2,27,22,6,18,5,21,15,9,14,18,14,19,3,20,8,26,27,14,24,25,12,0,0,23,27,17,7,16,24,20,29,29,8,17,15,3,2,0,7,9,21,22,21,4,18,22,10,14,28,26,8,4,21,15,16,20,26,11,26,3,15,23,10,21,25,22,15,20,0,9,5,28,11,17,4,9,6,27,19,13,8,19,11,25,8,19,4,24,29,21,6,20,13,28,7,3,24,27,2]"
ta50,1706,"[0,1,1,0,0,0,0,1,1,0,0,0,0,0,1,1,1,0,1,0,1,1,0,1,0,1,1,0,1,1]","[6,19,3,29,17,7,20,16,2,26,12,24,1,7,14,18,29,14,14,15,5,7,19,28,20,8,21,23,27,2,17,14,0,13,3,19,23,13,9,21,23,25,8,20,21,8,9,6,4,24,17,17,24,12,25,19,21,11,16,2,4,7,0,19,11,16,15,22,24,21,13,7,2,10,28,26,11,15,21,20,6,9,18,1,25,20,26,26,20,24,2,29,17,22,23,24,18,4,17,8,28,7,7,2,5,15,0,25,19,29,2,25,12,14,6,6,24,16,12,13,0,4,4,16,11,26,27,28,29,6,27,6,0,11,7,20,5,27,14,27,7,29,27,26,18,18,10,4,21,28,20,18,23,7,20,1,12,23,5,15,1,1,21,27,29,0,9,26,9,11,23,0,14,8,11,15,23,8,20,19,4,5,15,14,22,1,25,5,12,12,3,27,14,13,25,26,6,29,20,10,5,10,27,1,13,11,17,17,3,24,19,16,22,18,7,22,23,26,18,7,19,3,21,19,9,12,0,17,16,18,14,0,0,16,23,28,10,22,11,3,12,18,4,0,8,5,19,10,16,14,12,4,8,7,17,7,25,18,18,29,22,21,4,3,2,12,25,13,21,16,26,6,17,3,10,20,25,23,26,18,28,23,15,10,29,10,5,16,12,7,27,1,25,29,25,8,18,25,1,12,24,16,4,6,11,24,16,25,28,11,17,13,16,18,26,15,1,2,10,17,23,13,13,2,5,4,21,20,11,9,26,2,9,16,4,13,26,5,17,3,11,5,11,12,9,19,29,3,20,22,27,5,12,14,24,29,10,15,16,8,10,9,1,10,29,12,27,15,14,9,2,9,27,29,15,11,26,1,28,12,22,15,1,9,15,27,6,9,20,3,26,13,19,29,25,19,24,27,0,1,27,24,26,12,9,7,0,20,13,2,24,23,7,17,24,19,22,18,8,13,15,14,10,29,4,12,20,14,4,0,1,15,6,10,25,22,18,27,3,17,3,9,16,16,5,17,2,18,6,25,3,13,2,28,13,28,4,5,17,10,19,0,1,18,8,27,26,23,14,24,13,14,19,2,8,2,20,9,21,15,2,24,22,22,6,24,28,8,4,19,1,0,9,1,6,21,3,7,7,21,28,3,1,23,24,23,28,5,19,22,3,22,5,17,8,21,21,26,23,22,3,8,28,14,29,25,29,28,10,20,0,5,14,0,22,0,10,28,17,9,8,4,3,8,2,25,15,10,29,4,25,4,28,11,24,10,22,11,11,13,11,13,6,7,5,12,23,6,6,6,22,8,21,6,16,23,22,9,27,8,21,0,26,11,13,15,5,14,28,2,20,21,27,16,19,18,15,3,28,1]"
ta51,1936,"[1,0,0,1,0,1,1,1,0,0,0,1,0,1,1,1,1,0,0,0,0,0,0,1,0,1,1,0,0,1,0,1,1,1,0,0,0,1,0,0,0,0,1,1,1,0,0,1,1,0]","[41,41,15,23,37,9,3,1,38,39,8,13,12,12,27,10,0,33,4,24,14,11,17,3,21,14,39,48,34,16,1,17,25,29,37,30,11,48,5,39,46,2,7,5,22,38,20,48,44,2,39,15,28,16,8,30,28,0,13,18,3,5,22,46,34,42,37,46,34,35,22,22,23,4,33,16,29,49,13,36,6,36,20,18,33,31,31,35,7,42,24,41,23,11,48,6,42,41,40,24,43,3,0,14,45,35,23,25,18,28,0,1,3,8,26,3,15,23,47,27,9,37,32,12,4,24,9,30,7,19,49,10,5,40,16,31,49,34,23,46,25,5,6,5,46,48,2,21,29,1,19,23,27,27,39,8,47,23,21,29,12,39,27,22,23,5,28,2,46,10,22,18,5,22,46,32,2,28,6,21,2,4,40,30,18,18,6,37,44,8,38,1,34,0,19,41,9,48,18,21,44,34,7,27,34,30,49,20,27,10,1,17,31,16,33,0,42,49,47,3,41,36,36,18,17,35,7,43,19,17,12,3,28,22,2,33,21,40,20,1,45,47,1,15,31,9,18,42,30,1,49,1,40,25,12,15,43,47,21,6,0,23,24,47,11,11,17,39,7,13,16,36,25,8,1,48,44,11,28,10,5,8,30,36,31,40,26,24,40,6,21,32,6,24,26,38,32,5,44,21,25,13,13,18,46,40,32,27,49,20,40,37,49,12,43,8,41,16,0,9,4,44,11,34,16,38,33,41,20,22,22,15,25,12,16,1,43,32,49,2,45,34,30,45,26,42,38,25,21,30,25,36,26,17,43,12,0,28,7,14,42,45,36,35,26,19,2,22,14,23,46,4,45,19,26,47,3,27,15,11,24,43,35,27,17,49,40,2,20,15,14,4,21,15,43,27,9,33,39,7,19,31,13,9,8,20,30,40,28,22,10,37,41,35,29,35,4,40,43,19,4,24,14,21,34,32,36,18,18,17,42,21,40,42,46,29,10,39,45,41,33,29,30,19,9,7,22,13,37,32,36,8,27,11,10,19,6,0,1,26,29,22,10,36,20,4,32,27,17,12,19,13,39,47,31,3,41,39,17,29,48,32,44,17,24,15,35,19,47,38,15,26,17,11,36,38,38,25,45,37,32,45,34,4,14,45,14,23,30,24,25,36,9,38,48,3,10,13,41,29,35,45,44,23,25,33,39,33,16,14,14,49,20,35,47,46,37,41,25,36,13,30,47,35,34,6,49,9,7,26,48,0,26,23,12,5,7,16,14,38,36,43,30,43,19,49,12,18,9,40,31,23,16,47,42,6,25,13,5,46,43,35,31,29,33,6,14,41,26,42,15,39,15,29,26,44,34,42,0,31,19,16,43,31,49,3,32,3,13,28,21,11,48,11,28,24,10,13,33,48,28,11,0,7,21,6,47,28,17,43,24,29,37,15,46,48,14,37,8,11,46,24,7,3,34,5,9,39,44,48,0,10,33,8,38,16,20,28,47,10,49,1,38,12,6,32,5,20,44,37,7,14,10,20,44,0,38,35,44,2,41,8,43,2,27,17,27,9,26,12,2,31,4,2,45,42,3,16,26,33,20,35,13,32,2,31,15,12,47,39,8,37,8,34,22,4,33,48,29,6,40,4,42,18,46,32,42,20,10,18,4,31,45,19,5,24,38,11,7,9,28,30,37,1,44,45,29,45,25,44]"
ta52,1885,"[0,0,0,1,1,1,1,1,1,0,0,0,0,1,0,1,1,1,1,1,0,1,0,0,0,0,1,0,1,0,1,1,0,1,1,0,0,0,0,1,0,0,1,0,0,0,1,0,1,1]","[25,36,24,45,15,37,33,47,49,38,8,14,21,18,29,3,25,39,13,21,13,14,20,14,35,8,9,20,49,20,2,46,48,39,22,31,16,1,42,10,11,34,42,26,47,8,46,36,49,48,24,12,44,7,18,38,41,10,33,6,23,45,30,14,43,44,29,10,48,25,35,42,45,8,26,20,41,21,44,23,28,26,49,0,25,41,1,5,43,26,17,18,12,28,22,49,14,45,22,25,14,12,15,33,26,3,32,42,7,16,14,40,9,9,38,6,6,42,1,8,21,13,6,17,49,34,44,10,0,20,16,7,5,3,38,43,21,37,22,22,30,16,47,17,27,45,49,7,0,21,31,29,24,46,28,17,23,17,10,26,19,44,3,21,23,43,38,27,48,11,9,46,29,8,37,45,37,3,4,27,8,36,38,16,21,35,24,4,29,46,20,40,9,38,37,37,31,8,33,13,0,45,27,2,11,27,11,43,12,38,33,48,28,35,30,14,35,43,49,26,9,20,27,1,30,45,29,37,10,41,12,40,23,27,18,10,16,6,34,39,33,18,1,48,10,19,12,2,2,24,40,6,41,13,18,25,19,16,37,29,28,32,10,19,9,19,17,28,4,6,4,28,35,12,18,23,17,20,8,15,1,4,0,25,22,8,19,27,3,22,30,2,32,46,12,9,2,2,0,26,49,18,12,43,41,1,22,40,39,32,17,29,3,7,7,34,2,48,3,40,48,39,42,20,22,37,14,16,36,34,34,30,33,46,41,39,0,8,43,4,29,39,31,24,48,13,47,23,36,43,31,15,34,16,45,10,3,33,29,21,17,20,15,15,31,40,44,23,47,13,43,39,18,42,26,6,13,48,2,6,17,36,20,13,25,22,4,3,12,27,42,47,36,33,43,11,21,9,37,33,3,37,44,30,39,7,18,18,2,18,31,4,39,38,35,11,32,3,47,14,8,7,27,47,21,33,36,48,19,39,23,47,4,14,3,20,32,0,1,16,42,5,39,26,32,33,10,4,16,20,28,35,29,47,44,49,0,6,19,44,11,1,21,38,7,46,1,19,14,32,44,27,19,5,1,7,25,29,42,46,11,22,24,46,11,28,25,45,9,41,5,30,22,11,41,24,25,31,5,11,46,17,7,28,6,2,28,30,9,7,40,41,22,42,32,45,41,19,0,10,23,29,30,20,15,4,4,37,30,24,31,31,44,5,6,29,30,35,4,5,15,36,38,43,40,9,19,17,35,34,25,21,48,36,34,48,28,36,35,15,46,42,49,8,23,19,1,47,3,48,46,12,13,8,17,13,47,39,23,40,17,16,27,22,33,5,7,24,15,32,16,38,29,34,34,31,0,34,32,24,18,36,26,32,12,25,31,0,11,5,44,21,28,11,5,0,42,2,28,5,15,6,24,3,35,1,43,26,24,4,41,40,36,41,46,23,27,8,40,30,34,33,38,2,35,39,9,6,42,12,16,45,44,23,23,1,49,49,37,9,12,24,18,22,7,47,5,42,21,17,13,13,40,34,28,36,15,2,25,25,5,26,32,15,45,10,13,11,37,32,12,38,27,34,16,14,31,20,36,4,40,26,41,47,43,7,26,27,0,40,15,11,47,9,44,35,18,41,30,31,43,35,19,38,49,30,45,45,15,31,1,44,24,48,0,14,10,33,5,37,46,32,13,10,49,2,39,19,6,14]"
ta53,1891,"[0,1,1,0,1,0,1,0,0,0,0,0,1,0,1,1,0,0,0,1,1,0,1,0,1,1,1,1,0,0,1,0,0,1,0,1,1,0,1,1,1,0,0,1,0,1,0,0,1,0]","[8,31,49,27,23,31,27,34,48,28,20,20,47,0,35,38,38,11,20,36,49,3,22,17,27,21,7,28,49,34,8,13,49,17,32,16,10,47,26,2,6,23,30,43,5,31,35,17,36,36,27,44,18,34,0,1,39,11,41,21,34,28,22,4,27,40,41,9,6,47,28,20,30,7,16,28,11,15,18,5,38,4,48,42,2,16,13,46,10,2,24,6,45,5,7,1,26,13,3,44,12,9,33,37,32,16,49,12,4,29,29,33,45,43,17,18,46,35,17,42,29,36,13,5,37,3,20,37,37,17,12,30,28,28,37,33,22,3,26,1,19,8,20,40,4,32,9,37,35,39,1,35,13,43,21,3,46,47,9,38,18,43,4,36,31,8,11,39,47,14,27,2,6,3,24,42,39,14,48,4,20,16,8,31,9,35,15,0,23,36,13,14,5,48,39,23,25,14,25,36,2,9,23,22,46,25,33,34,24,19,28,49,35,38,45,21,31,28,0,27,42,29,3,47,30,5,11,17,49,26,44,24,37,14,41,29,35,26,4,12,15,19,47,1,44,32,19,7,3,7,11,42,23,18,18,16,22,15,3,37,12,45,15,46,1,46,37,5,46,40,1,20,49,45,26,24,22,0,48,41,34,26,45,25,23,27,17,31,30,44,9,37,34,7,0,19,39,16,41,22,39,46,38,31,25,41,11,39,33,4,48,21,17,49,1,21,36,7,33,24,2,24,9,9,8,23,17,33,20,30,26,15,45,42,13,37,6,36,17,19,48,16,28,25,2,16,41,41,40,16,8,25,21,6,26,47,4,48,35,37,15,46,39,13,13,42,12,14,38,43,35,18,34,10,23,0,44,38,45,3,9,30,31,43,31,7,6,26,25,8,32,2,5,27,15,40,48,9,40,0,35,31,47,22,38,20,29,24,43,49,37,11,1,28,22,15,25,40,15,43,10,27,40,6,35,27,26,19,6,12,7,25,13,24,32,30,44,43,6,43,5,24,22,12,16,2,42,1,6,39,10,22,20,9,31,39,20,0,38,11,4,24,13,28,19,21,19,19,38,47,34,13,43,42,16,41,33,21,12,40,40,29,49,23,48,23,45,7,22,36,12,17,21,31,6,11,5,24,0,14,36,0,33,2,38,11,14,18,29,28,23,35,28,10,40,15,34,17,46,32,10,10,29,9,12,33,39,0,26,45,23,42,25,16,47,30,41,10,45,32,31,38,15,29,44,22,44,26,29,32,10,38,8,36,2,41,11,28,33,32,8,17,35,32,6,23,0,3,3,27,35,4,39,36,11,32,30,21,12,15,18,10,49,18,47,2,20,41,10,14,30,1,19,47,7,46,47,5,37,27,32,8,18,45,14,27,46,41,34,33,15,0,42,24,14,33,17,39,8,10,45,16,15,45,14,12,40,1,29,48,36,11,2,18,48,29,5,43,3,1,5,7,29,16,33,19,34,3,46,31,8,1,25,44,10,14,46,4,30,5,36,13,39,43,34,43,29,22,7,30,19,19,7,21,25,10,34,25,34,12,20,21,20,43,42,32,2,7,25,40,6,49,12,13,30,18,27,47,24,48,21,23,26,44,33,4,4,19,5,44,1,42,24,3,0,14,8,21,18,8,44,26,4,6,46,9,48,49,37,30,42,2,44,13,42,11,18,40,22,48,44,41,32,40,14,38,45,9,49,41]"
ta54,1906,"[0,0,1,1,0,0,1,1,1,1,0,1,0,1,1,0,1,1,1,0,1,0,0,1,0,0,0,1,0,0,1,0,1,0,0,0,1,0,0,1,0,1,1,1,0,0,0,1,1,0]","[10,1,45,25,31,34,1,13,12,7,42,1,18,1,28,45,13,12,19,24,38,7,14,26,49,41,3,24,27,14,21,27,14,46,12,22,41,4,9,15,30,26,46,16,33,42,6,25,49,39,40,6,38,39,16,44,0,2,1,9,18,38,45,20,43,36,4,41,27,42,2,30,42,43,31,21,34,49,0,39,39,31,16,38,33,34,37,5,28,2,26,27,11,33,1,18,28,44,27,13,0,37,15,17,46,14,42,21,6,23,3,2,27,30,22,33,1,36,25,46,10,12,42,40,23,20,36,20,24,7,48,16,36,30,15,17,18,47,47,7,28,47,43,26,36,47,5,40,28,34,13,7,29,20,38,19,21,4,23,41,45,25,37,4,11,28,33,18,14,49,33,18,48,40,48,3,8,24,30,3,23,42,14,9,40,2,34,16,36,8,15,39,26,10,30,17,47,43,3,38,2,9,20,36,20,35,12,10,21,29,47,43,23,2,5,30,49,1,14,26,48,48,26,26,23,38,34,32,46,20,5,23,16,26,42,3,16,19,29,46,29,15,32,34,1,0,35,44,49,42,6,17,17,22,5,5,2,14,43,32,31,29,13,15,21,23,2,4,20,3,36,41,16,33,23,5,40,30,34,9,24,17,41,11,29,17,32,36,27,31,18,36,39,37,6,47,48,38,49,46,24,49,45,37,24,35,15,18,13,34,18,35,1,37,37,21,4,25,30,44,47,39,43,17,30,19,8,11,38,24,4,37,11,9,10,35,12,38,24,7,40,21,8,35,33,30,12,13,32,47,4,33,26,15,16,16,45,47,24,18,20,41,32,17,48,34,25,45,13,46,20,49,3,11,34,43,0,47,46,41,9,24,39,42,3,22,35,13,4,21,42,13,23,14,47,13,8,29,15,1,34,46,5,36,43,11,43,33,0,41,30,41,40,27,5,9,44,29,28,3,19,46,22,31,34,8,35,19,7,8,45,0,28,32,48,46,16,37,6,9,32,15,31,15,39,31,2,15,8,9,31,18,21,45,20,48,14,21,20,38,21,0,2,37,19,22,25,33,22,0,22,46,11,23,49,28,38,42,13,11,3,45,20,10,32,5,43,9,37,25,29,12,27,14,10,35,49,28,30,14,48,27,2,7,41,3,3,22,47,6,0,17,1,4,10,37,11,6,24,35,44,36,8,45,39,30,26,43,31,21,10,35,19,22,10,0,44,4,49,5,29,24,19,25,28,44,14,22,12,22,10,35,2,24,9,0,20,26,7,43,7,32,43,41,25,7,48,23,4,39,49,19,32,18,44,42,31,19,29,32,44,42,13,40,36,23,16,11,31,44,40,20,25,28,42,18,40,16,35,10,26,9,8,38,26,39,44,33,39,27,37,48,35,1,36,25,37,11,17,5,48,16,29,10,36,4,4,30,8,3,14,23,25,8,9,8,45,35,28,12,11,41,0,39,11,32,22,40,6,47,44,28,38,38,33,4,39,40,17,16,14,27,21,6,31,18,7,12,22,2,1,19,19,24,5,40,45,49,6,18,0,48,3,47,49,6,13,44,43,45,10,12,31,6,17,46,7,22,37,9,27,6,5,25,29,17,32,27,5,32,0,26,45,33,15,21,15,23,12,34,19,6,28,41,7,48,8,12,40,10,29,29,12,27,13,17,34,15,31,7,44,19,41,1,46,33,25,2,11,8]"
ta55,1897,"[1,0,0,1,1,0,0,1,1,1,0,1,0,0,0,1,1,0,1,0,0,1,1,0,0,1,0,0,1,0,1,0,0,1,1,1,1,0,0,0,1,1,1,1,1,0,1,0,0,0]","[28,42,33,43,46,23,35,43,13,19,41,9,22,11,41,44,31,24,17,45,16,1,44,12,18,32,12,42,31,16,7,26,12,18,23,36,47,38,39,31,40,16,45,28,1,5,12,33,48,3,45,46,17,10,12,9,1,34,1,6,6,31,32,39,30,47,49,42,20,38,43,25,25,5,24,17,35,44,43,26,29,8,42,12,39,46,5,17,37,4,20,13,12,15,47,43,49,31,39,41,31,46,32,40,26,45,23,15,39,10,36,24,31,14,35,44,25,5,43,28,28,16,37,47,13,36,24,20,36,17,40,23,29,33,16,46,36,1,37,20,15,34,2,41,40,21,49,36,23,30,11,13,13,38,18,19,12,7,10,3,14,27,25,35,46,0,32,42,26,13,34,34,33,19,41,46,14,33,10,1,38,18,24,2,16,21,35,6,9,36,8,3,10,44,2,17,7,23,42,1,25,0,22,9,12,29,11,12,23,40,3,27,21,45,22,26,2,34,48,24,6,23,30,20,17,7,28,40,3,1,31,18,32,48,49,4,44,23,8,34,18,29,46,44,47,7,45,9,0,4,8,3,33,3,30,22,30,19,34,0,22,19,48,13,17,7,47,8,6,45,5,33,44,14,47,28,7,28,30,29,17,33,7,39,24,19,35,27,17,14,3,0,0,23,7,4,21,35,20,25,36,9,9,22,16,14,32,28,42,2,41,44,49,35,11,18,27,9,14,33,15,45,25,36,18,26,4,30,27,30,24,49,44,37,37,9,19,16,27,28,5,44,46,29,0,34,31,13,29,15,21,41,6,15,4,16,49,6,48,26,12,29,48,30,11,36,39,48,26,29,16,1,47,32,3,11,35,44,8,37,6,27,19,22,22,5,2,17,10,32,35,39,34,0,1,8,38,48,26,15,46,42,22,41,6,20,46,26,43,38,47,7,38,17,7,29,24,11,15,34,31,25,15,21,1,36,1,14,2,31,6,45,19,40,4,41,1,46,14,33,37,0,23,43,48,11,27,35,18,29,40,11,12,49,28,39,25,0,41,22,10,19,16,40,40,43,11,24,37,27,5,26,48,13,9,20,11,30,44,33,19,11,29,12,24,18,10,34,24,9,2,2,35,13,24,16,34,32,18,40,3,21,23,47,9,45,41,19,35,0,15,42,47,21,10,49,37,37,2,10,8,46,12,0,17,23,10,43,47,10,32,4,20,38,33,48,32,36,11,3,37,43,2,5,8,49,1,29,4,31,43,2,47,24,41,32,31,3,15,11,27,46,9,22,45,39,41,33,15,19,9,3,42,9,49,13,21,5,19,37,4,2,27,43,47,31,38,0,45,30,14,35,2,20,42,33,38,7,8,30,39,37,17,2,18,0,34,46,21,47,37,14,26,15,25,25,30,48,8,5,49,45,13,18,26,30,40,6,5,18,42,27,39,14,39,32,6,29,36,17,40,33,14,3,10,20,7,27,16,41,18,29,16,27,15,10,22,26,49,1,41,25,25,39,27,5,48,38,21,19,48,6,34,8,20,25,22,30,21,42,15,8,32,7,39,45,4,14,28,49,3,21,6,4,40,38,20,16,28,38,8,42,28,23,13,8,21,14,38,28,31,43,4,21,44,49,26,22,43,48,38,20,4,6,32,13,36,13,23,12,34,35,37,44,4,5,5,24,45,7,20,22,42,11,0,40,25,28,10,36]"
ta56,1913,"[1,1,1,1,1,0,0,0,0,1,1,0,0,0,1,1,0,1,1,1,0,1,0,1,0,0,1,0,1,1,1,1,0,0,0,0,1,0,1,0,1,0,0,1,0,1,0,0,0,1]","[29,41,28,16,14,20,7,43,23,38,31,27,37,22,33,21,27,1,8,0,24,13,19,9,33,32,12,32,4,32,1,13,24,4,7,37,6,21,0,4,44,47,41,48,11,40,3,49,41,2,40,20,11,6,7,6,0,0,42,13,14,37,46,41,5,31,42,30,49,14,39,29,25,30,41,37,46,8,14,35,29,25,33,4,22,6,29,32,17,45,39,4,17,30,32,1,40,8,41,31,13,34,0,37,9,8,26,45,37,45,35,37,12,45,48,46,45,36,11,38,35,17,34,20,43,18,46,15,0,45,38,7,12,38,49,28,48,44,14,44,17,16,6,44,42,22,32,27,4,46,14,4,24,13,34,31,13,3,7,26,49,39,18,48,17,13,41,18,3,42,6,30,1,24,32,12,14,46,2,39,40,44,39,45,11,48,20,13,5,42,2,21,8,48,41,1,25,10,37,33,12,38,34,28,10,26,26,16,48,26,7,25,11,30,7,24,0,43,43,12,29,35,27,27,19,26,10,24,37,30,11,47,41,24,33,14,20,6,40,2,2,45,14,16,47,44,5,23,36,21,3,46,49,16,19,28,30,46,5,32,46,21,28,28,12,47,15,9,19,33,36,1,5,15,31,30,25,16,42,10,18,38,2,22,0,26,16,44,0,23,2,38,20,28,40,41,20,0,15,17,22,41,29,13,44,30,0,14,21,17,36,9,30,12,3,38,26,12,16,43,6,9,27,47,21,35,16,47,14,13,11,24,20,12,18,34,19,36,40,15,25,6,40,17,29,35,18,4,23,1,19,47,17,28,38,18,34,26,38,40,26,37,24,5,34,20,27,39,8,16,27,34,34,39,33,31,7,40,8,18,15,26,8,15,32,42,17,41,10,43,4,7,37,8,35,33,7,31,5,19,48,25,1,36,23,0,14,20,49,35,24,18,25,40,45,1,3,8,49,11,35,39,47,21,10,28,24,14,25,29,15,21,2,28,29,42,6,33,18,2,12,12,20,27,45,29,46,3,30,13,23,18,20,28,2,11,2,38,46,39,19,42,21,28,48,26,25,1,22,3,35,21,42,30,45,4,23,10,5,3,46,10,24,43,37,38,39,30,27,33,34,41,5,33,38,13,29,17,45,9,40,21,16,48,18,8,15,25,47,2,43,24,9,6,32,48,30,5,9,16,27,37,25,7,9,35,43,49,3,9,43,22,40,32,31,22,45,47,43,20,31,44,21,9,15,19,7,10,47,1,13,4,6,35,23,45,31,14,42,1,3,49,27,6,9,38,36,3,3,37,44,22,32,2,5,27,25,14,39,30,20,23,26,29,19,22,48,24,11,9,33,27,13,31,22,33,36,39,3,8,36,31,43,34,4,47,11,44,41,2,42,36,5,5,15,16,48,19,4,18,10,11,13,43,17,23,10,0,15,7,4,44,11,44,38,47,17,12,49,0,22,31,21,27,49,1,39,15,18,36,9,12,33,47,11,16,33,32,31,36,32,3,4,8,22,26,19,26,2,1,48,49,21,41,6,19,34,10,29,42,12,40,10,5,46,6,7,34,20,28,35,31,48,42,49,10,46,35,23,17,23,40,19,22,47,23,34,19,49,28,36,42,45,9,49,1,8,44,17,36,7,18,32,25,44,10,28,37,8,39,23,15,11,29,0,22,35,46,15,24,36,39,23,29,16,25,5,34,43,43]"
ta57,1992,"[0,1,1,0,1,0,1,1,0,1,0,0,0,1,0,1,1,1,0,0,1,1,0,0,0,0,0,1,0,0,1,1,1,1,0,1,0,1,1,1,0,1,1,0,0,1,1,0,0,1]","[18,27,28,45,13,19,37,43,13,3,17,5,32,47,10,28,42,13,10,0,9,4,33,8,28,6,15,44,5,29,30,23,9,17,41,9,11,27,8,38,25,42,9,20,49,15,48,5,1,28,26,23,1,23,7,47,29,35,19,40,37,44,46,0,41,23,42,16,26,24,11,4,25,14,37,46,40,26,29,37,46,16,43,45,2,9,10,49,3,17,39,31,41,0,48,11,35,10,15,22,26,36,36,2,49,18,23,3,2,33,33,20,21,48,2,40,26,24,32,27,23,14,22,1,6,13,30,23,20,25,47,21,24,0,14,3,18,41,6,39,46,2,24,1,28,10,26,27,29,9,22,14,33,36,19,30,5,22,30,44,43,42,22,20,12,12,24,32,15,29,7,35,12,40,24,32,42,35,47,21,1,12,21,10,1,22,28,38,8,42,13,34,7,17,47,20,4,19,25,28,31,13,49,49,48,35,43,2,32,9,5,6,18,45,2,31,49,19,45,47,46,36,21,9,13,25,27,15,14,34,27,48,8,44,24,20,0,8,36,3,30,33,4,49,43,1,19,16,27,8,32,30,37,37,16,5,23,2,32,8,43,1,48,33,35,16,28,48,36,2,34,27,28,2,44,3,25,47,15,47,28,18,13,47,7,26,32,2,23,48,31,0,30,4,34,35,29,16,29,30,4,8,22,13,14,0,46,39,3,12,19,36,29,1,1,41,25,49,19,0,0,11,31,21,37,25,3,8,27,21,38,38,15,39,33,18,40,6,0,37,15,27,5,16,29,46,14,37,36,16,42,34,34,36,9,0,4,34,15,15,39,2,49,28,7,14,47,6,45,12,46,29,3,38,3,38,36,14,30,48,1,8,31,7,30,13,0,45,15,37,30,21,44,15,10,11,17,17,8,11,8,17,41,43,40,5,14,37,40,7,38,41,23,43,31,20,32,21,30,31,23,18,11,49,16,18,41,17,46,35,13,6,46,48,9,8,47,37,5,26,33,29,19,3,39,21,15,29,4,7,4,29,13,12,44,32,35,20,12,36,12,11,10,1,8,12,43,9,7,42,36,47,38,36,11,23,33,35,21,31,10,6,48,44,38,42,7,6,34,3,24,4,29,25,36,3,16,36,39,23,13,34,18,20,30,40,44,24,6,39,45,49,16,34,43,38,38,41,40,42,17,16,9,26,34,41,31,49,32,7,20,37,31,7,33,26,4,47,15,22,43,17,33,17,0,5,45,43,46,24,40,22,21,34,43,27,33,42,48,46,22,0,18,46,46,14,24,34,46,44,12,22,38,30,6,39,26,20,6,21,2,9,19,9,42,6,40,33,20,15,25,2,41,22,44,43,28,22,6,35,45,19,31,41,48,28,19,29,11,11,24,13,5,43,26,48,34,38,4,39,20,42,45,41,10,35,31,28,16,11,18,42,7,32,3,11,28,1,24,47,3,4,5,17,27,25,14,40,19,2,47,18,10,39,23,21,16,18,27,40,11,4,39,7,5,7,49,10,6,44,14,12,32,35,14,44,17,12,26,23,35,33,21,40,38,25,37,12,25,32,31,18,27,35,44,30,8,24,49,39,10,16,26,1,45,39,22,42,11,10,10,13,45,17,33,24,25,0,18,45,32,34,20,4,17,26,27,39,19,37,20,1,22,5,49,48,9,31,25,19,41,45,14,5,40,41,12,38,45,44]"
ta58,1947,"[0,1,1,0,0,1,0,1,1,1,1,0,1,1,0,0,1,0,0,1,1,1,1,0,0,0,1,1,1,0,0,1,0,0,1,0,1,0,1,0,0,0,1,0,1,0,0,1,1,1]","[33,38,15,45,49,46,11,42,3,5,13,49,12,49,3,20,1,48,21,40,35,16,31,8,26,19,21,47,30,15,18,45,35,33,1,35,28,19,41,46,13,6,5,21,19,24,21,2,21,45,15,47,46,23,19,6,38,32,11,39,30,36,43,22,34,29,20,25,6,26,17,48,1,18,40,11,9,18,49,20,47,26,43,25,22,5,25,16,42,41,31,35,39,20,27,5,43,24,7,34,4,15,15,32,10,3,30,25,22,14,27,5,14,43,17,44,38,25,21,36,13,42,44,28,26,39,22,9,5,2,40,34,40,45,15,47,49,7,9,4,35,4,7,2,12,24,43,33,17,1,33,6,6,15,11,49,48,5,25,8,0,2,1,5,20,33,37,40,15,19,26,12,25,10,36,44,44,24,36,14,36,1,5,0,34,21,28,13,18,40,37,11,23,13,20,12,27,14,44,4,43,7,22,12,24,29,8,11,27,13,32,9,1,30,18,2,30,1,0,19,18,25,29,8,14,44,1,31,0,29,49,23,5,11,37,28,4,7,21,28,21,0,19,49,30,41,11,12,0,0,2,37,8,9,26,42,8,0,4,17,24,24,25,26,18,2,43,13,29,33,10,9,34,15,26,36,48,1,2,12,36,18,0,9,11,35,22,24,38,17,41,48,28,19,6,2,2,26,29,38,3,19,18,27,27,41,6,42,14,42,34,39,23,3,10,26,34,3,40,14,44,27,48,39,7,0,3,25,25,39,26,32,43,18,23,43,9,30,17,43,23,16,38,31,33,34,7,29,8,33,40,48,23,15,26,4,47,8,24,28,15,12,43,41,10,27,42,21,44,32,47,36,31,46,10,20,25,3,1,43,46,6,16,31,39,33,18,4,37,25,13,16,22,47,9,33,15,40,46,48,32,35,28,45,8,23,11,37,7,37,33,38,38,34,42,15,29,42,17,20,43,29,24,28,49,37,49,43,30,41,22,31,18,30,48,31,45,13,25,24,8,46,29,41,11,5,34,10,7,39,3,47,33,35,6,28,39,29,22,16,22,30,32,47,12,37,28,7,22,23,47,12,4,45,45,34,38,22,14,8,8,46,44,11,49,6,17,30,48,7,5,27,36,6,44,42,47,28,37,45,31,20,28,42,5,18,10,35,38,2,21,10,22,30,43,23,32,18,12,12,23,32,44,41,31,3,45,44,47,11,48,16,31,22,6,37,13,46,14,23,16,5,29,1,6,33,32,34,39,2,5,6,11,45,13,42,46,38,4,48,48,38,39,49,41,18,14,45,17,32,10,47,0,13,40,25,19,32,44,20,24,7,29,15,27,48,30,47,45,3,31,45,42,16,33,0,40,20,35,8,21,10,17,23,35,31,40,46,0,41,19,26,14,40,36,40,32,28,21,28,16,46,16,0,24,38,10,31,19,36,27,14,19,42,12,16,10,9,7,24,3,11,17,9,40,8,38,23,4,2,34,41,14,36,35,37,38,41,34,4,9,0,45,3,6,19,35,14,20,17,49,2,10,47,39,13,8,36,27,17,44,4,36,7,29,37,1,27,46,16,20,39,49,20,22,39,9,39,9,17,49,26,16,36,2,21,46,32,1,41,3,7,12,46,21,13,35,27,26,16,19,29,30,1,33,35,20,34,27,44,37,30,24,23,4,15,48,10,42,41,12,4,13,32,17,31,9,3,14,37]"
ta59,1873,"[1,0,1,0,0,1,1,0,0,0,0,1,0,1,0,1,1,1,1,1,0,0,1,1,0,0,1,0,1,1,1,1,1,0,0,0,1,0,1,0,1,0,1,0,0,1,1,1,0,0]","[36,31,15,31,37,24,15,42,40,41,33,6,20,16,14,29,39,13,23,22,8,8,28,24,46,39,5,5,49,37,12,13,42,41,15,17,5,40,26,23,35,5,42,8,43,20,43,2,36,13,12,2,41,46,1,16,10,0,12,48,2,17,7,9,35,21,44,26,44,27,19,29,20,32,43,1,8,46,13,24,29,36,22,46,13,3,34,7,34,48,4,26,48,1,28,42,11,23,40,4,49,25,19,34,19,27,15,34,10,19,47,47,39,44,18,46,21,36,35,26,44,24,49,14,18,8,47,20,5,47,46,19,4,20,9,21,15,25,2,9,17,25,30,25,32,19,0,10,34,48,25,4,42,34,36,14,43,37,20,22,25,28,41,15,40,16,43,32,28,15,33,17,2,36,33,45,48,29,0,19,23,8,21,16,43,12,21,0,30,33,13,25,31,34,4,1,23,40,17,21,43,40,16,5,6,21,23,1,11,26,36,37,1,44,32,18,17,4,38,20,49,16,18,48,0,39,9,19,21,34,43,39,34,30,35,30,48,27,40,28,2,32,22,0,2,4,9,10,8,26,9,14,7,41,14,32,4,16,30,46,6,35,23,20,12,43,48,31,3,2,47,9,44,47,35,22,45,19,27,25,11,31,18,2,38,33,3,48,40,48,1,11,21,41,28,17,9,35,1,1,25,17,10,44,44,14,24,48,35,25,20,27,28,5,29,39,15,5,10,47,3,12,43,43,23,3,22,30,34,37,0,9,23,35,10,46,33,6,21,43,38,7,44,4,31,12,49,16,36,11,11,25,6,49,37,29,10,30,34,10,3,6,24,45,13,31,6,30,8,38,41,13,19,27,28,32,4,7,14,39,49,11,38,25,28,37,0,18,16,6,42,48,42,13,24,27,32,12,47,10,10,9,8,7,39,1,37,20,8,9,20,32,47,24,8,38,34,25,42,10,4,11,35,44,7,24,29,3,26,39,36,23,3,17,32,45,24,38,42,22,34,40,16,45,12,27,23,26,18,23,18,35,31,14,16,3,8,31,5,30,46,11,17,31,48,1,45,26,47,33,9,8,45,34,14,27,14,35,44,35,28,46,18,21,14,17,33,1,37,41,45,15,47,47,0,7,24,22,15,41,1,45,6,46,28,30,37,30,3,5,45,21,39,33,13,4,41,18,0,26,3,26,15,19,36,19,23,16,3,38,39,14,21,31,38,39,4,6,9,17,33,16,42,28,12,12,49,16,9,8,7,25,29,39,29,6,11,1,14,3,22,43,7,44,13,44,18,23,26,37,49,35,7,31,0,27,27,20,33,42,43,17,41,36,13,9,49,11,2,32,31,37,38,4,2,11,1,11,21,12,42,37,30,24,21,6,38,34,6,5,13,22,48,40,22,26,20,45,18,10,19,15,7,45,3,29,46,7,42,40,38,49,29,49,41,42,47,38,32,7,37,35,7,46,49,5,22,29,19,11,22,28,27,42,38,44,39,15,30,18,10,41,3,44,29,2,43,19,36,28,14,18,14,24,0,29,40,12,47,0,31,26,11,41,13,5,45,23,48,36,33,12,17,15,45,20,6,49,39,30,32,45,2,26,32,20,6,36,24,40,33,10,8,31,5,27,49,46,24,2,28,17,29,36,37,0,32,33,47,46,15,27,12,4,0,2,40,25,13,38,16,33,41,18,22,27,40,5,30,22]"
ta60,1967,"[0,0,1,0,1,0,1,0,1,0,0,0,1,0,1,0,1,0,1,0,1,1,1,0,1,0,0,1,1,1,1,1,1,0,1,0,0,0,0,0,1,1,1,0,0,1,0,1,1,1]","[26,15,40,19,28,24,31,22,49,40,48,4,38,11,12,22,37,37,16,42,21,43,23,37,5,37,32,18,26,30,7,40,10,42,19,24,35,34,48,12,19,21,39,46,41,31,29,16,30,36,4,7,28,6,17,2,27,36,30,45,48,14,13,11,19,37,23,46,44,26,47,8,43,28,11,10,28,6,36,23,18,10,23,17,5,41,8,7,5,37,41,25,39,17,42,25,8,48,12,42,32,9,37,16,27,45,37,6,48,43,22,8,2,43,9,13,0,41,5,6,6,32,3,49,11,29,3,39,29,1,10,9,35,39,38,19,43,38,6,34,44,35,14,19,19,11,24,2,31,0,44,31,5,26,13,22,3,30,35,31,3,3,32,14,48,48,37,43,15,3,34,5,0,28,39,23,17,35,2,48,9,27,44,34,29,28,10,5,27,13,21,2,31,22,6,7,40,10,35,41,40,26,14,7,2,29,16,45,1,41,7,4,47,0,14,19,25,22,13,24,20,46,41,0,16,9,15,14,17,23,30,12,5,11,19,47,43,10,27,28,31,34,29,12,4,43,7,39,34,44,11,49,38,10,41,20,13,34,22,23,24,16,8,4,40,18,41,43,46,34,2,22,0,10,1,40,49,28,10,0,26,16,31,25,4,1,31,28,32,47,45,9,28,29,18,33,47,33,2,25,45,18,28,22,35,16,35,44,36,36,7,35,12,7,49,39,6,7,5,33,30,5,1,42,9,49,15,13,20,49,3,24,3,42,13,16,1,40,25,18,40,0,43,11,29,47,11,19,1,18,34,13,12,40,24,12,34,17,32,29,38,12,17,49,27,38,19,38,26,32,20,21,19,6,11,35,35,7,21,6,20,33,27,45,19,34,47,31,24,9,43,8,36,28,15,46,11,21,35,24,46,27,20,34,12,31,0,45,6,28,18,36,23,37,17,18,41,39,25,24,16,18,5,16,21,9,27,21,13,14,26,11,2,3,44,43,33,20,4,25,47,38,17,0,4,48,16,27,34,33,27,1,25,12,47,7,33,8,32,46,42,11,3,38,12,14,17,1,39,41,3,31,18,25,43,1,26,20,23,33,20,14,49,22,13,38,23,15,32,4,36,2,25,29,15,17,15,22,40,4,26,32,36,27,36,4,36,45,48,36,14,41,32,37,17,16,12,47,13,6,25,47,34,10,2,10,38,3,33,35,8,3,9,36,33,46,45,21,5,49,18,29,24,18,25,42,17,42,39,28,33,9,45,1,36,30,30,40,3,37,26,44,4,37,8,3,27,15,0,8,17,8,25,11,9,17,25,13,20,44,23,26,21,47,49,40,46,11,38,45,8,9,30,15,5,47,48,39,49,29,38,8,0,42,42,8,5,14,18,34,42,26,0,0,33,26,33,39,40,46,13,15,30,48,12,29,46,22,35,43,45,24,32,10,21,27,21,4,4,19,14,28,23,23,42,49,6,24,30,46,20,30,46,13,21,42,40,30,29,15,7,45,23,2,37,32,48,33,9,16,14,30,22,48,32,21,1,14,27,44,31,43,31,10,39,20,44,9,47,39,24,21,22,2,12,37,23,2,38,30,10,1,45,47,44,38,15,22,6,26,32,0,15,7,49,41,44,20,45,15,4,1,39,35,46,18,49,14,24,42,41,33,41,2,20,31,36,5,8,19,20,48,7,6,16,44,44,46,1,29]"
ta61,2234,"[0,0,1,1,0,1,0,1,0,0,0,0,0,1,1,0,1,0,0,0,0,0,0,1,0,0,1,0,0,1,1,1,1,1,1,0,1,1,0,1,1,1,0,1,1,1,1,0,1,1]","[12,9,18,0,34,48,14,11,4,6,30,10,4,13,22,45,30,13,5,33,49,25,33,45,37,40,46,43,28,9,35,9,16,49,38,8,18,30,37,29,6,14,32,7,42,21,49,1,36,32,30,37,4,30,39,42,10,49,1,45,48,9,45,36,12,5,24,35,11,9,29,32,29,46,26,40,22,17,1,2,47,39,26,8,6,46,30,47,38,11,11,22,23,4,24,43,28,38,47,4,37,4,46,19,12,20,33,6,47,45,9,10,1,39,39,46,9,24,25,33,33,15,43,16,0,11,19,30,27,29,1,31,9,30,41,22,18,20,36,49,36,33,12,4,4,1,37,43,46,27,36,3,6,3,0,28,5,13,7,42,17,23,48,12,11,47,44,48,45,36,20,45,46,12,26,12,22,31,2,21,4,13,14,7,44,43,17,19,49,43,41,34,16,41,32,34,34,27,9,20,7,26,18,21,43,1,7,20,39,46,29,16,10,20,14,36,10,32,31,1,25,3,47,37,6,17,1,40,30,45,5,17,38,30,3,11,1,48,25,2,12,43,23,34,41,33,37,39,24,27,45,35,18,12,31,19,0,32,11,39,14,0,34,15,28,0,23,45,20,15,26,27,20,3,12,12,7,39,31,8,8,10,48,0,14,35,0,27,18,18,16,34,21,31,15,45,34,5,15,49,28,13,39,42,24,27,38,4,31,16,31,3,8,28,32,44,36,49,41,22,44,7,16,4,30,36,38,18,46,8,27,3,41,42,13,2,35,29,14,28,36,5,29,39,17,44,48,40,20,43,4,0,9,4,23,40,6,0,22,28,15,37,11,1,20,49,49,37,46,20,24,49,48,39,33,42,40,2,2,33,13,9,7,24,12,16,21,8,16,18,41,43,28,8,43,41,35,46,27,35,24,22,47,12,36,10,43,19,4,30,14,4,38,29,3,48,20,15,35,40,23,38,47,38,14,9,49,7,15,39,14,12,31,13,3,8,19,5,36,38,42,21,3,43,38,16,39,20,9,2,41,13,31,46,42,19,23,20,24,16,18,49,9,37,17,0,18,13,5,32,0,27,19,10,22,32,8,8,26,1,25,21,48,30,32,48,46,25,39,41,41,2,24,42,4,29,44,16,26,15,13,43,19,5,48,23,2,26,34,34,0,44,21,5,5,28,19,2,21,22,22,23,33,13,10,26,3,15,44,22,35,28,25,33,26,9,11,2,37,8,36,1,40,11,31,44,22,31,36,1,27,44,17,35,12,16,3,49,27,23,28,3,29,7,25,12,37,0,15,18,34,8,34,37,17,7,17,20,44,48,25,8,23,47,13,47,9,44,35,45,43,36,47,31,14,44,23,48,29,13,35,30,22,6,3,9,28,18,30,0,21,45,19,6,31,40,23,15,16,28,35,2,39,11,45,40,30,23,29,49,44,23,13,9,19,21,38,18,15,37,35,18,31,44,38,41,2,23,24,40,46,11,18,36,15,26,5,26,33,33,32,42,24,38,44,8,45,38,42,8,39,38,46,32,33,32,49,25,31,46,42,3,23,7,8,30,45,8,27,20,24,13,11,7,16,40,42,34,26,22,6,24,43,6,1,25,15,46,45,16,32,6,18,15,40,41,22,25,12,10,24,15,4,11,14,13,18,47,24,12,25,20,29,7,21,23,26,25,44,32,14,11,48,21,17,49,16,42,19,14,17,37,27,24,21,21,17,30,42,17,41,4,25,26,0,39,19,37,33,17,4,31,47,1,49,38,17,29,13,1,46,11,28,6,3,47,28,20,35,48,47,1,10,29,21,49,30,14,6,23,7,2,21,33,25,39,29,41,35,40,13,48,10,40,9,42,26,35,14,34,47,36,31,2,12,33,26,9,22,40,43,35,37,34,47,42,7,38,21,2,0,34,2,35,2,37,42,10,2,0,4,11,47,33,7,5,25,36,6,10,17,46,47,5,19,28,28,41,16,46,6,27,5,34,44,11,41,44,48,43,25,27,3,23,40,1,25,28,45,35,6,26,22,14,31,21,29,43,24,10,20,7,14,34,10,2,10,13,28,32,27,19,39,25,10,6,15,5,16,26,31,27,27,17,6,17,47,32,0,43,38,29,41,32,41,49,18,15,38,29,5,33,5,40,20,45,3,34,14,18,27,6,10,19,15,30,7,42,39,8,44,37,11,48,24,32,0,12,48,21,10,5,26,8,24,3,40,40,36,3,16,34,41,45,19,17,33,22,32,29,7,1,22,42,14,19,36,19,5,37]"
ta62,2219,"[0,1,0,1,0,1,1,0,0,1,1,1,1,1,1,1,1,1,0,1,1,1,1,1,0,1,0,0,0,0,0,0,1,1,1,0,1,1,0,0,0,0,0,1,1,0,0,0,1,1]","[42,8,5,33,0,31,48,49,24,4,38,14,31,42,28,18,12,4,20,25,44,23,10,43,37,23,43,6,4,47,36,33,21,8,49,8,5,39,18,9,9,18,25,17,17,17,45,44,29,45,10,1,5,6,44,21,38,49,9,44,11,48,30,40,39,15,1,40,32,45,11,2,26,16,43,41,19,36,46,46,15,48,17,33,38,40,48,17,23,22,37,6,11,9,16,48,16,23,33,17,23,18,1,34,6,25,2,0,7,38,17,24,17,45,34,41,3,46,43,19,0,25,33,26,11,31,36,43,49,0,39,40,29,42,43,42,40,35,29,34,23,2,13,12,4,19,47,4,10,35,31,23,20,18,23,18,42,40,17,1,37,32,21,4,30,20,21,37,39,36,38,19,38,21,7,10,6,36,25,36,28,15,41,30,30,49,37,45,44,48,20,21,3,2,49,32,10,14,21,48,26,27,1,26,12,33,6,15,37,7,33,28,14,1,25,5,4,7,3,0,49,16,5,18,49,5,47,6,16,5,40,10,47,19,2,22,39,27,2,24,43,40,2,44,2,19,17,13,22,20,3,13,26,38,38,30,45,9,7,8,31,29,39,36,15,36,0,14,47,19,27,45,46,34,11,14,15,29,20,33,26,12,12,14,37,43,23,38,26,32,32,5,13,17,35,16,35,11,1,14,22,31,34,21,33,28,41,18,11,13,16,0,35,20,34,48,18,20,7,43,12,26,40,41,9,2,20,24,9,33,0,42,46,19,6,26,14,12,16,29,9,49,14,27,17,19,21,34,13,0,7,12,29,31,6,23,34,41,3,12,22,36,32,15,21,45,1,9,6,18,13,32,14,32,28,19,45,42,49,49,25,22,19,42,25,37,7,9,30,4,38,30,16,9,44,2,43,37,11,43,6,5,4,46,3,27,8,14,6,29,49,44,27,20,35,13,26,30,14,42,33,23,31,5,7,29,41,19,22,15,36,3,33,21,38,28,3,1,3,8,13,26,13,36,40,16,11,11,8,18,37,42,16,40,33,4,26,46,17,12,5,2,20,4,18,21,9,22,23,32,25,0,10,1,7,23,13,30,41,14,47,14,27,43,44,34,15,8,27,32,16,11,7,40,22,17,36,5,31,10,30,37,31,24,24,2,32,40,35,45,29,47,12,2,18,47,4,41,3,9,49,13,39,9,31,28,14,46,37,30,14,40,22,21,42,18,40,48,22,28,10,3,29,15,16,11,15,37,25,0,38,29,32,31,34,47,48,41,38,34,35,9,48,15,41,0,0,20,48,27,25,19,24,47,32,26,39,29,7,12,10,43,28,1,39,46,44,6,11,43,27,26,40,38,41,38,8,22,24,45,43,38,37,33,48,39,19,37,47,21,42,44,39,41,7,9,25,1,29,25,10,43,15,13,8,2,44,4,37,30,49,49,30,2,28,23,21,26,9,46,27,17,3,23,13,17,49,8,46,32,24,32,13,32,27,1,40,16,41,21,29,8,3,44,27,39,42,34,33,47,20,28,48,28,0,21,5,46,27,33,28,45,47,46,18,0,11,11,20,15,26,36,23,35,0,0,6,7,37,46,9,4,18,28,45,48,45,24,44,22,26,42,11,16,12,28,20,31,25,34,36,49,47,43,20,33,2,25,39,16,22,3,14,7,40,47,34,42,10,20,10,30,13,22,35,8,8,29,26,5,31,35,16,12,40,15,9,10,19,2,24,35,30,3,4,7,43,16,35,6,32,39,7,25,43,19,6,27,45,27,3,35,32,44,39,47,24,38,5,28,42,3,32,39,28,4,31,20,12,34,23,24,4,34,24,13,25,8,10,29,48,38,27,13,24,28,49,2,12,49,19,12,10,22,22,31,46,12,41,14,44,42,34,30,27,25,16,34,29,6,1,41,6,24,32,39,35,1,46,5,35,38,21,24,20,10,8,42,6,20,14,35,36,28,45,41,40,1,24,2,23,31,35,42,30,7,17,0,47,37,14,41,17,22,39,10,11,13,48,35,29,48,35,10,30,15,44,36,37,48,1,45,46,34,1,22,36,3,2,15,4,21,47,3,39,28,16,5,8,3,31,44,46,33,10,33,0,30,8,25,38,43,11,36,27,18,41,45,4,17,48,11,34,18,5,13,8,18,46,8,27,47,49,42,15,9,12,23,12,37,6,31,4,19,31,47,36,41,44,45,0,46,15,1,19,36,26,21,24,5,19,25,7,45,44,30,7,5,33,17,24,39,1,29,15,23,26,18,11,22]"
ta63,2112,"[0,0,0,1,1,1,1,0,1,0,0,1,1,0,0,0,0,0,0,0,1,1,1,0,0,0,0,1,0,0,1,1,0,1,1,1,0,1,0,0,1,1,0,1,1,1,1,0,1,0]","[39,10,28,3,30,23,21,8,28,28,33,9,18,38,49,0,17,32,4,19,39,6,26,42,49,1,16,47,9,22,26,45,34,23,15,16,25,39,28,18,27,15,39,32,33,47,30,28,0,42,35,22,14,26,45,27,29,8,28,14,19,12,24,15,27,48,15,21,27,15,45,1,0,32,20,0,33,3,44,3,12,20,17,30,43,1,20,42,11,18,34,3,2,10,6,38,41,14,38,22,9,11,11,45,6,29,42,13,43,2,0,43,25,46,27,43,4,2,14,2,6,35,10,23,11,13,40,10,25,30,44,20,22,13,12,23,13,33,33,32,37,49,27,17,8,37,39,24,32,41,25,32,3,22,21,30,10,34,7,18,9,41,11,3,21,41,5,18,38,4,42,42,40,46,37,3,35,12,27,15,17,46,23,28,7,3,34,12,45,18,18,33,13,38,7,3,23,1,1,23,47,49,2,5,40,38,8,23,23,32,34,13,22,22,24,35,16,35,9,47,43,6,34,26,46,9,32,18,22,36,48,1,31,4,46,37,7,8,19,36,22,15,5,43,48,0,19,44,10,39,26,47,33,34,23,5,8,38,49,25,19,27,21,24,13,18,33,44,4,15,46,8,12,42,5,47,36,13,21,2,36,7,3,43,43,46,19,13,11,33,26,7,19,37,39,5,39,16,24,41,11,30,21,34,4,43,0,1,31,26,34,22,21,20,0,18,44,14,31,34,37,10,10,0,4,35,20,18,30,31,28,5,39,38,15,28,6,1,20,27,17,42,22,10,49,35,5,32,3,47,1,42,49,40,45,49,18,31,28,31,25,4,7,5,27,40,20,46,49,18,22,48,19,12,16,44,44,19,14,0,24,38,46,9,4,28,36,46,18,36,4,29,33,13,34,49,27,29,25,46,13,33,45,13,41,36,23,10,7,12,38,38,45,28,33,32,35,5,30,19,18,34,5,40,1,31,38,10,16,10,31,13,33,23,11,40,44,8,40,27,43,1,12,41,48,38,24,11,14,6,36,47,23,4,37,47,28,15,37,42,8,26,14,25,22,35,14,40,3,0,28,22,6,27,26,14,17,36,43,15,8,43,34,2,2,28,22,17,47,20,8,41,40,12,39,0,46,35,16,20,17,0,12,13,39,14,34,7,15,14,29,33,19,44,11,13,34,44,24,36,47,7,43,45,21,48,26,35,2,33,4,37,26,11,5,24,47,32,5,41,2,26,29,20,12,28,38,24,17,45,19,15,20,19,35,30,4,47,29,6,8,16,29,33,29,9,48,30,0,41,27,39,1,34,9,36,16,29,6,48,25,49,7,21,17,16,36,3,6,46,3,30,24,4,10,23,35,25,14,12,24,37,37,31,11,3,21,14,42,44,29,19,14,11,25,48,8,26,9,11,31,37,4,3,32,42,12,9,48,36,42,32,20,18,18,8,21,25,36,26,15,2,42,16,7,48,16,38,48,8,12,6,16,41,21,22,5,17,45,39,49,40,4,9,47,19,47,16,22,23,7,36,41,35,46,2,45,28,29,18,25,30,28,25,10,25,1,28,17,48,31,15,32,38,33,7,0,49,2,9,49,2,48,15,28,7,24,32,17,13,26,41,17,0,49,12,46,44,16,12,29,17,37,35,6,21,48,30,7,1,35,29,31,46,19,10,44,33,6,14,2,1,45,30,10,47,5,32,44,36,42,20,5,29,8,9,1,47,36,17,21,8,1,43,3,38,9,4,26,9,37,27,44,44,45,8,14,23,30,38,31,6,37,24,34,1,47,21,49,9,40,27,23,10,14,4,36,47,16,32,2,40,25,21,35,26,22,20,29,38,24,2,48,20,13,40,25,37,46,33,44,30,14,37,40,17,38,31,6,24,44,5,35,41,43,11,37,14,19,9,49,31,46,48,47,37,41,19,3,39,1,23,22,11,32,4,20,40,7,0,11,17,18,42,12,45,36,26,49,43,31,23,42,12,32,26,41,13,43,7,24,27,0,41,39,0,30,2,25,16,43,39,31,4,35,39,24,6,16,0,6,20,8,15,33,35,29,49,30,40,41,44,48,9,25,39,36,34,40,42,3,8,22,41,40,10,40,13,27,27,32,7,25,20,45,11,2,21,39,3,49,2,29,16,31,24,43,31,17,30,10,11,18,16,15,12,30,9,26,24,5,44,15,7,45,10,5,20,23,45,42,46,21,6,46,31,21,48,17,6,43,5,45,29,27,19,45,39,34,13,34,15,11,29,19,42,41,37,48,1]"
ta64,2054,"[1,0,0,1,1,0,0,0,0,1,0,0,0,1,0,1,0,0,1,1,1,1,0,1,0,1,0,0,1,1,1,0,1,0,1,0,0,1,1,0,1,0,0,1,1,0,1,0,0,0]","[1,23,47,44,47,4,30,49,29,18,0,45,10,2,23,38,3,25,45,40,11,25,29,2,5,33,9,32,5,37,32,27,26,27,47,48,37,6,19,14,39,36,27,7,34,45,12,41,43,38,43,48,5,40,12,21,28,43,31,10,48,20,17,14,6,11,17,36,19,30,28,39,33,26,22,17,34,49,28,13,1,14,0,42,49,24,4,47,45,29,31,33,34,21,42,12,21,27,25,25,44,38,44,19,9,16,6,10,38,15,1,18,28,42,42,47,31,33,31,28,45,7,23,44,21,37,43,12,18,13,9,6,40,26,0,9,29,41,33,18,27,10,25,30,9,28,41,0,46,4,22,31,19,36,13,37,8,14,21,41,21,42,42,29,8,23,20,0,3,45,40,34,37,8,26,45,20,10,11,13,5,38,28,45,20,14,13,32,21,43,4,38,24,13,21,18,46,18,17,2,41,6,16,33,34,49,18,23,9,16,23,16,48,46,14,4,49,2,49,24,7,19,29,25,39,29,11,19,44,4,41,2,32,1,34,6,46,46,22,5,29,9,49,46,43,25,6,35,42,4,1,1,45,12,16,18,11,34,40,41,5,26,3,6,16,19,27,8,32,1,47,49,7,17,27,21,48,34,11,37,33,37,30,38,35,29,35,19,9,24,9,47,27,22,3,41,41,48,5,48,48,45,10,8,22,42,22,19,49,32,39,21,26,28,3,26,31,4,10,28,38,41,35,7,22,26,3,26,27,16,14,13,10,22,48,22,14,25,30,39,9,36,2,15,38,14,31,26,17,0,17,30,14,18,23,39,11,8,11,31,41,6,43,25,8,2,1,18,22,27,35,11,40,5,26,36,3,31,38,32,15,37,1,2,49,22,46,11,44,6,2,16,26,12,45,14,18,24,4,40,8,23,41,16,22,46,11,32,9,16,49,44,3,34,4,47,37,0,18,33,1,2,7,33,13,42,41,24,44,48,9,19,4,24,26,8,21,45,7,31,1,29,17,18,37,7,31,15,44,32,43,13,43,31,1,42,6,20,45,25,49,15,32,10,0,36,12,3,17,31,35,8,32,24,8,28,10,35,36,43,18,6,34,19,36,23,26,39,31,40,12,33,15,34,24,46,11,15,47,22,36,27,34,39,42,16,30,33,35,39,31,46,36,1,38,12,33,30,28,12,21,13,43,40,43,4,17,12,20,48,15,10,3,49,20,34,13,40,20,48,29,0,10,17,36,36,29,23,23,5,19,30,0,44,8,39,28,31,14,24,21,26,9,13,6,11,49,40,35,35,21,37,29,45,33,32,19,27,5,48,8,32,35,11,44,23,25,40,7,15,46,31,4,34,39,37,4,27,46,45,4,38,47,25,8,1,5,30,24,15,23,8,22,7,45,16,7,36,18,22,35,21,49,18,36,20,2,17,45,48,30,16,10,47,0,20,41,40,39,0,34,12,37,10,40,8,35,18,19,40,9,38,44,14,36,35,20,14,33,40,29,19,13,2,2,34,37,30,25,20,33,46,47,46,46,17,35,15,10,2,3,24,23,19,19,16,15,27,39,7,40,41,46,47,27,17,36,9,4,24,32,40,5,30,27,7,26,43,17,0,26,15,30,28,30,22,42,32,35,35,38,39,43,11,38,13,14,48,30,45,12,21,3,24,16,14,36,33,22,24,32,47,15,5,29,38,43,44,2,47,44,25,20,46,49,3,18,3,6,39,5,42,42,29,41,11,0,23,26,40,23,13,32,30,4,9,6,39,13,49,47,12,38,44,28,3,14,37,8,7,27,42,48,3,41,15,24,33,3,12,4,47,17,3,16,2,41,28,34,8,7,5,7,42,1,1,26,30,42,26,6,19,8,47,18,14,12,5,2,15,5,41,0,40,20,0,33,13,35,30,19,24,7,15,27,25,12,9,49,39,18,0,43,0,35,10,44,12,7,16,11,43,41,39,38,5,48,20,45,45,31,0,1,9,47,46,34,21,35,37,9,48,14,16,37,30,47,23,1,48,44,25,42,3,6,10,0,20,19,23,42,43,39,22,17,23,29,25,12,32,7,4,27,9,4,5,28,33,20,13,25,2,25,44,43,32,20,28,6,1,11,24,10,11,17,29,36,31,7,36,27,6,11,32,46,38,21,28,49,34,15,2,10,28,34,20,14,5,31,20,29,6,2,17,13,25,29,21,43,39,16,28,15,33,12,24,22,42,38,37,10,23,44,37,22,13,16,15,1,48,44,36,8,37,49,24,21,3,17,46]"
ta65,2081,"[1,1,0,1,1,1,1,0,1,1,0,0,0,1,0,1,0,0,1,1,0,1,0,0,1,1,0,0,0,1,1,1,0,1,0,1,0,0,0,0,0,1,1,1,1,1,0,1,0,0]","[0,10,13,24,20,21,4,10,8,0,8,45,14,8,26,35,20,41,2,21,34,35,47,21,45,5,43,8,18,26,0,42,10,37,4,34,2,15,45,33,38,7,35,31,44,10,13,46,30,45,27,13,18,9,23,31,3,25,45,15,30,7,46,23,45,11,45,47,39,12,19,25,36,20,3,4,48,10,35,13,32,15,39,42,47,41,5,3,47,12,13,4,9,38,48,42,36,27,35,49,41,10,7,9,0,40,32,14,42,9,13,24,34,31,12,38,16,37,27,5,44,26,37,16,33,46,4,17,6,35,37,24,27,21,33,13,42,8,34,18,38,49,7,6,26,38,8,32,23,34,45,26,28,22,5,41,45,22,49,16,48,44,7,43,7,36,32,27,48,10,46,45,13,1,31,16,28,6,30,10,11,39,13,9,8,26,17,32,47,44,28,14,40,18,12,24,0,47,42,25,33,44,38,33,19,17,31,30,11,28,1,21,18,41,14,12,3,5,45,23,41,24,6,13,3,36,8,23,46,47,40,4,15,14,33,5,18,30,0,23,29,11,5,0,11,2,37,42,3,28,36,32,37,35,26,15,28,7,37,38,46,10,2,49,10,13,7,15,34,21,41,48,33,44,33,8,49,8,14,25,31,39,45,24,9,35,2,9,47,21,37,41,48,28,22,5,26,43,10,16,1,9,29,1,42,20,44,29,43,12,27,1,49,0,44,42,2,17,43,47,26,29,44,1,34,47,23,19,30,18,12,37,26,2,14,15,43,30,19,30,9,3,47,24,10,20,14,6,34,40,49,30,34,4,35,19,22,31,11,16,45,39,39,21,43,19,24,2,37,9,7,14,9,22,46,19,42,20,25,16,41,6,48,41,27,48,20,36,0,22,40,14,26,35,3,23,41,14,26,12,17,42,36,2,3,2,39,5,29,25,17,15,29,9,10,19,35,25,18,39,36,38,1,47,12,11,42,12,0,46,28,6,46,4,26,17,48,46,39,22,28,12,43,44,45,31,38,1,11,39,32,3,19,24,38,4,12,33,25,44,48,43,16,40,22,17,30,18,11,40,8,4,28,12,19,4,40,35,29,44,5,28,25,30,18,28,16,15,30,10,42,8,30,21,18,42,33,2,13,34,16,44,19,24,49,19,15,38,11,6,20,35,7,47,6,27,27,24,4,18,10,2,34,34,48,3,48,29,43,7,18,11,8,47,47,45,19,34,31,10,46,10,18,32,37,39,5,26,8,14,14,24,39,13,18,30,29,12,25,26,36,14,13,15,48,17,33,46,2,24,29,0,23,46,33,31,16,21,33,1,42,32,38,5,33,31,11,28,1,48,43,33,25,35,44,30,29,3,32,12,6,8,40,38,46,43,22,8,32,24,42,17,5,6,1,34,14,27,29,8,49,5,40,41,15,40,36,36,30,32,31,40,32,25,34,24,17,25,20,25,31,31,28,41,38,8,20,17,6,20,9,26,10,26,28,37,2,49,11,32,41,40,11,44,0,12,24,4,19,41,31,12,22,46,23,19,6,29,5,44,49,2,31,49,9,22,0,49,6,37,43,19,6,38,41,49,1,39,44,29,40,15,39,18,40,42,37,17,17,22,29,11,7,0,40,0,41,22,20,9,41,35,34,32,23,23,1,34,15,22,2,3,4,20,2,47,36,18,14,14,6,26,19,2,0,35,42,20,25,1,16,24,29,17,27,35,13,25,36,36,46,34,2,43,6,28,9,37,21,49,49,36,30,5,16,0,28,20,21,16,15,23,9,28,37,21,35,5,36,40,6,30,11,25,17,25,14,27,40,1,16,22,24,7,46,10,27,23,43,23,22,41,15,8,48,49,1,3,18,45,33,13,26,5,40,37,49,29,10,15,7,20,48,13,4,9,46,4,44,38,1,12,20,0,11,22,43,19,2,43,27,27,15,16,16,29,7,21,32,4,19,28,36,1,27,45,46,34,21,22,26,6,21,39,37,31,4,30,13,24,49,6,29,37,11,47,32,23,45,20,47,23,4,48,36,38,33,30,27,17,28,33,25,17,36,12,3,42,39,40,17,35,12,11,46,22,15,7,48,23,27,1,21,7,47,32,3,39,21,27,42,20,5,47,34,21,1,7,39,36,32,0,33,45,35,16,3,44,7,14,48,21,8,45,37,15,4,27,22,23,43,13,20,33,16,9,44,0,38,25,14,38,16,43,38,18,39,13,24,31,39,3,48,29,7,17,49,41,3,43,32,9,18,23,11,5,3,19,31,31]"
ta66,2181,"[0,0,0,1,1,0,1,0,0,0,1,0,0,1,1,1,1,1,0,1,1,1,1,0,1,0,1,1,0,0,1,0,0,1,0,0,1,1,1,0,0,0,1,0,1,0,0,0,1,1]","[40,44,28,10,38,6,28,32,16,44,33,13,35,26,22,26,12,36,7,40,35,39,5,0,42,1,2,15,49,8,20,3,38,17,16,49,38,43,49,22,5,30,34,22,32,12,0,20,13,18,24,21,7,34,7,47,42,12,14,41,46,23,13,48,39,29,7,48,10,49,8,47,30,20,23,2,18,32,47,36,10,1,14,9,19,41,26,0,31,43,11,17,35,28,10,8,47,11,38,42,39,44,23,2,10,17,38,26,37,2,19,46,6,16,1,28,41,24,33,28,11,31,26,25,22,25,44,18,37,17,1,11,42,31,29,4,10,17,37,0,20,22,45,25,27,20,25,13,46,40,6,17,19,13,46,13,48,26,23,43,45,15,19,12,36,35,25,36,15,47,25,20,47,18,47,43,49,36,23,16,42,35,19,15,30,21,24,36,6,45,7,22,30,46,30,27,2,37,2,17,1,34,30,28,22,19,15,6,40,39,22,3,38,7,15,37,32,10,38,44,38,30,48,31,4,17,0,43,6,42,21,0,29,43,3,9,27,36,34,41,19,41,11,9,21,15,27,36,30,22,45,17,12,12,25,33,5,12,15,43,37,44,12,41,3,26,26,14,39,16,25,4,9,0,25,4,2,23,27,36,15,35,49,37,16,7,33,22,2,42,5,39,5,10,45,4,8,13,10,48,28,29,14,32,3,25,40,34,13,18,24,33,20,15,48,18,24,4,41,46,7,8,13,9,2,7,43,12,21,16,22,46,3,6,41,1,4,18,16,20,35,26,44,42,12,15,29,46,32,33,48,34,16,31,31,34,12,37,3,28,26,48,8,37,1,44,31,19,16,24,31,45,29,43,8,33,15,9,31,32,12,8,8,27,38,35,45,30,21,37,44,5,4,36,40,41,43,49,27,12,6,29,5,13,29,15,35,48,17,27,45,21,40,1,11,17,46,3,24,11,22,30,21,49,10,11,38,36,3,18,48,37,32,32,25,47,31,7,23,6,35,43,3,24,47,34,1,12,5,39,0,37,8,29,1,11,21,17,47,6,37,30,41,22,6,27,24,4,25,32,0,2,45,8,46,14,4,26,14,8,22,32,46,35,0,15,40,22,49,17,44,37,29,26,0,24,18,39,15,20,6,21,30,11,11,31,26,12,24,47,2,8,46,23,38,35,33,47,32,49,39,9,9,21,10,1,41,43,28,46,37,28,9,7,2,35,30,2,19,31,3,16,6,23,41,29,20,48,20,30,17,39,5,28,29,7,26,42,23,26,25,16,40,44,42,3,7,6,43,32,28,33,20,37,3,29,11,37,12,13,17,42,49,43,21,27,39,27,2,42,38,4,8,14,40,2,18,1,25,31,20,45,13,39,19,0,48,43,35,34,41,26,13,28,29,28,2,0,4,24,47,33,34,38,12,23,13,11,25,13,23,7,33,46,31,47,44,30,24,33,6,44,33,36,19,17,4,16,11,27,21,19,1,43,11,32,44,10,25,39,18,4,39,8,13,36,13,30,47,27,31,40,16,35,27,11,33,9,41,47,38,17,14,1,44,42,24,39,39,25,44,15,34,10,18,49,34,9,47,5,22,40,23,14,46,26,2,43,28,4,35,47,28,46,13,5,45,32,21,29,22,21,18,11,20,23,33,46,18,23,18,48,41,45,1,5,40,14,7,7,1,0,28,8,16,48,29,21,35,8,14,0,23,43,42,14,19,41,49,29,30,34,34,11,3,7,20,3,39,14,38,40,45,28,46,9,42,4,4,26,18,16,3,5,45,14,12,27,19,8,49,20,30,20,9,49,5,19,38,0,16,2,23,31,34,6,42,47,33,34,34,6,25,32,2,15,33,13,48,42,46,36,31,33,44,36,0,17,26,24,9,49,40,19,3,22,19,36,38,23,20,38,0,24,10,35,45,6,48,8,5,45,47,0,41,37,24,36,48,24,49,42,37,9,27,35,21,34,19,45,14,44,33,14,18,14,13,44,27,36,9,27,48,15,4,18,4,43,41,3,2,10,32,30,21,11,17,31,10,9,49,16,10,29,40,26,10,34,45,23,41,27,5,14,35,8,7,1,45,19,42,15,49,16,39,42,10,6,45,38,40,23,33,40,1,30,40,3,41,34,40,5,38,9,28,48,20,4,14,21,31,10,5,0,12,19,20,3,22,17,49,29,18,36,44,5,24,31,32,5,25,18,22,27,32,25,21,15,1,11,46,48,32,28,24,7,16,37,14,6,39,43,7,12,9,1,39,9,29,36]"
ta67,2196,"[0,1,1,1,1,0,1,0,0,0,0,1,1,0,0,1,0,1,0,0,1,0,1,0,1,0,1,0,1,0,0,0,0,1,1,1,1,1,1,1,1,0,1,1,0,0,1,1,1,0]","[31,13,39,26,15,0,28,1,45,44,46,48,4,7,5,44,30,16,45,48,15,27,10,11,16,43,25,6,22,24,36,49,31,23,46,3,29,49,36,1,26,24,35,39,44,16,44,48,33,34,17,30,25,1,33,32,35,45,39,7,43,35,38,36,49,38,23,35,1,16,22,42,28,24,2,34,15,29,35,33,37,9,16,2,41,38,33,29,25,19,31,34,18,36,27,41,1,2,39,1,2,25,38,33,45,18,40,32,22,37,4,18,37,21,27,9,36,25,11,16,28,25,36,4,18,11,2,33,43,40,23,5,47,38,1,47,31,45,9,18,20,19,29,9,40,40,11,12,14,0,27,34,42,17,5,27,17,27,17,6,31,38,46,38,43,40,14,5,32,36,25,27,8,31,35,4,34,10,31,0,48,0,41,16,27,5,42,22,21,6,25,12,24,26,46,45,26,47,9,34,8,30,9,24,2,32,34,11,16,49,20,4,1,3,12,31,40,23,41,13,32,4,26,25,49,42,10,39,16,16,48,32,14,6,44,18,49,2,41,46,10,19,24,38,19,18,14,48,35,10,4,22,8,26,19,19,40,46,30,12,33,46,15,3,25,8,11,22,33,44,30,4,20,47,43,39,23,6,11,39,30,19,43,47,31,30,7,17,11,23,29,34,26,11,42,13,48,23,48,12,9,2,12,13,38,3,47,37,3,37,46,17,30,35,37,36,5,10,1,9,1,26,45,36,29,0,13,24,17,18,38,33,28,21,6,47,40,35,32,42,35,19,28,20,21,14,15,38,29,23,6,0,20,21,4,26,40,17,8,45,33,20,26,48,12,45,5,33,15,40,6,29,23,19,39,44,28,43,48,41,27,13,23,25,25,47,3,42,22,23,21,27,43,46,18,45,37,14,29,31,35,20,22,8,45,16,30,21,42,3,49,14,6,30,27,9,20,39,9,40,8,48,30,21,27,12,38,11,3,15,8,16,1,2,42,48,10,1,20,35,3,7,29,35,39,14,24,11,31,24,44,19,5,36,3,44,31,2,10,47,49,1,10,24,29,6,28,10,12,48,21,47,41,19,44,34,0,11,11,45,11,43,12,7,26,47,1,31,19,41,15,13,28,32,37,41,26,43,48,34,20,21,29,6,44,41,39,48,20,25,40,49,7,4,15,36,28,12,34,46,22,32,25,17,3,14,18,10,48,19,46,32,0,33,28,12,4,7,49,22,29,9,15,8,44,26,16,17,5,17,32,20,42,7,22,42,6,0,14,42,11,30,42,37,44,22,7,18,47,2,39,15,38,5,25,38,21,47,29,0,15,17,26,48,32,19,16,6,11,32,38,26,13,33,8,36,13,21,47,6,34,1,7,27,33,40,38,46,33,35,6,29,8,18,31,23,36,8,40,28,2,22,1,32,49,0,43,25,37,23,14,45,7,24,49,37,23,24,49,15,4,37,20,5,2,28,12,7,0,39,5,47,30,31,49,30,25,39,24,37,0,39,19,41,28,9,42,11,14,33,3,34,27,3,5,5,36,0,7,3,13,10,4,28,22,43,41,49,8,1,14,2,17,31,8,23,45,2,10,34,35,31,46,4,49,29,37,5,46,36,39,11,21,36,29,3,44,15,38,20,16,0,36,45,7,42,24,18,37,4,13,36,23,35,10,13,44,4,0,0,20,22,8,13,43,26,44,15,14,7,31,46,10,43,16,26,8,38,8,4,48,47,19,8,21,16,47,42,2,29,34,9,46,38,34,20,12,5,33,37,45,40,46,16,5,15,24,12,15,2,10,32,6,43,3,28,39,17,38,16,34,13,26,41,17,7,42,25,37,35,45,10,1,4,8,7,12,32,25,32,18,27,36,41,6,21,14,0,20,12,2,11,48,44,7,24,5,19,44,32,4,18,42,43,7,37,30,3,6,45,10,13,27,3,22,33,44,12,19,31,12,19,26,35,2,0,41,34,18,18,11,45,23,41,30,27,27,21,33,9,12,20,21,5,49,15,18,13,17,14,40,32,23,21,28,1,22,35,49,23,46,14,28,47,29,10,30,25,7,22,23,18,34,43,9,40,28,24,33,40,0,19,40,17,5,46,48,13,34,18,9,29,44,39,13,6,43,24,30,31,16,35,15,4,41,37,17,37,10,14,9,27,49,20,14,17,39,15,3,42,17,6,21,43,40,9,14,30,46,47,45,39,43,9,28,24,8,41,1,3,22,49,32,24,26,13,27,21,41,36,30,47,2,42,13,41,22,28,20,9]"
ta68,2180,"[1,0,1,1,0,1,1,1,0,1,0,1,1,1,0,1,0,1,0,0,1,0,0,0,0,0,1,1,1,0,0,0,1,1,0,0,1,1,0,1,1,0,0,0,1,1,1,1,0,0]","[26,9,27,40,10,44,16,35,20,41,7,29,20,20,44,21,6,24,40,35,18,31,24,19,26,45,22,10,37,8,0,30,30,39,27,37,7,5,34,23,8,29,15,37,21,10,11,30,26,0,48,18,10,19,43,43,39,32,46,42,44,46,15,38,20,42,42,4,18,29,2,25,45,3,19,47,24,41,19,46,8,23,44,33,2,39,49,13,20,31,17,28,16,18,45,36,36,27,26,32,20,37,40,47,28,20,47,9,18,42,37,40,37,46,46,5,2,41,48,41,38,18,10,17,11,7,27,5,46,1,40,40,36,32,29,15,29,15,43,28,14,14,45,7,33,47,47,16,26,35,46,24,37,10,12,31,44,23,46,35,36,12,25,1,40,29,8,22,10,28,12,16,13,33,9,30,9,16,9,7,26,19,25,49,44,22,37,17,19,43,26,29,19,0,38,37,15,49,34,30,30,46,35,22,16,47,9,12,40,30,29,38,22,24,13,20,31,18,6,4,42,25,5,5,23,29,23,18,9,48,3,19,32,17,48,25,25,25,6,22,0,6,35,35,39,0,16,22,15,5,10,34,10,16,10,41,44,46,8,30,17,16,13,5,40,18,22,17,8,26,29,40,6,12,13,39,9,46,1,1,3,3,13,17,43,35,2,4,9,4,13,45,32,31,18,46,42,29,25,21,26,44,36,36,33,3,37,28,45,28,46,22,47,28,47,18,46,43,7,43,14,42,34,3,11,35,0,20,20,38,24,43,6,24,32,35,45,46,26,11,0,5,8,20,32,2,11,27,28,44,28,9,10,37,5,40,6,21,21,5,41,19,16,46,38,48,26,28,38,47,7,48,2,28,25,38,37,33,34,26,0,26,4,11,22,12,39,7,7,18,17,7,17,28,6,3,13,33,0,42,21,37,9,18,42,18,46,40,13,14,0,14,13,1,27,45,2,2,34,45,0,6,1,12,1,24,24,41,43,11,16,47,23,33,36,45,31,40,24,6,47,26,27,7,12,48,33,36,25,23,27,19,30,27,3,48,12,41,31,14,43,32,35,32,16,20,30,19,39,41,14,39,39,10,44,27,3,45,6,21,24,29,4,33,15,39,28,41,5,32,36,15,11,0,32,35,17,26,27,14,23,35,49,43,15,3,43,23,36,31,42,35,41,2,4,28,22,49,38,45,49,17,13,34,32,20,26,0,37,43,17,7,1,42,0,13,24,19,22,30,14,34,17,44,4,0,3,16,9,6,33,44,33,15,5,11,10,26,41,4,47,49,31,1,37,6,43,0,11,4,10,7,39,16,13,49,37,1,28,48,4,18,32,48,8,11,41,32,14,48,34,43,4,38,7,49,30,38,42,2,19,15,31,9,21,41,44,43,3,3,29,4,25,33,38,31,43,21,4,42,13,24,31,10,2,2,39,17,42,22,34,36,19,12,7,25,27,31,37,15,25,21,36,39,45,12,14,12,33,14,32,27,23,0,24,17,29,47,39,4,1,39,41,34,31,17,22,42,1,30,39,8,32,34,5,7,5,48,10,1,13,47,38,6,23,8,42,21,36,35,14,6,45,48,15,1,25,9,5,5,42,2,25,49,12,45,36,8,44,15,15,20,31,48,16,23,21,27,0,0,41,43,44,22,14,48,44,31,17,48,42,7,27,11,19,19,40,49,12,8,38,23,6,6,29,2,14,22,35,31,41,30,31,25,49,17,1,2,33,14,18,31,8,26,36,22,11,45,6,6,41,20,13,5,42,41,44,24,49,40,38,9,2,23,5,46,15,44,4,16,23,9,36,34,49,21,23,14,23,32,20,8,47,29,34,25,11,23,38,9,20,24,4,28,45,12,3,44,11,33,19,8,35,1,21,3,41,49,29,8,13,47,11,30,10,21,40,25,12,3,23,13,48,12,49,48,3,12,32,22,1,25,19,48,33,14,49,10,15,40,19,16,8,7,32,30,8,9,12,22,11,28,29,29,13,15,36,24,21,42,4,33,16,35,16,46,3,47,34,14,1,18,8,10,6,30,35,27,40,33,4,45,27,11,37,14,47,13,49,15,12,40,5,18,45,19,15,30,11,37,10,18,30,49,38,3,27,31,24,25,17,2,39,47,27,34,2,23,17,0,45,35,7,2,38,1,21,28,21,8,20,22,9,24,5,21,39,9,34,33,2,29,28,48,16,44,18,1,43,4,32,26,34,34,39,36,28,7,26,47,33,43,37,39,38,36,27,36,40,46,49,20,34,30,11,21,20,3,24,38]"
ta69,2188,"[0,1,1,0,1,1,1,0,1,1,0,1,0,0,1,0,1,1,0,0,0,1,0,0,1,0,1,0,1,0,1,0,0,1,1,1,1,1,1,1,0,0,1,1,1,1,0,0,0,0]","[20,29,7,20,35,10,10,40,31,35,18,44,7,2,16,44,37,12,7,46,46,2,30,30,33,28,20,32,45,49,45,38,36,38,11,4,0,41,0,33,37,22,30,23,4,44,22,23,28,37,43,45,12,1,33,31,23,39,4,22,9,3,26,29,29,5,19,3,39,48,37,19,15,2,10,38,32,6,23,29,7,16,17,18,39,17,12,6,15,46,8,39,8,35,1,22,9,15,38,46,13,17,44,33,13,26,18,45,7,10,10,12,11,20,32,47,8,19,27,44,1,10,11,45,12,33,45,43,10,9,1,32,41,9,20,49,47,3,24,47,8,19,19,5,31,43,14,43,11,18,46,29,48,21,25,22,17,8,46,46,15,21,40,15,5,13,29,9,1,36,19,17,36,29,40,0,40,25,10,38,2,38,26,16,39,37,48,5,39,4,37,37,39,40,35,30,42,30,34,5,6,21,18,24,16,46,23,12,0,42,1,9,47,1,8,1,42,31,26,28,45,45,29,35,31,12,15,19,38,7,14,12,34,34,8,2,12,25,0,31,33,31,7,10,11,36,44,18,24,12,33,32,13,34,47,22,47,30,22,43,5,44,21,28,10,20,4,25,5,15,22,22,16,47,43,11,21,26,44,45,18,13,23,36,12,45,37,3,11,26,35,47,3,0,18,29,33,39,9,49,32,32,17,27,32,42,13,27,20,36,40,41,29,44,16,1,47,17,38,45,13,33,0,29,15,24,45,14,22,27,37,9,38,22,6,23,20,46,11,32,26,26,33,6,26,28,48,18,19,20,5,49,33,1,32,27,36,12,14,46,35,5,37,20,24,43,30,6,35,34,44,35,35,14,17,25,38,5,32,13,16,7,20,48,16,31,49,34,13,36,30,4,12,40,40,16,41,27,14,14,13,9,21,46,4,11,11,14,12,7,4,23,26,26,21,28,11,43,24,34,0,36,18,9,19,8,31,16,15,2,18,6,36,2,15,25,4,40,49,41,2,17,3,26,33,33,30,48,10,9,31,24,35,24,19,49,30,46,42,27,38,3,46,8,43,42,26,15,16,8,8,14,0,7,18,17,10,6,17,1,28,21,10,45,27,34,11,14,25,6,46,7,43,24,6,33,9,48,37,35,4,40,34,25,23,21,47,26,31,28,3,39,10,44,28,41,2,32,47,37,19,17,28,20,20,33,44,41,45,11,6,47,24,18,5,15,5,21,34,5,35,36,39,6,11,32,38,43,45,48,13,20,20,3,16,23,13,37,41,4,31,8,9,3,24,47,27,21,47,2,33,47,14,34,2,36,14,33,30,8,2,42,4,18,40,3,18,27,15,16,36,44,41,39,20,43,38,24,32,0,21,7,7,14,46,30,23,38,26,37,28,21,1,8,27,17,37,1,0,34,0,5,16,45,34,24,0,9,4,41,5,46,43,8,24,4,23,25,19,15,7,17,46,7,16,46,25,29,38,29,33,47,12,35,39,35,22,28,38,37,41,23,41,36,13,23,11,31,20,0,4,25,2,12,47,14,13,8,28,36,12,48,1,18,42,14,10,48,25,44,34,48,7,40,42,48,11,5,49,29,39,45,18,24,23,11,19,27,30,36,24,4,14,30,27,12,30,44,42,36,48,18,19,24,33,18,48,19,14,13,20,2,1,39,44,10,37,42,46,11,31,29,39,44,14,22,28,29,17,1,3,17,25,48,8,13,38,43,41,23,39,21,28,22,27,8,43,3,27,15,34,49,41,9,42,7,2,32,9,30,35,1,41,40,0,23,0,5,34,3,31,15,19,3,24,23,25,16,2,31,21,37,9,19,3,35,17,27,27,25,4,25,3,28,19,2,49,33,48,49,3,4,6,10,49,35,40,42,42,44,29,16,22,14,26,18,1,32,31,48,2,39,43,47,5,47,15,49,6,28,15,27,41,45,31,9,19,22,45,42,28,34,40,23,48,21,44,49,7,6,6,38,42,28,6,17,21,39,0,43,41,30,49,43,49,4,36,25,9,1,42,26,43,25,39,31,37,49,5,29,2,16,12,7,21,12,8,5,24,35,10,40,36,21,21,31,37,29,35,16,26,38,34,19,0,13,1,32,0,26,30,22,34,20,15,6,49,0,20,13,40,3,42,13,6,47,3,41,15,17,41,10,32,42,22,40,22,2,36,6,25,48,23,16,29,34,17,46,30,11,44,28,30,41,10,24,38,42,49,25,14,7,39,32,40,45,48,32,8,40,27,26,13,49,27,11,4,43,22,9]"
ta70,2292,"[0,1,1,0,1,1,0,1,0,0,0,1,1,1,0,1,1,0,0,1,0,0,1,0,1,1,1,1,1,0,1,1,1,0,0,0,1,1,1,0,1,0,0,0,0,0,0,1,0,0]","[40,31,6,4,44,36,0,45,8,32,43,28,46,1,6,27,12,13,2,9,12,43,13,19,1,3,43,11,28,24,33,3,20,16,29,10,37,25,0,13,31,21,0,44,7,26,21,17,9,0,16,47,40,12,24,12,14,35,7,16,39,47,8,39,26,15,38,43,11,5,24,49,42,6,38,21,25,2,47,18,46,49,47,3,40,13,18,47,4,11,23,23,31,29,14,25,19,19,44,32,30,1,5,35,23,26,0,11,33,1,20,14,24,18,16,6,28,42,33,38,27,11,45,24,39,35,3,41,6,29,11,10,24,33,8,14,22,19,8,15,37,30,6,14,37,28,34,31,20,32,25,48,18,43,25,28,44,4,21,8,24,7,38,37,4,32,28,18,32,21,4,40,41,23,38,5,39,39,30,12,19,26,0,43,11,32,13,8,30,36,3,29,34,1,26,3,19,41,12,16,0,39,47,46,0,43,41,42,25,28,21,6,47,42,8,10,6,31,49,36,19,12,5,35,0,26,49,2,29,30,18,6,34,23,12,43,43,43,28,5,44,31,49,47,28,23,5,15,15,15,49,17,29,41,36,21,17,39,28,21,10,16,2,35,37,33,34,3,11,10,16,37,49,1,16,13,33,2,46,4,33,17,32,40,22,38,46,30,34,32,14,27,34,15,8,7,41,35,30,38,34,40,21,43,45,14,3,12,3,35,11,14,26,29,31,4,26,45,45,40,41,15,5,12,20,26,7,31,18,7,23,39,33,1,9,17,1,48,27,23,46,20,22,21,44,9,20,25,8,15,41,10,45,11,27,24,26,25,28,38,30,20,33,15,19,22,19,46,39,2,34,30,48,5,25,37,11,24,47,44,37,13,5,20,7,48,17,7,18,27,29,2,4,1,16,40,12,35,47,23,21,34,42,25,23,16,7,43,7,20,19,43,32,48,31,21,11,48,46,13,18,31,29,21,3,18,1,40,4,14,16,0,24,39,16,48,34,48,44,44,38,9,33,47,24,13,37,30,46,46,29,38,17,48,43,22,22,14,31,16,42,0,2,9,18,9,5,23,17,8,45,9,34,18,25,44,21,30,17,25,1,46,24,40,31,2,1,35,30,44,45,38,6,12,2,17,10,32,27,9,29,26,31,22,42,42,0,45,32,48,13,46,47,22,34,26,35,15,36,21,33,44,30,30,3,18,48,22,6,17,42,25,2,36,46,49,15,8,34,47,20,21,22,49,3,49,37,3,1,4,38,11,29,15,45,46,10,15,3,15,9,42,6,35,24,40,36,10,4,7,28,45,15,47,22,18,23,27,17,13,22,20,31,40,4,49,42,36,2,45,47,49,10,39,45,13,38,31,1,14,19,20,24,40,4,20,29,38,14,22,25,17,49,12,6,23,32,36,34,44,20,20,10,30,41,21,35,6,49,17,0,49,36,43,20,33,13,27,40,45,6,41,39,40,7,26,3,2,11,14,5,23,8,47,9,0,29,27,13,48,13,45,25,2,38,28,12,36,16,16,2,19,46,8,5,17,32,34,36,47,8,24,39,13,29,4,6,7,27,26,47,38,48,23,48,5,7,1,42,9,46,35,10,49,48,13,19,43,33,17,29,40,9,44,10,19,28,13,18,3,10,37,33,1,21,10,35,42,14,24,28,17,41,9,19,2,1,24,23,4,15,24,12,6,39,11,31,22,33,10,18,6,15,16,46,26,42,19,33,3,12,39,27,36,2,42,41,35,22,23,46,20,20,44,32,31,10,27,40,32,8,5,35,30,12,34,10,48,49,14,19,9,9,48,33,1,3,0,34,4,25,39,11,16,39,28,43,34,38,36,7,20,14,6,33,36,36,4,25,7,41,41,35,29,41,36,48,31,7,37,27,40,26,3,25,13,27,5,48,2,26,25,8,19,4,3,29,49,38,14,24,14,21,17,30,41,5,37,43,18,27,23,20,38,11,39,27,15,1,25,9,22,34,12,41,49,0,42,36,2,39,44,18,11,37,16,31,15,35,34,7,9,44,6,35,0,41,5,28,45,19,12,36,29,18,27,7,30,16,5,44,17,32,0,23,13,35,17,44,8,42,43,28,14,37,22,23,41,21,10,24,47,45,9,16,22,36,32,8,30,45,33,15,26,37,45,5,8,42,46,28,5,9,37,43,47,11,26,37,44,39,41,38,31,29,26,37,32,2,42,10,22,45,27,18,30,32,32,1,7,4,19,0,49,40,46,27,28,48,0,33,37,14,11,22,4,12,40,8,42]"
ta71,3554,"[1,1,1,1,1,0,1,0,1,1,1,1,0,0,0,1,1,0,1,0,1,1,1,0,1,0,0,1,1,1,0,0,0,0,0,0,0,0,0,1,0,0,1,1,1,1,0,0,1,1,0,0,1,0,0,1,1,1,0,0,0,1,0,0,1,0,1,1,1,0,0,0,0,0,1,1,0,1,1,0,0,1,0,0,1,1,1,0,1,1,1,0,0,0,0,1,0,1,1,1]","[47,45,7,41,68,90,44,15,94,76,95,30,63,56,87,64,8,99,84,80,72,22,44,53,7,62,52,4,70,89,92,92,62,56,81,76,36,38,22,60,63,31,41,3,91,35,21,78,32,15,11,46,75,77,68,0,33,76,95,35,63,90,71,33,26,29,4,90,46,4,99,7,45,94,16,24,41,89,15,93,37,36,68,84,65,72,82,91,78,10,10,17,63,78,74,8,56,51,37,66,12,48,11,12,14,30,52,30,35,88,31,75,13,18,8,75,53,39,4,18,5,18,48,60,34,40,67,21,25,62,37,41,28,77,85,35,57,21,49,97,5,51,66,23,83,59,48,26,81,59,91,29,59,32,9,83,21,75,82,65,48,56,83,84,44,55,27,70,81,61,14,52,94,11,38,45,52,33,92,74,48,21,92,35,1,50,86,83,58,0,6,88,96,36,70,96,82,34,44,43,46,1,76,83,82,35,97,43,78,93,84,23,31,73,44,4,75,44,20,83,66,46,92,94,7,73,94,54,61,75,44,72,45,32,36,58,26,16,83,53,79,96,33,63,24,42,27,83,30,87,10,86,53,61,62,71,29,17,48,63,1,56,41,41,26,48,16,69,70,84,93,17,1,73,95,83,71,24,64,65,93,24,46,64,64,4,57,45,4,57,36,69,89,34,61,76,90,19,13,42,56,41,86,25,92,85,55,88,37,60,70,32,94,94,60,46,77,85,17,10,26,79,54,55,47,3,1,32,56,70,79,22,54,45,54,91,57,70,26,10,4,73,87,4,1,67,57,62,84,49,93,96,34,54,34,70,91,54,74,52,48,92,25,10,39,31,55,8,54,62,13,54,68,76,76,2,65,61,16,38,24,81,9,65,89,16,7,23,90,73,42,47,91,49,21,52,36,84,0,69,16,4,28,38,9,52,1,73,64,28,83,9,74,50,43,79,60,3,95,59,33,77,22,74,27,57,3,98,0,83,28,1,2,30,98,10,20,15,17,39,59,37,36,70,36,61,60,89,19,68,93,7,28,99,4,75,12,87,98,71,85,54,3,82,55,56,18,26,25,51,68,73,40,35,5,65,15,99,24,83,33,9,38,71,40,47,46,51,60,70,17,75,98,25,6,23,97,65,81,9,27,26,11,69,44,67,8,38,18,89,24,44,78,7,64,15,22,89,74,3,32,88,14,85,45,44,92,63,34,98,57,97,61,1,96,42,71,62,43,31,1,78,76,69,11,24,74,9,18,0,90,14,40,69,22,22,33,58,89,84,99,38,73,33,12,29,51,88,53,17,55,0,55,36,32,25,51,29,25,26,96,86,15,67,21,70,67,31,76,52,69,98,58,11,72,8,31,59,86,5,73,7,85,30,32,89,37,59,31,0,83,8,39,90,93,42,6,22,72,4,37,26,58,6,81,11,11,17,8,43,79,41,1,19,74,28,57,83,71,58,6,37,27,1,22,47,23,43,62,72,59,90,7,37,76,55,5,93,75,13,44,90,16,89,19,82,57,50,82,4,49,59,93,40,4,31,32,8,45,6,90,60,16,14,29,24,25,68,14,26,92,80,38,19,17,70,80,48,76,61,64,88,68,87,44,45,94,5,86,89,61,1,20,34,43,54,20,28,91,94,21,84,88,94,58,5,77,5,79,72,62,65,71,44,41,80,87,69,7,12,13,13,40,19,56,38,20,68,80,95,86,19,84,14,44,67,24,99,63,30,77,82,24,2,74,5,99,15,18,65,70,9,79,40,93,0,48,75,77,87,15,66,52,21,6,0,49,63,35,13,98,40,42,18,32,36,26,99,3,20,39,92,78,11,22,34,33,38,57,63,96,2,11,41,88,40,65,18,23,55,30,15,21,60,63,29,45,39,47,78,5,50,25,96,49,25,78,86,84,2,58,87,70,96,55,31,30,24,82,97,92,58,32,97,9,59,52,22,50,13,97,47,74,54,27,63,20,28,1,25,46,78,67,41,3,45,74,1,5,57,6,98,76,86,49,92,71,11,31,83,77,89,64,51,71,45,48,96,17,61,40,91,95,86,46,10,77,64,95,95,12,38,80,91,84,71,33,68,0,3,94,27,47,46,3,72,54,19,60,93,50,15,86,10,34,86,32,36,22,92,41,53,16,56,79,77,59,21,68,9,81,71,51,12,61,46,34,65,59,8,28,2,13,49,80,52,51,14,53,62,93,19,20,5,26,9,53,8,85,73,71,30,91,32,8,50,72,4,56,13,78,96,87,33,15,13,19,55,85,62,76,40,31,91,60,76,30,54,16,10,22,4,55,67,66,29,17,53,75,0,59,91,0,95,52,39,64,10,73,29,91,57,29,19,86,97,60,39,67,79,94,85,78,59,12,9,94,37,27,15,51,74,22,64,39,20,87,93,51,17,58,82,12,5,73,40,29,28,40,32,77,39,74,61,22,29,11,99,61,25,57,77,53,74,40,9,51,11,13,99,27,45,91,27,44,81,90,39,89,78,24,47,69,67,61,2,76,1,30,48,7,12,35,72,23,98,9,22,42,65,4,64,27,27,89,26,43,84,73,96,98,73,41,11,38,46,75,8,6,72,62,35,14,27,23,43,3,42,20,78,45,79,95,28,94,26,24,6,61,39,90,78,30,28,69,34,98,71,93,16,63,46,5,43,64,40,82,95,30,66,52,88,69,66,18,48,55,69,25,61,62,15,38,42,97,82,34,9,80,80,80,63,95,2,99,80,91,7,84,0,79,67,10,21,98,21,4,45,21,71,66,84,82,30,2,60,85,46,85,9,60,70,17,82,71,84,2,30,13,13,12,7,74,77,3,31,3,85,18,88,61,19,50,88,14,2,67,72,81,23,63,51,15,96,6,29,35,66,25,67,35,50,19,44,58,89,74,67,33,0,16,19,2,38,54,48,7,23,67,99,13,83,0,14,95,39,43,50,96,92,5,75,1,99,37,49,39,49,70,76,95,30,17,90,28,22,67,15,16,49,23,35,93,28,34,74,50,69,24,64,58,97,97,95,94,78,6,49,96,27,2,5,75,42,95,24,64,72,50,57,20,41,62,66,45,86,88,68,8,12,16,64,13,38,21,54,6,14,66,21,31,53,83,86,80,46,88,0,37,16,43,92,72,90,90,9,46,93,41,29,85,4,82,29,35,97,91,47,61,84,50,81,54,52,98,20,90,68,42,75,6,41,88,27,69,87,78,99,53,65,30,77,64,41,59,89,46,96,60,26,43,67,55,42,18,99,87,23,61,85,22,88,90,46,41,71,51,69,77,20,50,43,86,52,34,57,75,61,26,33,46,20,21,81,24,16,18,89,50,95,3,8,31,56,18,59,33,49,76,51,11,45,28,37,3,5,57,44,36,43,1,12,83,82,63,2,58,27,12,79,44,12,59,10,88,82,91,13,98,39,6,62,73,66,48,52,2,97,14,97,43,86,96,20,81,70,74,63,96,87,82,56,69,33,49,65,42,66,93,53,79,5,36,95,98,69,85,26,98,42,49,37,43,75,75,36,17,31,3,76,78,55,65,25,52,20,99,53,18,6,47,38,21,89,66,60,40,11,36,62,66,67,94,14,66,36,11,34,56,29,47,36,72,51,6,81,31,72,42,56,0,98,85,67,10,45,35,28,62,0,47,85,7,6,50,29,20,3,27,47,78,37,24,87,81,19,55,58,7,37,32,23,14,17,19,27,73,81,49,57,87,58,23,21,69,68,15,97,33,12,36,53,52,40,19,26,98,42,99,41,49,60,73,72,90,85,6,52,40,17,10,45,68,25,54,17,88,11,88,42,16,63,91,27,84,37,23,99,99,80,51,8,37,67,43,96,1,11,88,26,32,32,0,74,8,50,46,96,50,44,47,84,7,97,79,81,25,99,92,53,59,14,80,37,6,58,86,1,56,11,33,40,38,66,62,41,79,9,39,37,36,68,38,80,79,43,48,62,17,3,49,55,34,30,36,39,58,85,20,90,27,29,34,53,87,47,16,15,13,87,38,2,14,47,20,47,71,72,5,69,56,85,15,24,22,28,25,65,12,77,97,58,2,40,93,94,53,32,70,87,80,10,31,48,97,56,91,64,18,79,14,81,7,2,57,19,38,79,98,66,58,8,18,62,39,80,64,48,51,97,52,98,2,39,29,43,57,54,60,47,18,4,76,58,94,93,95,35,10,74,48,18,86,23,68,55,78,13,95,31,89,21,8,56,72,81,35,81,31,49,70,70,34,55,50,8,28,16,33,23,53,73,83,35,3,5,82,12,3,10,54,65,32,87,51,92,97,34,14,7,48,92,59,12,35,23,68,82,73,57,19,42,55,49,80,92,77,14,81,92,90,50,84,28,60,69,29,94,22,24,35,80,91,25,17,28,77,59,80,77,64,39,42,53,18,12,88,65,75,75,68,76,54,20,19,66,9,9,44,42,71,10,30,65,32,15,94,66,13,16,72,56,87,45,34,23,33,89,73,60,23,33,83,63,25,2,63,10,77,71,47,65,79,93,0,68,7,86,79,51]"
ta72,3352,"[0,1,1,0,0,0,1,0,0,1,0,0,0,1,1,0,1,1,1,1,1,0,0,0,0,1,0,1,0,1,0,1,1,0,1,0,0,1,1,1,0,1,1,1,0,0,1,0,0,1,0,1,0,1,1,0,0,1,0,0,0,0,1,0,1,0,0,1,1,0,0,0,0,1,0,1,1,0,1,0,0,1,0,0,1,0,1,0,1,1,1,1,0,1,1,0,1,0,1,0]","[39,82,93,74,4,73,47,0,18,14,89,54,93,45,2,84,92,78,26,49,72,52,31,64,75,94,6,7,22,1,9,75,11,28,26,97,21,95,65,53,29,57,76,92,40,70,47,28,3,26,48,21,10,40,33,60,21,67,28,6,6,91,33,35,92,44,39,20,81,88,77,26,35,1,12,12,94,69,93,39,19,14,34,53,40,14,56,85,39,29,4,20,95,67,30,86,88,27,70,56,55,54,60,57,12,45,25,93,11,73,61,10,26,86,82,50,30,8,97,4,87,10,14,86,60,89,42,45,83,99,92,51,73,45,36,48,83,40,24,97,59,87,95,80,77,16,59,72,59,22,37,41,99,73,4,25,52,50,64,1,57,83,24,9,1,10,59,97,8,8,88,79,58,34,7,50,95,33,54,55,38,17,97,19,60,52,58,46,52,27,82,58,50,68,98,76,12,57,16,62,90,22,79,53,96,61,47,95,43,7,75,72,95,66,28,43,83,88,83,67,59,73,93,95,87,36,10,7,96,59,5,14,28,84,43,24,41,76,18,58,29,58,87,64,39,96,87,31,75,79,28,96,51,95,0,23,60,21,42,93,28,75,98,27,77,98,81,9,85,91,89,86,52,28,62,93,92,66,24,33,3,37,63,51,59,7,78,62,27,11,74,23,89,39,70,73,9,27,12,42,50,18,13,83,42,58,63,30,10,80,79,6,57,29,8,86,69,64,90,76,93,35,15,95,38,86,33,6,60,5,82,82,94,49,63,68,68,71,74,86,51,96,10,65,24,38,50,92,4,73,57,83,51,73,61,82,15,3,84,82,60,96,50,74,3,24,72,66,15,25,11,91,93,64,48,42,31,19,34,78,29,89,43,35,29,1,15,36,41,11,20,43,45,94,97,90,89,47,46,37,4,74,81,68,81,52,62,48,88,19,92,54,36,54,5,80,17,70,15,8,19,88,0,59,1,22,90,19,58,53,93,53,9,35,22,36,95,49,46,42,2,71,26,40,29,61,56,87,23,41,90,30,26,53,27,92,93,33,97,67,90,60,2,9,63,53,61,43,88,63,67,41,70,51,56,64,22,0,3,44,75,49,40,11,13,5,5,2,65,67,55,48,69,50,44,1,59,14,77,39,26,39,74,24,43,35,28,24,70,16,76,76,8,82,32,36,22,47,34,99,45,3,49,50,37,47,17,96,11,98,63,88,13,61,95,97,41,0,3,63,12,94,72,91,44,23,83,47,9,67,69,6,22,5,70,14,99,91,26,39,2,16,60,63,21,78,51,17,17,76,71,91,66,5,95,40,10,98,18,98,65,38,94,99,50,81,81,52,50,98,2,99,59,74,19,37,15,65,41,98,42,7,71,30,84,81,63,19,8,89,88,22,7,55,44,81,86,22,51,22,72,6,82,22,34,17,24,76,55,80,69,78,98,32,35,79,46,72,42,84,42,95,44,5,30,11,2,12,59,54,3,60,30,94,38,47,99,89,77,67,69,29,87,17,94,24,98,2,18,75,40,48,65,56,33,40,50,30,91,53,57,7,59,89,62,88,13,29,34,87,38,77,79,66,35,44,46,26,39,31,60,50,53,73,74,50,94,93,30,82,77,49,85,24,37,86,41,28,98,47,28,35,80,40,84,56,48,80,42,33,61,97,30,24,14,94,80,3,25,61,6,55,80,15,39,67,46,52,69,4,11,8,25,28,17,7,68,27,70,80,22,19,72,62,75,17,98,33,18,79,41,52,98,40,1,71,48,43,57,37,76,4,44,0,53,55,70,5,2,73,78,54,8,55,49,1,94,38,20,86,20,46,9,96,43,23,71,26,25,90,31,97,7,96,85,57,16,20,92,46,74,81,63,55,55,7,55,12,43,18,93,91,36,44,9,78,26,56,10,2,37,86,15,24,46,58,8,9,95,84,68,16,25,51,55,87,0,23,61,4,71,85,94,11,41,69,0,26,62,52,62,52,36,69,26,6,82,52,48,3,20,15,19,97,97,42,96,37,26,89,19,28,91,15,37,99,98,53,83,64,27,87,23,65,51,95,83,16,12,23,23,21,76,88,41,33,30,86,18,44,13,27,20,6,71,21,11,4,67,87,70,35,34,56,77,20,90,50,5,80,99,49,25,86,92,82,6,48,13,73,18,45,25,36,11,18,65,97,99,32,25,5,38,92,31,35,85,23,68,47,82,20,84,22,40,0,42,14,85,39,9,56,34,9,49,81,20,62,65,57,0,96,20,16,1,66,30,97,81,7,32,96,73,9,43,46,95,16,53,21,48,43,0,38,67,54,66,71,75,64,67,87,25,83,75,22,34,83,13,64,2,65,71,17,88,31,66,68,19,97,29,66,77,84,84,10,93,22,10,87,35,80,32,71,5,37,85,49,0,47,20,54,89,90,84,25,11,47,49,34,14,79,46,18,72,85,83,92,74,27,70,4,25,66,33,20,10,58,96,76,53,67,21,13,33,47,72,37,13,23,34,9,55,71,8,68,26,43,17,49,45,84,83,27,70,96,61,16,63,68,19,11,79,93,47,56,8,69,80,69,48,41,86,72,79,76,99,86,81,14,77,83,77,17,38,22,54,27,89,13,78,44,3,37,13,32,16,42,60,87,80,52,74,37,83,5,40,0,99,43,41,55,44,77,12,58,54,80,38,7,40,41,79,31,91,7,25,57,77,92,57,3,57,60,87,35,42,19,53,17,10,68,69,9,5,45,2,15,68,1,9,69,96,14,1,67,17,21,84,20,77,37,5,17,89,32,43,50,20,97,27,56,36,68,20,42,54,57,41,19,39,2,92,23,45,39,23,1,79,21,12,85,95,44,65,40,43,13,35,45,71,79,16,68,65,62,12,85,12,73,4,8,12,6,12,18,89,79,75,66,6,64,12,82,78,96,69,15,54,66,92,16,99,96,62,44,86,51,64,17,12,71,56,76,91,59,83,7,15,58,55,88,47,87,25,79,10,11,31,5,2,38,79,80,36,36,15,52,6,90,62,28,16,92,96,75,94,53,3,29,76,55,27,64,45,78,58,97,34,97,2,21,85,56,17,18,69,46,14,60,31,24,74,84,62,76,21,76,75,47,19,77,88,79,53,78,90,10,27,94,22,51,90,75,27,52,27,63,63,2,67,54,69,46,81,30,40,97,32,91,44,8,64,91,50,1,29,52,14,36,14,71,79,34,0,59,36,61,47,38,18,13,54,35,36,17,36,12,56,70,99,21,84,4,44,57,71,5,18,13,30,37,65,34,52,50,64,17,84,86,44,5,67,46,28,23,73,99,4,28,62,3,12,61,41,72,93,58,93,25,90,47,7,63,75,10,57,70,94,34,57,98,59,20,55,74,15,1,6,26,66,0,67,31,45,61,87,91,89,41,11,66,29,68,85,62,49,45,30,94,66,90,0,88,81,73,9,46,60,23,52,77,76,25,28,88,74,10,65,45,54,11,49,93,78,58,35,26,64,92,24,36,16,78,82,61,5,70,97,32,16,49,38,32,66,38,21,29,21,32,81,89,31,44,46,2,98,33,22,76,96,67,33,29,13,45,94,60,38,71,55,65,32,90,78,31,98,23,78,63,67,31,32,14,15,41,1,26,64,6,75,73,43,76,10,40,46,50,8,4,14,65,21,88,36,62,39,54,25,90,78,14,52,89,85,87,75,47,48,30,48,99,10,7,81,66,38,15,19,9,42,32,48,80,20,72,42,23,29,74,48,28,98,6,23,18,0,13,64,67,3,14,33,94,34,74,83,81,42,65,74,49,98,57,51,6,90,77,13,85,35,39,43,30,30,90,85,96,0,91,69,88,23,31,12,4,31,75,18,82,29,49,14,29,9,51,29,72,80,62,0,94,95,13,57,77,15,3,60,1,61,1,99,51,69,41,48,4,26,47,44,37,2,68,87,30,34,70,81,46,34,84,19,87,39,72,71,18,28,32,95,32,70,92,77,56,56,58,71,93,85,82,6,10,39,77,51,89,91,2,58,58,84,92,54,65,9,78,31,49,0,53,90,93,64,50,22,79,61,62,91,88,21,8,66,51,39,68,38,69,1,78,95,37,32,19,63,56,56,80,73,11,4,86,66,28,59,68,82,5,73,3,78,32,11,29,82,63,91,46,30,33,61,24,45,74,40,8,51,45,85,16,70,58,70,82,73,33,25,21,60,42,40,56,21,63,32,58,24,75,56,80,80,62,85,59,3,83,89,51,59,64,72,86,70,53,62,64,27,16,13,65,36,2,66,31,84,84,72,4,53,34,35,45,72,33,68,55,8,34,16,19,35,33,90,6,18,31,61,18,24,91,58,73,11,8,23,69,48,7,40,72,76,8,33,88,35,43,57,7,98,48,51,25,4,79,15,38,27,55,24,13,92,81,74,81,3,59,39,49,20,37,68,3,41,15,59,99,86,94,61,54,60,85,54,99,83,43,31,17,1,24,49,78,48,42,7,74,32,27,37,61,44,16,99,75,53,52,45,91,63,60,89,36,46,72,38,65,63,71]"
ta73,3462,"[1,1,1,0,1,0,0,0,0,1,0,1,1,0,0,1,0,1,1,0,0,0,1,0,1,0,0,1,1,0,1,0,1,1,0,1,1,0,1,0,1,0,1,0,1,0,0,0,1,1,1,1,1,0,1,0,0,0,1,1,0,0,0,0,0,0,0,1,1,0,0,1,0,1,1,1,1,0,0,1,0,0,0,1,1,0,1,0,0,0,0,1,1,1,1,1,0,1,1,1]","[80,61,90,86,15,79,95,18,30,12,60,19,50,81,32,28,33,99,49,49,21,26,66,67,7,43,95,14,6,56,86,7,32,25,41,93,51,35,82,92,74,17,2,16,31,93,37,43,17,25,57,60,19,56,82,52,55,80,83,57,27,30,32,32,53,31,66,63,11,38,74,25,83,57,40,94,51,59,38,45,25,60,76,3,19,38,65,87,93,41,6,70,10,91,55,64,44,26,53,21,23,50,75,91,59,57,56,70,18,17,81,89,14,79,25,42,63,26,90,97,75,37,20,86,46,89,68,80,55,56,34,88,11,5,88,98,56,29,95,22,48,71,36,49,3,19,92,65,27,7,24,69,66,78,94,10,26,52,32,87,44,64,27,55,32,76,32,94,95,60,74,67,92,50,38,93,61,6,5,97,13,47,66,26,68,85,48,66,28,76,40,7,21,24,67,88,40,46,96,10,45,5,80,17,82,89,29,85,49,72,0,29,25,46,19,39,52,28,66,96,4,13,47,11,0,2,37,85,70,9,60,83,53,67,50,36,47,43,26,8,59,94,21,60,89,45,39,72,20,84,10,42,75,54,5,15,30,48,68,1,18,20,17,92,28,15,45,5,73,41,46,69,80,97,66,98,79,86,94,73,91,69,27,56,73,37,76,64,16,73,98,89,18,70,71,87,92,23,6,60,96,31,80,62,84,44,41,70,0,40,92,14,75,44,34,78,5,46,36,10,57,36,99,99,17,46,36,72,98,58,3,4,81,79,3,4,77,55,48,18,85,87,64,57,78,9,13,63,18,64,82,56,92,83,91,87,12,85,74,59,53,0,16,1,36,22,11,81,88,16,37,12,25,0,11,5,84,45,10,90,5,99,6,99,36,53,53,36,9,72,70,7,12,19,57,88,84,16,49,2,40,38,5,58,63,90,98,93,87,3,53,2,86,99,71,7,5,67,28,90,18,40,40,1,63,75,15,72,0,69,43,17,50,2,70,98,32,78,60,27,35,84,31,32,81,87,37,33,9,32,7,17,86,86,18,66,4,39,7,9,62,75,17,6,15,60,46,9,26,44,79,79,28,58,61,22,66,6,30,54,65,94,91,63,53,64,23,82,95,23,29,9,47,37,96,48,43,53,93,52,37,1,46,33,92,23,74,83,48,91,4,77,3,66,88,58,18,60,82,83,33,81,10,75,45,49,93,49,13,78,15,69,51,2,97,82,21,74,25,74,44,30,34,97,83,23,4,26,53,83,90,87,5,34,68,90,9,98,84,77,31,96,73,1,8,15,36,56,4,70,72,70,3,90,85,34,81,44,72,43,40,45,55,82,79,33,20,52,72,10,2,26,29,95,96,56,87,50,99,69,23,29,44,91,81,47,24,43,57,77,63,57,71,44,77,4,11,96,72,30,89,65,57,88,18,46,29,62,88,80,95,1,59,86,39,30,14,18,48,68,99,11,65,87,91,37,90,14,81,39,95,47,93,33,37,18,99,58,90,37,63,19,74,55,40,51,22,53,49,58,16,20,54,26,62,30,94,71,31,1,41,99,72,49,81,76,20,64,7,55,46,67,24,78,26,59,42,96,0,93,71,21,36,23,24,49,10,69,42,67,71,82,48,73,85,38,37,66,82,10,28,12,57,13,51,13,99,85,91,61,46,19,35,79,27,21,79,22,28,97,99,57,36,71,39,13,61,96,88,71,73,60,0,49,34,11,8,84,71,42,77,54,76,14,31,22,14,54,97,41,80,46,7,8,97,25,2,68,41,21,12,60,21,16,35,43,42,23,64,47,70,90,65,75,42,29,27,91,46,66,84,27,70,9,13,54,5,58,10,78,57,60,65,15,27,39,96,82,63,4,93,98,91,70,51,97,35,80,9,77,67,10,65,62,78,98,47,31,12,45,36,76,68,81,33,86,2,0,97,64,58,13,40,0,75,21,35,30,25,96,94,53,48,28,38,93,35,86,63,82,98,49,68,57,27,21,40,49,59,72,89,48,71,93,70,81,74,24,2,28,7,82,67,79,93,6,96,61,75,64,86,8,27,87,92,48,13,2,44,97,57,14,49,0,82,95,50,62,22,66,41,54,44,58,76,62,51,33,72,62,45,79,6,46,94,55,42,51,42,7,13,61,59,73,17,73,17,85,69,32,19,56,87,97,32,70,14,12,24,51,96,88,70,96,89,71,45,30,42,59,84,39,81,8,28,20,31,64,28,27,78,58,15,0,39,60,9,77,62,28,2,17,46,12,41,33,56,5,61,16,74,62,71,17,94,31,37,12,71,92,42,88,12,6,53,67,5,13,18,98,51,32,63,26,94,91,76,95,92,35,95,38,19,0,27,83,74,21,25,53,73,50,7,45,56,33,72,0,50,98,80,59,52,3,32,23,47,96,81,89,22,69,91,18,72,32,23,98,23,4,87,54,18,1,36,4,43,90,25,81,83,14,52,15,52,76,67,6,79,64,25,52,61,11,35,85,39,92,96,78,49,65,22,17,1,80,62,89,61,56,78,85,39,23,26,59,41,63,45,76,76,65,53,20,22,12,9,16,49,44,99,41,16,17,31,64,52,18,15,24,22,8,31,63,1,23,28,50,47,5,69,94,86,43,9,48,92,76,34,30,39,28,89,8,1,88,36,37,57,11,84,77,83,97,78,38,58,82,77,43,51,54,44,88,47,12,8,13,24,34,30,73,42,89,87,52,90,75,70,64,58,14,84,2,51,19,44,34,91,9,79,34,32,39,22,2,57,97,14,92,27,58,80,3,77,31,94,20,60,46,80,33,67,40,53,75,97,16,8,18,96,61,52,86,54,51,77,79,76,71,19,66,54,29,69,58,42,29,55,66,34,44,97,9,29,93,93,3,37,87,20,51,15,97,52,84,67,43,89,43,89,85,8,12,69,59,15,61,17,86,54,54,80,40,73,91,14,13,36,52,31,42,50,48,56,76,10,43,68,50,51,27,95,76,41,55,42,35,95,21,20,63,33,73,19,31,21,24,92,0,84,6,63,39,12,86,63,3,24,7,38,22,25,51,92,76,41,61,96,31,35,21,86,66,49,88,5,28,30,69,58,15,4,1,55,24,38,72,61,70,48,48,6,62,35,15,36,11,41,67,52,54,8,11,43,94,46,79,87,29,35,76,71,85,61,87,80,82,25,31,1,53,16,33,68,29,13,7,68,36,6,36,89,97,27,43,53,39,55,59,95,7,90,22,34,67,93,38,69,98,66,47,87,74,17,34,85,74,33,30,29,65,22,4,24,40,83,37,37,75,60,96,11,80,83,89,57,35,20,74,35,89,14,20,61,75,40,55,88,22,27,73,12,65,97,48,3,58,81,26,77,65,50,0,50,17,62,88,69,44,48,3,45,11,79,47,13,15,11,56,57,75,45,51,90,17,92,20,73,3,44,59,38,9,19,42,45,68,64,1,76,14,62,34,50,94,74,64,52,68,83,6,82,11,98,29,56,92,1,99,78,91,19,82,14,16,2,98,24,88,74,65,93,8,24,20,61,74,45,36,6,34,88,47,80,62,16,44,95,21,69,18,20,33,75,69,38,73,21,61,16,8,11,31,29,83,50,41,26,62,10,22,9,95,51,42,34,67,63,72,85,70,95,28,55,56,45,30,91,99,40,30,65,71,60,19,43,1,6,30,20,26,15,4,65,49,64,84,78,13,71,38,5,88,62,39,82,55,14,12,1,22,0,85,6,30,35,60,0,52,25,43,20,97,34,83,18,11,6,23,54,80,45,77,41,21,3,75,32,11,1,39,11,85,17,54,50,27,68,73,74,3,48,84,72,29,40,83,33,94,2,35,52,43,91,77,78,22,54,79,99,10,26,48,85,68,60,62,69,8,94,3,73,58,63,19,77,34,94,33,82,31,95,61,96,16,15,24,83,10,46,93,4,24,77,56,86,61,10,58,59,2,26,24,84,33,9,25,3,5,18,25,83,73,16,67,65,90,75,38,60,39,5,38,98,2,9,84,63,26,51,78,65,47,12,29,90,34,47,32,22,80,45,2,67,55,87,78,74,4,54,59,84,79,66,58,7,66,12,55,59,57,19,14,47,95,69,15,13,20,63,75,4,19,9,6,74,40,29,0,81,54,79,8,34,71,59,58,28,35,4,8,49,41,52,69,27,5,93,23,16,35,47,30,64,68,12,68,77,32,64,25,16,54,99,42,42,7,92,16,91,1,14,0,47,10,67,48,47,50,89,76,3,72,21,99,64,28,79,32,23,41,20,98,38,90,52,88,27,80,99,10,42,7,44,25,45,50,65,94,24,86,90,50,24,40,44,41,21,90,8,2,23,59,66,70,37,89,95,92,78,28,72,30,73,23,86,62,46,15,56,83,43,4,37,68,13,33,53,85,68,26,35,1,23,98,36,68,72,70,59,13,3,39,29,93,19,81,37,89,67,56,65,38,41,55,10,14,33,99,75,78,46,78,55,81,62,49,84,77,81,77,86,7,8,71,4,40,84,8,39,53,31,98,38,87,51,91,94,85]"
ta74,3341,"[1,1,1,1,0,0,1,1,1,1,0,1,1,1,0,1,1,1,0,0,0,0,1,1,1,1,0,1,0,0,1,0,0,0,1,0,1,1,1,1,0,0,0,1,1,1,1,1,0,0,0,0,0,1,1,1,0,1,1,0,0,1,0,1,0,1,0,0,1,0,1,1,0,0,1,0,0,0,1,0,1,0,0,0,1,0,0,1,1,0,0,1,0,0,0,0,1,0,0,0]","[7,73,7,67,14,83,57,1,6,23,93,25,9,49,59,48,74,29,9,64,81,3,23,48,99,31,20,36,44,67,61,95,79,34,88,33,13,43,5,10,62,79,88,16,26,49,60,58,47,68,53,2,93,57,36,47,14,43,45,55,3,6,61,49,80,81,34,92,5,58,21,1,70,56,69,64,9,64,78,68,11,15,66,91,95,80,73,36,67,22,50,53,42,95,48,65,67,75,60,85,77,50,75,94,47,21,28,97,66,7,52,73,17,30,92,65,97,62,18,28,62,49,67,52,17,73,64,52,72,4,10,65,39,24,53,41,40,81,30,53,10,47,56,71,77,34,3,28,99,8,47,55,74,71,50,26,39,37,33,70,72,22,74,73,68,30,93,56,33,74,24,32,11,73,89,7,26,9,87,80,84,73,30,95,63,63,62,42,92,73,8,46,34,57,12,82,50,39,2,52,44,13,85,44,74,75,72,82,18,2,6,1,87,40,27,11,8,64,21,12,35,32,78,1,76,15,14,66,97,65,8,93,74,67,56,15,5,34,51,90,83,72,28,12,56,27,37,79,1,26,24,5,36,7,45,98,76,60,55,2,60,26,90,34,71,78,57,98,46,86,20,8,2,67,0,77,9,46,45,83,97,5,72,61,17,99,46,15,78,47,28,31,82,12,45,50,64,33,91,5,16,74,36,91,89,80,41,7,79,95,43,70,7,20,99,19,95,85,55,5,72,71,11,70,21,0,17,94,47,94,15,4,42,91,98,10,5,33,26,83,59,41,82,86,23,16,85,6,15,46,28,1,20,3,41,41,63,18,40,35,19,19,13,18,17,38,47,2,71,67,9,80,83,73,98,21,95,17,33,8,52,22,12,79,22,10,67,55,80,3,51,99,72,87,22,75,54,61,7,3,57,89,17,94,56,54,99,12,5,82,3,3,40,11,93,26,43,32,12,25,69,93,18,99,18,78,37,76,85,51,63,89,13,7,84,43,55,72,68,83,27,13,8,55,94,31,71,29,85,66,31,17,35,12,73,60,58,28,16,60,48,54,45,23,39,65,58,97,4,83,57,42,38,35,11,54,41,29,49,26,58,88,11,92,8,77,5,28,17,93,89,83,95,46,81,81,15,45,79,51,23,66,37,82,97,71,58,83,58,70,20,79,85,70,25,8,26,1,31,61,86,53,90,54,68,46,11,65,43,90,45,4,43,69,41,9,60,47,6,5,61,3,32,91,47,73,55,33,48,86,64,2,42,64,17,67,52,22,23,53,2,60,92,61,84,1,24,58,29,44,54,45,64,10,70,66,22,62,2,14,52,21,14,90,26,82,33,88,56,19,63,78,74,4,41,59,75,88,34,68,56,37,84,4,35,93,46,36,19,59,47,99,26,80,47,7,47,36,42,64,82,29,39,2,74,88,15,99,81,59,91,24,43,45,50,55,40,89,33,59,87,66,86,52,96,49,56,67,33,39,48,1,81,29,49,94,30,51,53,5,51,2,88,97,22,9,66,6,67,89,32,16,29,97,69,3,4,53,18,15,13,69,22,60,11,90,41,27,41,19,82,25,62,26,93,83,49,48,33,66,93,97,40,96,29,86,80,32,4,41,95,59,81,84,76,21,35,44,66,79,66,54,59,19,47,36,52,95,62,8,49,61,48,82,87,97,49,19,79,89,71,71,68,53,40,20,61,80,27,16,71,46,5,42,11,63,60,91,25,72,24,21,72,61,28,8,30,45,29,0,95,17,15,46,0,96,64,38,50,63,43,2,52,75,61,75,61,62,12,35,91,96,75,96,31,17,84,78,60,36,77,99,54,23,51,70,26,15,85,47,30,79,62,92,46,9,46,36,1,38,37,20,43,35,39,14,75,1,59,20,91,58,56,14,92,78,85,16,49,75,63,43,29,1,11,38,70,81,47,16,84,8,53,2,4,2,30,27,38,76,91,77,10,11,84,20,96,54,99,77,68,37,52,90,38,88,55,27,77,27,49,49,4,19,90,13,16,50,57,13,63,93,50,91,84,15,9,98,99,20,89,8,32,93,23,47,90,19,13,70,92,81,13,66,79,34,37,88,30,51,71,24,12,85,10,63,98,0,96,37,91,74,96,23,16,70,8,86,76,86,17,24,33,87,7,68,86,51,45,21,80,45,38,66,3,40,9,6,60,61,44,27,88,59,9,21,38,57,82,94,75,22,58,16,87,28,65,94,26,50,2,16,21,78,55,25,93,70,53,24,77,87,36,77,87,19,52,83,29,84,6,24,62,84,42,86,23,24,36,51,87,86,94,37,35,23,61,22,72,80,94,81,74,20,84,62,88,73,57,23,72,20,51,27,14,77,72,84,69,93,4,62,30,68,10,71,46,2,84,56,3,80,96,14,20,79,32,69,57,60,23,15,21,69,70,44,66,6,23,28,74,65,0,43,83,79,4,78,77,48,59,67,40,65,44,50,5,18,67,56,3,77,48,97,96,28,99,40,76,81,84,12,65,16,98,1,6,3,86,87,82,93,20,34,15,8,31,98,78,52,10,12,41,16,60,81,69,88,76,27,36,97,25,18,46,58,64,5,64,66,18,47,74,88,54,92,23,67,84,90,75,88,44,42,44,10,15,78,29,83,61,91,96,89,38,49,16,61,40,17,37,20,48,13,30,10,22,57,22,93,32,37,76,34,80,40,45,3,93,7,58,58,15,76,85,11,30,36,39,55,21,72,38,23,56,38,82,13,90,34,63,34,22,9,10,65,35,2,48,48,50,19,57,15,3,72,66,17,37,14,52,55,59,64,74,9,95,21,41,28,39,39,97,25,43,18,7,17,9,41,11,73,40,52,37,69,68,12,58,31,77,24,14,0,0,91,50,22,58,62,96,86,65,55,4,59,69,3,32,81,65,10,83,14,18,2,25,85,91,68,28,7,72,65,34,75,99,94,4,43,52,63,76,1,0,38,39,40,57,44,55,85,67,50,97,82,70,13,96,33,52,98,97,35,48,58,71,69,21,35,6,65,1,72,89,77,63,10,76,69,0,90,46,36,79,87,78,69,16,94,68,56,89,89,23,10,98,78,59,22,14,43,70,59,98,77,24,58,51,30,33,38,95,1,91,53,28,81,71,59,12,99,96,60,24,96,89,28,46,92,30,92,57,87,45,88,18,58,90,33,68,30,13,0,50,62,55,60,6,45,19,84,41,62,80,16,87,14,26,66,5,86,29,74,89,62,11,40,85,20,83,6,39,11,79,77,86,81,94,1,16,54,95,33,91,5,66,14,25,49,13,54,80,86,10,11,37,37,16,32,51,12,53,75,38,76,19,71,39,48,85,83,17,83,76,22,89,31,59,78,53,90,40,31,25,69,45,75,11,28,54,94,57,3,88,30,18,33,86,59,36,91,35,75,27,57,90,44,18,29,65,76,7,51,36,6,95,10,62,63,41,9,48,25,46,65,0,31,98,39,79,54,98,21,8,86,1,42,9,4,65,47,15,23,12,49,53,32,20,16,68,6,25,12,99,32,38,41,67,37,73,10,83,34,27,79,35,98,85,72,22,65,14,9,45,21,42,30,8,21,50,49,62,6,64,68,62,40,70,64,0,72,9,56,19,27,73,40,82,0,44,4,43,31,54,54,92,76,61,50,35,63,31,5,20,79,46,20,35,73,71,90,52,31,91,78,64,56,38,92,99,50,44,86,42,76,56,97,98,20,18,89,42,53,13,78,96,46,44,8,25,55,68,69,31,18,70,74,90,92,60,42,32,49,38,31,34,98,70,4,1,12,18,3,25,82,33,64,6,43,13,37,19,85,80,44,71,15,70,80,39,14,96,87,59,24,18,44,79,41,14,95,23,85,21,88,89,67,29,21,92,60,67,69,63,39,55,29,92,35,78,24,26,5,84,25,32,78,74,98,63,95,27,39,89,50,97,49,97,77,12,22,30,92,22,13,91,29,0,32,51,74,81,24,88,75,25,75,99,56,54,24,24,13,61,82,96,82,64,45,62,26,7,94,72,54,81,66,69,48,73,32,48,42,0,96,73,81,5,55,48,14,52,97,0,51,53,41,77,27,74,81,76,30,94,68,85,67,14,29,94,58,38,34,31,87,37,57,17,29,11,19,43,80,58,31,37,53,52,54,19,45,87,42,94,49,60,55,27,11,51,90,87,17,4,45,36,39,93,95,97,92,63,53,59,69,35,83,48,98,46,41,29,4,6,50,15,98,7,43,8,2,87,1,6,78,36,90,40,35,27,80,39,18,7,57,32,87,28,32,10,2,76,66,73,7,7,3,63,9,36,95,56,84,68,68,84,35,57,26,42,17,99,19,47,38,60,75,94,26,74,83,92,77,98,82,4,40,34,0,6,76,85,39,19,31,96,51,93,28,42,31,53,57,88,94,28,8,69,42,33,44,25,88,92,61,79,51,71,34,0,93,13,95,27,27,65,89,71,51,12,61,63,44,80,75,64,90,30,86,71,99,26,34,34,24,32,70,42,56,54,43,82,25,23,33,25,0,44,73]"
ta75,3456,"[0,1,1,1,1,1,0,0,0,1,0,0,1,0,0,0,0,1,0,1,0,1,0,0,0,1,0,0,0,0,0,1,1,0,0,0,1,1,1,0,1,1,1,0,0,1,1,0,0,0,1,1,1,1,1,1,1,0,0,0,1,0,0,1,1,1,1,0,0,0,0,1,0,0,0,1,1,0,1,1,1,0,1,1,1,1,0,1,0,0,0,0,1,0,1,1,1,1,1,1]","[54,82,34,40,39,16,66,35,69,81,41,30,49,6,48,64,95,43,57,94,47,20,84,45,6,54,82,24,49,76,74,83,79,91,47,81,90,64,87,38,22,4,3,18,68,41,88,61,96,30,91,88,14,20,76,81,88,55,97,21,54,97,61,48,43,55,99,28,39,4,12,86,81,37,74,12,16,62,74,50,26,87,74,72,31,48,50,70,92,76,6,8,88,59,27,63,2,15,49,15,14,35,1,72,56,68,73,42,53,25,5,42,90,13,81,20,48,98,30,78,65,29,26,14,92,38,38,15,98,30,61,91,52,67,49,86,18,32,37,8,23,36,14,7,10,41,55,59,16,94,47,12,85,44,64,36,57,36,61,39,88,80,25,38,87,0,6,37,36,86,82,64,97,73,59,30,3,55,51,3,12,73,23,84,29,92,30,38,69,29,18,29,6,19,77,52,74,59,94,33,25,37,66,69,68,73,45,74,78,90,33,24,66,12,88,63,90,35,42,34,86,7,74,16,37,27,99,36,10,93,54,36,94,40,97,72,8,2,0,7,93,68,58,31,36,71,19,20,21,25,38,28,40,66,99,47,19,23,20,22,83,7,22,89,85,21,38,14,29,57,62,86,3,61,78,2,17,35,27,79,86,58,27,58,48,17,51,46,14,65,80,63,48,27,13,72,70,33,92,0,16,40,11,29,48,50,83,26,6,91,47,14,9,7,28,82,34,37,71,38,22,81,18,18,76,27,33,74,72,13,48,46,36,32,25,16,96,92,3,48,65,70,52,45,80,77,14,87,68,89,44,8,9,52,16,76,22,20,57,75,70,48,23,62,46,74,68,63,25,21,62,95,60,31,46,61,63,67,10,28,40,98,53,23,11,41,35,99,75,45,91,2,80,79,96,61,71,54,0,38,84,21,9,82,62,8,88,35,12,56,91,56,33,82,10,77,16,93,61,19,83,32,61,86,60,36,55,54,95,64,51,12,87,46,55,73,99,51,35,78,93,46,71,99,24,10,68,24,90,48,55,59,15,87,34,76,87,11,34,42,8,3,95,15,72,0,73,53,77,90,51,66,30,60,69,80,11,57,79,36,37,77,89,10,98,59,65,75,84,13,32,27,39,97,80,0,78,77,65,70,49,61,24,62,32,47,14,44,43,56,51,96,62,23,37,43,90,88,27,97,92,40,85,85,8,37,13,44,94,3,50,40,4,81,5,11,65,42,51,77,25,24,21,11,70,93,73,52,26,80,58,54,57,21,76,29,1,25,28,70,25,39,32,64,15,15,69,30,28,77,56,79,22,28,3,53,19,14,40,69,31,77,94,73,45,40,25,60,0,87,93,72,41,67,69,25,8,26,23,25,44,0,50,35,98,85,31,27,60,63,83,54,68,34,13,8,8,73,86,13,28,50,45,37,68,41,3,21,97,82,68,39,81,95,97,49,1,93,19,8,84,74,4,25,34,91,69,53,74,12,91,26,29,96,97,31,56,75,18,80,2,17,64,62,94,24,17,78,11,94,19,62,89,51,81,92,51,35,85,87,41,3,96,67,28,19,99,94,15,75,0,43,81,16,62,23,81,35,12,27,47,33,87,21,53,63,3,87,98,18,91,69,82,11,6,98,51,42,46,69,40,60,91,85,89,89,13,23,75,25,95,2,20,63,36,82,97,27,0,95,63,15,83,90,95,8,23,3,71,9,12,64,33,97,59,80,47,89,13,55,98,8,70,8,58,37,17,96,20,36,17,4,97,30,5,9,4,20,14,61,24,84,46,98,80,78,72,55,6,65,23,84,92,24,41,5,22,83,97,72,96,32,18,72,37,75,18,55,41,15,52,11,26,50,24,11,66,23,20,85,29,44,58,61,58,37,89,15,82,22,7,7,69,60,78,5,89,72,29,67,44,56,1,12,10,61,33,79,33,80,54,4,21,73,68,66,77,71,34,84,83,32,87,34,17,46,56,74,38,51,5,37,39,67,80,52,43,45,29,46,14,9,60,65,79,63,0,57,91,91,41,67,22,5,46,49,95,80,97,12,47,56,89,75,7,64,96,92,19,99,77,62,5,64,28,27,62,68,5,32,2,26,53,93,86,16,37,71,33,93,91,93,51,14,71,25,89,16,77,24,7,43,99,99,99,44,40,60,76,61,48,71,52,31,85,32,24,56,43,93,6,84,80,53,52,78,98,56,78,2,43,34,40,24,44,98,64,30,77,49,28,71,16,21,41,59,39,61,85,15,23,93,68,9,90,96,6,46,8,72,90,39,79,54,55,12,18,3,64,31,50,76,90,32,93,76,32,59,98,36,57,67,26,1,33,7,99,72,13,36,27,97,68,77,15,59,78,4,3,90,76,31,84,20,44,91,99,27,2,93,66,50,67,42,41,95,72,49,50,50,53,48,85,66,51,11,29,0,71,94,15,54,33,48,32,72,75,82,33,70,60,89,56,24,63,27,92,3,69,48,10,75,81,86,46,33,92,14,42,65,98,80,63,49,74,65,59,66,62,81,43,13,89,9,55,50,18,55,83,21,82,59,21,2,75,32,1,66,89,45,4,95,90,57,71,41,95,13,18,22,42,61,88,18,19,7,87,88,52,47,93,11,69,27,85,41,14,2,73,4,85,21,97,10,49,20,6,3,94,6,41,1,44,13,89,84,43,95,44,31,0,85,17,79,50,71,35,88,61,40,0,23,96,65,14,84,25,83,51,59,45,26,50,67,14,31,20,21,5,8,42,90,93,30,6,73,44,82,81,52,17,39,14,70,54,72,49,22,68,96,82,86,95,26,67,79,62,22,38,42,47,74,89,12,56,85,11,29,99,11,35,67,4,34,37,32,40,9,5,15,49,91,31,73,84,95,23,61,76,24,67,29,5,46,13,95,7,0,42,38,49,93,63,89,4,84,83,39,60,73,57,73,57,19,65,44,63,28,67,63,79,18,88,92,95,76,79,75,35,60,39,22,9,60,78,66,35,62,52,27,99,16,47,20,26,87,72,98,71,72,56,46,7,41,10,15,13,76,1,4,36,86,68,37,20,83,82,89,98,86,76,9,46,74,7,68,96,97,79,34,38,44,91,30,63,64,11,17,69,76,3,18,85,86,18,90,36,64,33,95,6,81,37,28,78,51,10,96,58,57,57,13,81,52,92,4,56,66,66,55,67,40,86,6,54,53,1,82,54,65,23,13,52,66,90,6,84,39,82,65,43,49,51,75,81,39,70,58,5,70,16,78,20,62,17,74,70,79,54,79,64,70,13,55,64,79,42,80,50,89,8,75,35,1,41,84,10,17,45,49,58,77,22,62,94,88,43,17,88,45,9,29,21,26,45,34,98,9,15,75,0,38,5,11,43,1,78,70,99,86,38,63,44,56,28,42,36,9,55,53,17,24,30,21,17,97,75,33,64,47,72,43,76,66,27,80,8,52,48,16,93,26,48,57,20,65,35,9,11,93,83,58,84,12,32,67,38,19,58,31,73,83,95,58,59,47,83,35,35,54,16,41,16,53,96,0,2,1,65,28,65,9,7,76,62,34,28,1,24,27,43,19,56,84,99,77,98,37,67,25,43,69,54,38,27,65,31,0,26,86,32,60,12,23,64,59,63,46,91,52,58,45,80,76,59,51,78,10,10,52,72,80,18,61,39,39,39,17,26,60,15,83,53,10,10,92,2,1,50,5,45,85,98,91,98,2,87,92,30,40,0,71,69,54,53,70,68,88,79,31,48,96,59,12,55,53,68,66,33,71,45,49,85,94,7,30,49,66,92,47,96,13,38,81,99,58,55,10,39,13,50,59,20,4,45,19,70,42,60,83,68,58,63,57,79,82,88,21,1,29,51,52,50,1,17,83,86,94,23,21,57,7,88,99,92,60,26,48,92,74,78,31,4,51,86,73,94,85,30,66,56,34,16,85,30,93,20,18,4,78,87,19,79,80,56,49,49,71,44,69,65,84,36,9,43,73,75,16,28,79,91,76,39,20,32,24,7,32,99,78,25,53,25,87,74,18,36,34,59,1,17,10,75,61,38,33,54,52,58,50,4,2,11,39,70,8,67,14,19,7,59,9,47,47,63,96,5,30,16,22,12,30,65,41,62,90,22,55,97,17,43,35,24,77,40,6,82,5,88,74,28,96,42,54,12,10,22,24,94,45,48,58,40,88,3,35,34,19,5,1,2,51,19,92,87,29,44,19,31,66,71,5,45,53,42,95,26,38,4,2,87,22,97,28,45,53,71,23,81,77,89,9,62,1,77,47,69,10,83,83,32,7,53,31,60,15,14,94,18,15,87,70,67,42,45,1,73,22,31,90,50,94,67,3,86,55,47,88,57,33,25,5,17,75,29,46,19,90,41,91,40,42,21,52,42,70,57,40,46,31,44,33,11,46,2,90,94,11,57,29,44,98,3,2,12,64,6,84,9,69,92,60,47,74,36,58,29,82,75,81,77,96,2,0,26,28,34,30,69,53,57,34,22,4,73,94,23,58,34,37,6,26,71,64,8,56,6,60,78,43]"
ta76,3401,"[0,1,1,0,1,0,0,1,1,0,0,1,0,1,1,0,0,0,0,0,1,0,0,0,0,1,0,1,1,1,1,1,1,1,1,0,0,1,0,0,1,0,0,0,0,0,0,1,0,1,1,0,0,0,1,1,0,1,1,0,0,0,1,0,0,0,0,1,0,1,1,1,0,1,0,1,0,1,1,1,0,1,1,0,1,1,1,1,1,0,0,1,1,0,0,0,1,1,0,0]","[50,56,96,43,90,31,36,4,82,49,75,88,58,16,30,10,96,3,32,31,8,48,14,74,47,29,46,40,85,89,52,41,54,17,99,20,76,35,98,78,27,15,56,18,86,11,80,25,8,87,98,85,64,28,66,68,20,29,95,15,13,81,69,12,33,66,68,67,49,72,21,58,38,40,19,33,58,77,60,95,67,1,41,57,14,59,49,89,6,22,27,99,0,20,12,54,79,86,13,97,55,0,4,14,26,93,27,86,10,25,83,51,13,22,18,91,40,28,38,65,74,96,79,94,41,69,89,46,88,15,26,91,52,62,36,51,87,84,90,2,63,91,82,62,31,76,18,37,80,96,72,95,49,0,65,9,82,13,20,3,95,27,27,93,65,25,87,99,58,56,88,71,29,60,47,85,36,78,82,6,98,24,97,25,48,44,65,46,79,85,34,71,56,28,86,17,90,0,80,85,6,43,68,48,68,45,91,75,1,23,44,63,47,9,34,27,62,84,18,62,43,21,42,7,34,34,90,61,16,49,79,41,5,87,26,70,49,92,36,93,54,57,11,75,46,45,76,41,57,82,90,91,0,42,6,39,15,33,81,30,84,31,92,55,31,15,31,35,1,74,69,44,15,52,58,33,0,6,69,4,70,67,33,62,54,58,61,51,88,30,88,32,36,39,76,85,10,16,76,92,26,57,97,51,53,67,32,50,81,2,82,57,48,11,66,8,89,59,37,54,18,23,26,73,94,66,45,90,76,24,17,22,75,53,99,29,1,53,51,84,15,74,68,28,3,67,21,8,57,94,76,68,70,4,14,11,55,74,78,5,7,10,25,21,9,80,71,6,1,92,57,80,23,76,31,59,39,10,75,78,52,20,9,61,88,88,5,51,88,9,21,77,40,87,76,82,29,37,19,19,59,25,96,22,23,17,35,11,50,20,69,43,19,73,44,94,52,27,83,32,39,1,93,53,56,49,37,67,73,66,40,24,67,3,46,71,87,21,23,12,4,23,58,85,76,85,36,11,37,90,70,99,12,6,46,45,24,80,49,80,82,65,44,87,20,5,51,59,51,28,3,73,30,5,62,6,53,53,43,91,48,69,39,27,54,18,96,12,78,22,39,99,52,28,82,42,33,1,23,42,53,80,31,42,84,68,89,55,64,12,20,79,13,97,49,27,75,57,87,65,64,64,60,96,19,28,59,65,52,61,35,52,84,21,22,8,86,7,49,97,1,27,9,36,79,57,0,93,74,89,52,0,27,22,28,45,31,85,34,81,14,3,3,96,18,68,4,84,63,2,40,90,37,64,46,99,90,89,6,31,15,71,34,10,58,15,14,72,46,95,61,20,54,6,14,72,18,49,32,1,74,2,58,55,55,69,98,76,45,7,77,5,8,23,94,12,49,16,46,37,86,65,41,39,9,10,20,96,36,62,93,69,17,86,43,19,11,32,47,98,78,52,54,73,84,37,72,88,29,54,86,2,30,75,77,82,69,25,26,5,88,54,93,9,17,76,44,79,92,35,99,0,24,67,74,64,81,40,84,20,12,48,63,80,33,52,43,77,94,37,99,78,85,30,47,86,23,31,75,3,8,83,22,98,69,97,2,33,17,4,15,34,34,74,96,20,28,83,88,25,51,27,61,54,74,12,11,99,43,76,70,77,71,73,45,86,84,17,18,26,89,34,78,9,86,58,21,0,52,15,48,56,22,1,34,59,66,77,50,74,98,64,96,87,38,82,16,91,20,7,63,9,90,73,87,55,41,19,2,77,89,68,3,12,44,33,46,56,44,93,82,10,7,74,77,60,78,40,70,51,9,66,22,6,89,3,93,41,4,55,42,51,90,38,65,13,79,19,35,65,61,62,71,43,50,76,7,64,70,70,39,77,4,15,30,2,42,5,10,39,74,7,92,60,38,64,52,77,22,36,50,57,63,46,58,14,83,23,93,10,12,29,38,72,8,6,25,67,13,99,59,53,38,79,71,5,8,21,61,55,52,12,82,46,29,87,29,82,75,97,47,26,98,6,45,82,72,98,46,36,60,79,45,48,46,80,37,57,95,68,96,66,60,55,91,91,63,94,9,32,83,24,11,14,4,52,73,16,81,55,61,61,91,98,83,7,9,18,81,41,24,39,61,80,36,62,85,28,98,63,54,35,18,81,88,35,38,41,80,0,31,66,16,50,9,1,41,49,48,40,83,25,59,83,94,84,47,10,72,57,30,25,48,77,19,4,81,53,85,27,48,91,30,66,60,66,75,59,35,19,0,56,30,55,18,99,5,34,62,41,92,1,36,53,21,66,13,70,0,18,75,41,97,71,30,40,25,90,90,74,78,63,47,28,83,28,55,35,72,42,34,50,29,30,98,32,25,4,75,97,95,56,12,52,86,56,83,2,70,18,22,42,2,99,65,42,51,24,65,30,67,31,59,77,62,87,9,23,38,7,56,6,70,1,81,16,80,50,60,79,32,37,76,61,81,21,74,22,85,87,73,24,3,57,13,38,66,2,12,60,88,38,7,77,90,10,94,59,62,29,54,77,95,24,46,90,3,45,68,58,65,35,90,77,47,69,14,14,71,75,31,81,11,7,70,64,89,85,53,33,42,48,50,42,98,3,30,92,62,43,26,99,67,70,83,20,69,93,64,94,26,57,73,61,75,62,93,80,93,22,2,56,45,13,39,28,26,18,8,24,88,13,99,17,85,13,84,89,23,15,18,99,77,85,39,47,39,56,91,20,53,48,75,50,68,83,33,50,79,8,2,71,27,63,56,86,34,17,34,81,67,66,87,44,62,17,36,40,50,75,65,14,0,22,98,69,35,78,53,80,31,81,95,59,17,78,55,32,1,61,53,71,64,44,86,68,63,51,95,85,56,51,40,86,61,8,93,19,46,68,33,38,65,44,32,57,39,21,27,77,44,4,41,64,0,11,60,27,4,73,85,70,21,83,87,89,10,63,8,67,41,26,23,16,29,94,89,1,23,84,85,69,78,57,54,28,36,13,98,1,10,87,47,46,45,46,16,0,31,31,2,78,29,33,42,24,33,93,3,63,33,35,95,51,97,45,63,51,65,72,57,29,17,60,44,4,34,86,5,20,17,32,59,92,30,25,16,25,28,40,20,79,93,60,97,60,41,1,58,54,11,6,3,47,59,13,36,64,86,99,92,19,2,53,36,25,90,64,49,37,42,81,11,5,22,72,78,29,52,30,67,66,15,35,34,62,37,11,5,10,37,73,48,63,8,96,5,61,28,8,84,86,92,42,73,56,97,97,4,31,68,71,71,80,60,74,22,97,45,99,70,66,35,76,79,1,83,26,55,85,64,79,40,26,96,24,82,19,91,12,14,97,0,34,65,24,9,87,4,97,25,54,21,52,68,23,92,4,88,92,12,43,41,39,47,7,95,80,17,70,32,69,17,73,88,18,15,44,5,59,79,36,18,63,39,29,50,52,47,16,14,35,21,74,88,92,2,13,43,27,95,58,44,48,37,72,71,59,13,35,62,13,96,24,43,62,43,25,43,12,98,77,32,42,40,7,78,23,56,54,52,35,88,56,84,58,91,96,5,95,55,36,10,16,9,37,66,94,49,6,21,40,59,41,44,1,12,23,19,28,38,51,62,14,11,50,23,46,90,16,83,72,43,98,48,69,5,24,55,4,19,38,73,49,23,71,16,47,49,84,45,48,87,96,81,42,5,75,89,53,61,55,93,92,54,72,88,16,1,26,91,95,81,34,30,66,40,71,63,38,60,24,93,83,37,37,58,97,94,34,15,50,9,30,47,39,14,47,44,91,50,6,73,64,41,51,89,11,55,84,3,15,72,67,64,40,58,30,54,40,88,90,72,14,23,79,38,48,19,94,14,93,63,33,13,38,29,5,70,17,70,14,6,54,65,15,89,73,2,60,50,42,65,35,68,49,7,45,73,28,27,19,18,39,7,97,91,10,32,33,87,70,64,30,97,72,32,9,76,68,20,10,56,11,87,16,7,24,67,72,0,67,3,53,82,22,5,17,71,32,74,17,80,32,19,67,14,41,61,37,24,13,6,79,79,45,92,21,26,70,92,33,84,99,3,96,46,49,27,78,98,83,21,29,29,8,86,10,78,15,92,26,55,25,66,80,76,38,79,47,10,56,38,40,27,95,68,73,59,63,15,13,78,74,92,7,25,94,51,31,8,80,12,95,76,95,58,99,95,53,73,11,60,97,17,45,98,22,74,12,50,18,35,94,67,82,72,37,75,29,11,94,28,81,82,65,44,89,21,20,3,22,57,57,66,69,21,32,58,94,98,24,75,43,92,43,91,94,51,42,81,8,86,11,90,19,44,96,16,61,3,4,84,20,26,53,42,50,7,63,89,45,81,60,2,83,91,53,78,69,58,16,59,0,47,82,71,45,77,83,8,28,36,69,60,26,33,38,16,93,34,75,68,0,8,49,67,36,33,76,9,39,7,94,62,84,6,32,19,48,57,71,43,26,48,2,44,61,91,39,47,96,69,89,31,72,64,95,2,43]"
ta77,3404,"[0,1,1,1,1,0,0,1,1,1,1,1,0,0,0,0,1,1,1,1,1,1,1,1,1,0,0,0,0,1,0,0,0,0,1,0,0,0,0,1,1,1,0,1,1,1,0,1,0,0,1,0,1,0,0,0,1,0,0,1,1,0,1,0,0,0,0,1,1,0,0,1,0,0,0,0,1,0,1,0,0,1,0,1,0,0,1,0,1,1,0,1,1,1,0,1,1,0,1,1]","[70,42,84,11,72,92,17,56,47,3,26,68,82,69,37,53,98,41,47,37,22,91,94,29,96,47,63,0,87,21,56,15,23,3,96,40,70,92,7,1,37,33,94,15,30,16,0,93,94,51,48,28,16,33,78,73,9,1,99,55,33,40,15,98,54,3,81,10,48,16,53,49,67,52,20,3,43,61,56,28,20,98,89,71,38,12,61,26,67,33,8,0,95,82,17,26,31,81,78,0,79,32,73,80,66,51,47,52,62,0,54,72,88,77,73,80,60,92,2,90,52,61,26,41,87,74,36,31,97,75,25,70,55,92,5,83,58,65,54,56,66,40,82,14,39,39,20,94,61,20,71,1,35,1,51,59,6,88,91,19,41,33,56,23,4,65,38,16,82,92,82,97,98,85,3,73,39,59,69,29,84,87,15,2,55,13,79,47,87,87,59,72,71,80,75,32,65,9,57,92,6,24,66,40,9,82,43,33,7,60,58,4,46,74,29,47,78,27,43,15,68,59,68,76,57,62,91,16,50,17,53,22,82,63,44,14,23,86,34,34,18,38,2,84,88,59,32,54,6,6,36,52,84,15,21,39,90,1,82,75,88,74,43,63,73,42,48,72,66,99,49,96,1,8,73,79,18,0,40,29,38,96,19,37,98,92,1,12,39,27,59,3,51,86,86,98,89,83,54,42,54,70,80,29,46,54,4,26,67,26,64,52,64,62,74,48,24,48,8,22,10,31,14,40,5,2,81,95,93,64,19,15,44,21,74,90,74,47,40,9,86,8,75,15,82,67,57,76,50,37,71,94,14,76,58,9,90,3,2,69,89,87,64,60,38,56,53,64,65,7,19,48,24,0,61,10,95,91,87,87,73,97,43,82,96,11,29,60,22,94,53,51,62,41,40,76,5,77,88,43,57,24,80,31,85,12,0,18,25,67,88,90,46,2,49,97,59,16,21,35,51,16,33,9,62,32,74,20,24,49,99,75,31,24,29,18,83,2,50,41,52,17,0,45,65,48,41,14,98,67,81,94,39,87,85,36,91,62,81,45,86,73,99,68,25,50,23,54,46,26,22,83,88,47,46,29,67,56,35,54,15,75,52,80,69,28,17,13,28,82,66,95,10,72,47,35,43,10,84,1,83,45,66,13,85,17,20,81,75,21,24,96,67,10,88,88,37,53,65,68,64,0,8,35,23,12,39,52,0,16,78,77,78,81,77,54,30,65,55,60,24,59,58,27,59,16,18,46,52,6,4,96,98,1,32,71,58,79,3,88,56,28,50,77,80,51,22,14,90,10,16,27,45,90,94,20,19,93,89,52,97,32,58,69,68,22,41,83,76,8,32,44,38,95,78,40,92,85,3,3,45,50,12,32,69,30,61,84,26,59,72,69,62,28,28,35,17,17,12,61,18,93,71,20,44,70,96,52,63,38,5,11,29,14,87,4,68,28,86,27,42,36,11,89,79,24,10,33,4,94,9,37,55,55,73,6,31,71,12,54,93,69,8,47,7,46,63,19,55,57,75,26,65,33,97,44,40,86,58,35,88,34,97,52,20,6,50,42,18,89,3,33,12,16,1,5,61,35,13,69,2,55,8,93,34,45,83,3,72,39,91,41,80,36,41,28,98,25,93,65,74,66,18,47,81,38,43,73,73,91,50,83,42,77,95,23,45,81,4,89,12,58,39,34,34,85,25,33,64,61,46,55,22,15,97,64,63,23,30,27,91,78,40,76,25,79,4,96,37,98,36,36,63,26,46,11,96,64,90,57,69,13,2,11,28,12,5,13,62,49,56,92,8,4,99,81,83,41,3,55,94,42,91,91,27,77,21,49,86,60,83,87,62,93,79,16,9,96,67,81,45,22,60,32,92,77,14,74,5,58,89,68,93,70,50,96,77,32,14,60,85,45,7,54,71,97,38,54,79,10,10,68,3,59,11,72,11,51,99,27,35,39,36,99,60,86,14,6,97,65,13,90,39,12,8,7,98,84,8,47,11,35,84,84,22,86,7,87,99,51,90,96,72,18,84,96,65,51,38,66,44,17,85,60,94,35,20,9,70,58,8,73,43,7,82,86,99,32,48,2,79,42,16,31,70,44,22,49,5,21,59,4,2,30,92,26,91,12,62,0,64,19,63,15,59,47,49,16,92,75,37,86,67,90,48,88,71,53,38,98,4,57,61,96,72,63,38,17,11,14,34,70,24,89,43,62,76,47,28,13,15,33,41,96,70,71,5,90,74,5,49,77,27,17,49,14,93,79,68,31,74,6,20,95,64,88,0,9,62,11,4,50,33,7,38,11,13,32,53,5,25,82,68,16,18,77,61,78,34,3,92,8,60,19,72,48,79,91,13,88,52,50,74,78,93,73,66,91,87,61,22,5,90,64,5,76,76,63,30,57,76,21,33,69,89,23,19,77,47,53,34,57,75,17,31,6,23,71,12,33,0,56,23,44,68,69,79,74,17,5,72,67,10,57,22,80,90,44,90,48,48,54,43,56,92,1,50,44,70,77,9,42,34,42,37,7,7,53,58,84,13,66,86,53,89,10,96,68,27,41,26,32,98,89,57,39,67,37,99,59,80,54,44,15,85,41,10,25,56,52,78,1,46,34,43,84,38,81,60,85,61,45,41,46,42,28,40,23,19,42,57,92,17,66,56,44,75,8,51,79,0,83,43,95,48,47,67,27,87,66,28,40,58,11,13,32,97,25,30,81,34,57,69,21,42,15,58,43,70,30,57,62,11,73,4,37,51,70,48,39,6,82,22,8,87,3,63,99,87,24,53,21,48,86,19,42,38,45,35,80,90,45,18,2,55,37,2,6,94,50,74,40,48,5,36,12,69,68,60,27,59,49,38,72,65,28,50,48,91,60,61,99,71,14,42,89,25,86,14,9,75,96,67,54,86,29,9,12,27,55,68,29,37,44,92,25,29,31,32,80,81,6,46,66,2,26,27,9,76,48,16,95,34,47,37,36,26,45,75,66,60,49,30,4,16,5,18,80,79,38,42,4,22,63,43,27,53,7,30,41,23,32,47,62,11,91,26,5,5,23,30,6,1,93,21,2,36,82,31,18,85,59,31,75,24,91,63,95,95,59,48,57,20,74,86,80,25,51,67,18,25,85,8,88,50,29,39,30,76,36,67,1,85,40,58,38,40,28,77,32,60,68,15,20,40,91,99,26,76,72,86,21,46,67,69,36,18,68,95,53,10,62,43,35,61,75,14,36,56,80,42,8,2,44,73,70,12,19,85,66,71,45,57,83,40,13,15,21,35,60,51,24,31,64,97,83,63,17,51,87,99,59,44,58,83,28,31,98,41,37,79,84,58,35,20,63,23,65,53,3,56,62,62,97,20,88,16,55,6,0,51,34,1,30,82,10,31,83,73,81,98,70,84,1,23,75,19,57,70,77,55,53,48,24,49,73,64,68,46,53,36,52,74,44,27,93,24,30,6,12,79,32,85,71,72,93,97,34,84,18,98,57,97,11,75,12,9,39,51,52,2,89,88,24,0,49,74,68,30,76,99,77,19,51,39,9,19,95,0,28,4,0,45,64,46,54,49,12,7,47,20,13,20,36,82,15,27,92,66,30,94,99,70,74,10,63,46,76,39,91,93,95,91,1,31,27,78,30,25,50,89,72,88,13,43,47,50,97,92,11,98,51,6,23,29,33,37,94,93,22,17,10,75,95,43,69,89,49,76,88,37,39,77,3,18,24,55,90,44,94,26,36,11,90,72,52,78,65,25,17,21,61,69,89,42,18,58,35,79,42,84,70,71,13,81,97,29,71,93,7,77,93,40,87,4,22,54,16,10,77,17,69,7,25,65,1,87,80,33,1,52,69,83,3,45,7,25,66,65,45,76,97,79,10,96,44,46,14,99,99,9,41,61,78,89,99,36,7,61,65,21,78,1,56,66,85,23,80,65,73,80,30,83,18,20,34,84,29,55,35,43,64,86,21,12,64,90,31,6,50,67,46,24,63,23,66,11,67,74,95,41,8,28,21,15,76,45,76,2,98,38,26,21,69,28,37,57,73,36,75,42,74,81,93,85,7,32,19,37,53,53,94,81,58,9,78,49,19,40,13,52,3,46,6,22,20,6,60,79,34,32,91,19,28,78,73,81,62,78,4,30,82,19,23,2,68,60,71,14,72,83,80,29,13,87,65,64,38,35,24,84,5,14,39,24,23,55,71,10,76,55,72,7,9,35,49,21,8,57,88,70,94,95,31,34,25,95,4,98,78,99,59,22,44,93,26,29,56,49,49,56,94,89,79,61,62,53,60,62,34,78,30,63,66,15,31,0,95,64,27,98,52,27,29,36,89,58,85,54,14,33,22,17,41,82,94,51,56,63,14,83,41,46,18,20,61,85,9,35,67,71,92,45,2,11,72,45,21,26,65,84,70,43,13,85,63,55,84,5,50,80,34,58,13,77,54,39,81,33,86,75,59,92,95,50,8,56,15,82,29,90,97,25,19,7,44,96,4,25,16,55,64,94,31,83,17,71,33,97,78]"
ta78,3429,"[0,0,0,1,1,1,1,0,0,0,1,1,1,0,0,1,0,1,0,0,0,1,1,1,1,1,0,0,1,1,0,1,0,0,1,0,0,1,0,0,1,1,0,0,0,0,0,0,1,0,1,0,0,1,0,1,1,1,1,0,0,0,1,1,0,0,0,0,1,1,1,0,0,1,1,0,0,1,1,1,0,0,1,1,0,1,1,0,1,0,0,0,0,0,1,1,1,1,0,1]","[96,71,4,66,14,69,63,47,86,96,46,89,20,75,34,63,75,38,87,35,37,39,28,99,79,16,8,32,91,48,78,16,84,73,57,64,0,1,19,54,22,23,94,24,67,87,15,7,15,27,99,92,62,31,24,73,12,17,54,76,93,61,95,8,44,60,39,46,73,0,58,53,81,81,0,82,68,6,63,4,28,75,6,46,25,79,24,61,77,23,36,52,50,86,39,45,58,12,44,95,94,12,22,27,51,66,35,5,16,82,19,1,38,46,26,73,74,8,15,66,50,24,21,82,14,69,77,8,35,6,2,93,47,44,79,52,85,3,88,26,12,31,8,6,21,16,36,58,20,87,17,0,23,77,86,44,42,45,17,45,36,35,2,24,92,54,58,90,13,56,4,87,52,90,91,90,9,15,32,32,45,16,0,50,69,10,45,75,74,6,29,13,37,47,21,8,52,60,98,82,14,49,47,92,70,46,88,72,44,52,55,50,90,1,27,1,41,11,80,51,46,4,17,34,15,76,57,30,7,90,25,56,26,25,7,18,90,5,31,33,7,9,74,38,45,95,5,76,43,94,27,91,91,24,39,60,21,72,49,25,25,43,38,18,91,89,48,52,97,26,42,8,85,16,61,70,78,78,40,40,66,1,3,18,22,50,71,99,37,75,25,3,72,72,28,85,26,85,48,42,86,18,81,4,70,16,51,20,91,79,70,25,45,6,78,49,32,24,46,45,46,93,27,18,53,63,49,99,90,75,77,17,33,86,79,2,9,35,12,38,57,95,44,57,29,67,7,49,86,89,79,94,65,17,88,55,94,25,8,21,57,9,92,18,80,32,5,84,36,78,54,90,68,76,22,81,41,95,7,80,9,67,96,5,95,48,22,82,42,47,49,51,23,18,70,21,89,96,97,20,11,77,34,56,3,14,88,35,41,76,56,33,15,79,68,54,77,23,57,26,5,15,60,38,74,74,5,39,21,29,56,37,10,0,56,21,54,35,34,1,39,72,19,24,87,81,76,4,23,75,92,35,65,15,95,44,45,70,27,2,48,66,80,9,67,16,35,98,62,56,33,91,51,81,53,48,6,74,52,77,34,13,57,1,48,21,19,45,44,30,65,19,52,94,80,77,59,28,69,56,26,42,15,82,38,14,2,10,50,61,45,93,25,64,79,55,70,99,6,85,2,79,77,2,53,88,48,78,59,86,53,53,55,51,86,58,2,35,46,60,65,68,66,83,49,59,60,19,28,49,41,3,88,55,22,98,78,72,4,68,17,81,94,19,1,17,60,43,48,57,21,47,84,22,25,35,76,31,52,58,81,24,56,78,99,28,76,86,75,50,12,45,43,96,97,96,65,33,80,45,14,37,94,54,1,11,30,60,14,74,44,49,7,51,28,25,26,11,36,89,68,52,32,0,35,84,91,94,67,97,13,48,31,61,43,95,52,46,8,96,68,84,30,55,2,30,24,86,25,42,29,37,90,68,27,27,10,10,17,21,67,3,19,72,69,5,89,32,57,87,28,83,57,62,61,81,44,75,44,87,94,49,43,68,84,38,40,99,72,59,91,5,22,37,85,28,32,58,47,98,98,6,49,58,82,28,93,23,12,89,71,0,98,44,79,78,22,85,4,99,97,8,17,36,75,55,37,55,12,98,76,44,90,41,97,11,12,85,89,91,76,96,83,24,80,7,83,72,89,54,15,42,27,88,36,91,2,89,2,18,23,13,20,33,46,26,6,64,70,57,41,36,0,48,99,71,77,11,50,62,72,70,14,2,66,0,65,77,93,73,59,32,51,45,87,57,77,81,30,3,88,9,3,17,30,65,65,64,6,1,47,93,61,8,62,29,75,24,73,36,5,46,95,16,48,60,2,0,10,28,62,47,44,96,30,32,67,19,22,54,92,31,50,17,95,98,33,87,7,14,85,25,86,17,30,52,53,27,92,53,82,68,7,81,53,41,97,69,22,27,95,26,47,23,70,25,82,31,0,17,34,76,39,88,64,37,29,95,55,18,75,39,27,23,9,61,26,96,35,40,77,70,68,65,51,41,19,83,57,61,36,36,92,54,56,69,84,94,71,92,57,82,2,12,63,73,63,54,16,9,13,44,56,89,18,30,70,43,46,81,3,60,16,65,86,23,61,75,76,73,68,75,98,23,82,95,97,73,40,22,18,84,45,71,64,16,30,97,42,81,27,50,41,3,78,51,34,28,93,55,28,39,34,66,68,16,52,24,36,56,85,73,10,84,91,38,28,31,80,35,44,92,40,89,67,15,24,22,63,71,38,71,78,70,87,69,19,25,25,89,91,90,43,7,32,11,13,57,75,81,84,59,21,77,17,40,43,85,72,1,39,33,10,49,35,61,25,6,83,91,96,19,58,3,63,73,27,62,38,29,65,85,12,43,67,7,61,54,64,28,76,53,22,78,5,60,2,83,73,12,31,91,44,34,48,82,83,9,57,87,62,83,50,14,50,96,8,97,41,98,10,51,86,59,18,71,11,74,19,46,32,4,99,8,67,19,67,14,34,12,66,95,98,80,64,16,7,62,92,52,45,59,39,19,93,42,87,22,13,54,51,96,82,38,83,95,96,63,56,76,94,53,43,60,13,6,92,24,71,59,20,46,40,60,27,85,87,96,94,16,79,86,4,28,75,4,41,61,31,85,2,22,9,70,96,55,1,94,2,26,33,96,21,34,7,36,6,63,76,93,87,1,20,70,12,73,51,15,59,64,37,98,20,90,1,24,97,48,68,15,42,82,86,65,11,95,63,69,4,90,12,47,33,9,76,14,42,70,16,5,9,7,41,88,15,79,65,14,67,61,27,92,78,23,88,42,73,48,32,71,87,93,20,22,1,13,92,15,29,76,80,68,86,64,72,35,67,8,26,62,36,46,5,13,31,6,40,78,17,4,85,91,73,11,17,33,13,40,18,53,33,12,11,31,75,92,26,37,32,33,31,63,26,54,34,30,60,27,51,56,56,83,67,77,5,20,83,91,37,55,23,93,55,23,42,57,41,3,41,46,11,70,7,69,8,64,29,58,28,62,80,55,94,40,31,4,20,79,82,72,29,90,16,81,73,65,51,16,23,23,2,8,68,28,47,13,81,86,99,35,51,6,36,58,67,77,62,8,37,54,84,58,39,97,19,12,60,81,36,26,30,34,11,74,34,66,99,55,66,83,18,98,45,19,11,1,55,52,53,47,83,32,25,13,20,91,29,69,98,48,80,74,94,64,52,43,29,12,15,66,58,99,9,1,4,91,47,57,62,87,26,3,79,93,74,90,10,81,89,85,30,88,43,67,63,9,18,80,82,11,3,30,84,69,55,39,84,55,71,88,96,94,97,98,77,86,2,21,59,49,56,88,46,85,99,83,30,38,97,52,43,43,51,79,0,7,62,82,10,90,59,93,11,85,28,27,65,55,61,72,97,43,39,79,0,42,50,31,80,83,90,47,13,3,1,79,52,98,97,41,93,39,95,63,36,7,69,64,3,9,69,19,46,93,29,0,68,14,54,90,41,63,59,66,27,6,97,47,20,65,60,62,82,60,52,84,38,66,34,21,76,78,98,74,4,44,33,40,14,6,49,74,53,13,9,51,67,12,61,59,72,55,71,42,94,20,0,68,22,35,40,58,48,77,93,87,5,97,21,89,10,62,46,42,1,84,74,69,42,80,64,17,44,17,66,63,20,70,45,40,64,0,64,36,29,40,99,66,53,22,39,84,39,65,33,14,23,38,17,43,63,78,56,22,89,99,89,70,11,71,71,48,20,34,93,42,7,60,84,38,5,98,92,10,3,38,81,98,39,47,58,11,53,6,3,74,31,4,64,65,10,99,33,13,14,88,67,39,74,97,18,84,31,15,64,21,53,80,64,37,19,31,85,88,89,23,87,53,78,21,43,3,2,41,8,14,14,66,99,35,60,67,54,24,72,54,94,16,8,10,50,61,92,72,26,64,13,73,63,93,90,23,43,32,15,69,59,99,11,34,79,9,9,80,47,74,88,38,97,27,37,58,10,31,77,33,33,54,37,83,7,51,56,68,63,26,86,82,78,50,98,59,58,37,92,50,94,53,57,93,34,51,79,74,86,75,71,5,92,61,54,72,56,12,83,24,57,59,13,29,10,66,62,30,48,69,21,30,0,49,85,29,18,10,56,42,68,8,78,38,87,33,31,29,62,45,5,29,40,50,63,81,49,76,37,88,69,65,80,90,37,10,61,60,36,40,78,71,89,0,50,3,14,69,16,66,4,39,50,76,6,58,24,30,66,30,0,47,36,24,33,26,79,96,4,34,34,58,72,74,80,73,32,4,52,40,87,1,29,11,10,41,91,15,83,20,32,80,19,44,62,43,18,49,9,95,59,65,18,92,83,13,5,49,59,88,40,41,25,95,69,89,95,32,32,58,49,15,25,50,21,74,35,72,29,88,20,45,71,70,41,61,37,73,84,59,75,99,42,62,28,77,38,20,49,18,73,67,20,75,47,48,5,40,71,71,82,53,84,96]"
ta79,3341,"[1,0,1,0,1,0,0,0,0,1,1,0,0,0,1,0,0,1,1,1,1,0,1,0,1,0,1,1,0,1,1,0,0,0,1,1,1,0,1,0,0,1,1,0,0,1,1,1,0,1,1,0,1,0,0,0,1,0,1,1,0,0,0,0,0,0,1,1,1,1,1,0,0,1,1,0,1,1,0,1,1,0,1,1,0,1,0,1,1,1,0,1,0,0,0,1,0,1,0,0]","[42,81,53,44,74,64,97,64,70,4,47,41,15,61,26,15,86,59,15,90,67,98,99,83,68,75,18,63,55,33,26,70,52,12,53,81,35,22,46,82,27,64,51,48,47,91,34,26,75,16,2,79,80,70,44,4,93,52,90,44,23,14,99,75,51,74,21,88,94,84,71,39,39,39,20,1,53,1,76,1,85,36,89,7,39,99,90,86,35,84,95,35,91,15,50,47,48,20,78,77,15,48,58,67,75,98,8,61,61,95,24,53,26,65,20,67,54,10,38,59,48,53,58,92,20,94,10,43,54,15,68,0,85,7,92,28,14,19,81,7,35,63,62,67,62,64,63,80,53,54,0,79,59,23,29,74,10,29,65,27,87,89,7,71,59,22,76,68,98,9,54,38,0,37,21,21,51,95,83,43,82,75,7,66,30,74,91,23,62,5,8,93,36,35,65,92,32,87,6,7,69,77,5,59,88,0,46,30,5,29,69,67,57,74,25,5,88,98,57,38,35,45,82,87,12,45,81,43,33,75,70,48,76,60,94,44,43,23,11,12,1,58,17,83,18,36,81,43,35,43,9,64,83,85,69,3,27,25,13,82,97,87,9,55,84,18,14,6,64,59,6,5,4,71,84,68,12,96,15,18,46,74,11,23,30,66,12,78,53,59,56,82,68,38,10,35,49,77,41,65,61,45,58,31,34,67,54,13,11,20,92,98,94,97,31,28,8,30,77,40,43,93,59,72,54,90,43,46,4,34,82,25,44,88,3,31,64,27,17,79,2,1,10,81,80,74,92,34,76,30,0,45,28,7,14,28,67,75,97,41,45,83,80,69,45,10,93,32,99,54,32,44,26,50,8,7,71,92,88,8,51,39,11,55,44,58,44,72,95,82,19,52,31,56,79,16,96,80,21,63,57,62,56,88,2,13,30,65,16,68,96,56,93,11,54,50,2,56,75,57,93,19,15,41,81,32,78,14,52,0,85,93,30,30,50,25,29,33,40,20,27,38,70,21,78,86,92,81,6,46,98,51,45,7,71,78,66,13,97,28,63,99,97,82,25,19,34,15,93,97,94,34,29,96,26,41,93,55,14,21,72,65,85,61,38,47,48,26,6,38,16,65,71,57,24,72,80,46,47,2,62,9,71,41,58,73,0,77,95,8,14,95,23,48,12,21,42,65,27,16,2,9,74,49,54,70,55,61,64,85,98,2,40,33,70,18,69,15,92,70,73,42,51,57,69,17,71,31,64,94,82,55,83,90,16,43,98,1,42,47,12,13,24,15,47,93,22,65,73,9,51,41,97,29,31,91,85,46,12,20,99,78,82,37,8,55,51,17,89,35,78,14,81,80,82,78,30,32,47,16,5,50,44,46,52,49,73,69,57,69,71,9,1,42,60,0,24,22,57,47,31,90,46,6,79,99,56,84,59,94,54,13,94,46,42,49,18,25,7,35,52,14,47,14,49,10,70,72,9,16,18,54,35,1,41,21,47,74,79,25,21,58,24,93,81,33,8,90,59,39,31,28,34,3,45,13,18,15,78,9,33,28,76,52,0,22,45,44,13,61,37,63,62,55,84,77,55,74,74,95,76,43,83,40,0,74,5,75,84,66,13,77,95,62,89,12,42,15,80,97,72,36,5,63,99,26,27,37,33,21,49,14,81,60,20,78,93,44,79,66,66,9,9,27,75,85,50,88,3,19,42,19,51,29,23,72,80,99,4,72,69,4,52,40,10,89,29,29,39,61,92,5,82,38,68,94,90,6,51,78,98,34,92,96,36,70,56,65,96,38,38,44,91,10,85,65,34,28,55,41,23,15,96,72,88,24,66,56,19,43,45,49,11,23,30,76,47,97,76,34,91,87,42,34,64,49,85,98,95,5,55,4,64,13,47,72,26,96,5,83,43,47,85,20,91,10,69,94,76,99,37,56,54,32,12,20,28,88,41,60,84,80,89,89,36,86,77,83,62,82,7,26,92,52,19,84,3,84,18,59,17,22,74,22,18,6,51,54,52,8,32,45,1,23,78,91,48,61,59,3,14,61,23,60,96,93,90,59,24,3,24,31,80,84,2,96,82,90,64,6,50,19,71,45,51,39,0,40,37,37,95,63,67,79,24,58,10,63,86,94,16,79,0,63,31,39,88,17,59,40,93,22,13,36,22,85,7,47,47,19,79,52,20,38,48,87,85,86,62,35,4,58,15,90,11,20,91,94,11,10,1,32,5,86,67,71,78,27,84,7,66,46,37,69,63,83,18,7,55,44,2,64,26,42,82,59,76,1,11,23,71,58,2,33,91,87,65,69,97,6,72,94,69,16,22,9,26,77,3,93,47,85,49,34,84,47,23,86,73,39,50,86,90,54,68,24,68,50,77,10,58,31,89,34,44,57,67,89,57,61,43,83,30,41,75,95,6,39,51,82,87,58,36,9,90,30,12,85,77,19,78,31,45,87,99,73,69,39,8,83,28,56,41,75,86,58,80,21,98,64,32,24,79,93,14,23,45,87,17,76,25,75,23,60,56,59,0,14,3,35,49,73,48,24,95,57,73,71,29,2,7,81,91,11,18,56,37,16,56,58,22,34,8,48,59,83,39,97,26,67,66,53,6,11,60,3,0,51,98,80,27,40,29,2,63,79,76,87,19,45,99,50,75,66,49,76,75,52,56,53,90,17,80,73,66,92,67,42,40,14,42,87,5,42,1,72,38,68,22,89,86,65,37,8,55,77,38,95,0,70,80,18,12,95,1,1,43,10,35,27,94,18,16,67,22,71,92,61,7,12,68,71,2,68,2,96,29,46,76,13,31,51,62,93,76,33,5,31,91,37,92,50,63,14,2,95,79,24,35,27,66,33,49,35,19,40,7,35,21,55,24,59,28,57,89,4,21,65,89,87,17,65,48,48,20,74,91,6,34,42,36,67,48,89,55,83,18,5,79,54,18,66,25,61,26,60,5,96,9,49,86,15,67,27,73,40,58,79,13,44,38,68,0,81,62,1,25,35,36,70,26,1,10,20,51,55,12,73,79,11,71,29,99,48,46,60,81,21,39,46,62,62,77,83,48,71,20,28,73,96,36,60,63,12,85,11,60,8,4,46,88,58,17,13,96,43,7,64,72,72,10,54,18,46,22,6,9,49,87,57,78,57,75,98,4,90,88,76,70,63,33,14,73,79,87,33,26,47,88,31,86,26,41,93,29,52,67,78,50,37,68,3,63,13,27,34,11,50,89,53,81,68,42,25,22,69,17,41,74,52,9,86,49,44,60,53,62,45,97,84,29,74,4,32,13,65,32,67,2,3,62,80,41,1,89,36,12,77,74,26,10,6,58,45,35,85,47,16,15,83,54,70,94,40,86,83,52,84,43,94,3,9,23,53,82,81,85,43,99,87,40,2,12,7,49,43,40,93,88,88,4,68,37,24,39,25,58,33,61,37,98,55,0,69,67,95,97,32,98,27,12,0,45,27,72,54,73,5,30,33,70,46,5,82,68,49,41,61,26,3,25,60,25,30,61,49,97,17,36,17,73,51,20,94,79,36,30,6,21,8,87,32,55,99,61,80,95,97,70,68,99,56,57,24,23,96,41,32,16,83,22,89,37,34,94,55,69,72,46,81,63,32,28,40,63,66,30,99,68,98,19,89,57,53,91,11,3,24,13,25,11,31,17,11,29,75,42,34,53,81,50,98,13,28,33,53,85,13,72,19,33,16,34,80,1,40,65,4,14,4,27,38,14,38,77,92,78,19,39,77,50,14,84,97,90,62,92,0,20,29,96,44,66,56,91,30,52,8,4,8,88,53,8,22,38,17,79,38,16,20,44,86,96,32,33,40,32,92,3,89,25,95,43,31,17,42,44,49,22,90,82,56,83,86,76,97,6,60,37,32,52,4,60,36,74,63,66,32,52,83,27,51,15,71,9,57,96,45,20,98,12,36,98,61,46,23,94,31,89,71,93,2,56,39,99,92,84,18,28,18,66,48,42,48,36,76,33,73,91,98,62,61,11,19,96,27,88,36,64,85,64,24,23,3,87,90,25,8,28,77,15,65,72,66,24,61,30,81,41,2,57,21,73,50,10,74,95,73,55,91,49,91,6,38,90,0,65,54,52,66,28,19,39,53,51,16,13,6,53,92,6,30,25,17,4,88,60,88,60,68,32,43,33,35,60,37,41,25,87,86,17,28,73,52,21,90,79,77,26,3,64,58,50,1,17,72,67,30,75,50,18,39,64,29,37,92,21,42,16,29,15,1,51,16,44,80,59,76,53,62,4,75,78,2,3,62,11,23,31,87,75,37,89,82,34,95,33,21,77,25,4,70,72,99,54,70,10,91,20,38,81,24,56,84,8,50,88,78,59,69,27,22,45,42,39,9,60,76,10,57,69,7,73,36,29,64,37,71,66,3,19,22,57,65,40,97,5,84,86,28,86,9,62,56,28,84,60,8,63,74,96,41,99,31,69,17,48,91,70,78,46,19,12,21,40,50,53,5,58,11,16,77,97,48,40,67,94,80,70,36]"
ta80,3326,"[0,0,1,0,1,0,0,1,1,0,1,1,0,0,0,1,0,1,0,0,0,1,0,1,0,0,1,1,1,1,1,0,0,0,0,0,1,0,1,1,1,1,0,1,1,0,1,1,0,0,0,0,0,1,0,0,0,1,1,1,1,1,0,1,1,0,1,1,0,0,0,0,1,1,1,1,1,1,1,0,0,1,0,1,1,0,1,0,0,1,1,0,0,1,0,1,0,1,0,0]","[56,73,52,59,24,49,9,47,41,89,65,55,74,9,3,99,47,46,4,80,27,8,91,58,99,10,39,93,61,39,24,92,86,92,88,98,20,52,29,79,48,94,74,12,75,20,15,34,90,15,9,1,75,43,27,96,29,41,40,53,71,52,51,21,28,28,81,86,95,30,35,87,26,58,66,53,67,78,12,47,66,61,92,44,44,60,76,67,18,20,16,81,55,28,16,77,16,70,90,78,44,5,37,46,83,63,92,76,71,22,38,4,7,31,79,5,7,8,42,98,48,14,60,57,80,13,86,41,1,79,24,41,54,16,44,98,21,46,56,85,57,89,4,87,20,25,20,81,80,36,27,95,22,36,7,24,17,66,3,77,43,59,49,21,12,62,5,81,58,27,72,76,72,94,72,70,77,46,12,56,83,61,95,45,60,49,25,57,35,39,53,59,94,35,33,67,19,91,99,58,82,61,81,18,79,59,9,52,39,22,91,57,83,35,6,93,66,38,18,54,88,84,83,89,56,67,64,34,56,76,63,83,97,90,33,84,99,13,59,96,32,31,64,52,60,62,55,75,40,80,57,3,11,72,57,48,80,73,23,36,55,68,96,79,41,89,19,4,23,12,20,34,45,96,7,56,89,23,91,65,11,9,21,36,46,34,53,23,91,99,77,3,19,52,46,40,79,1,24,44,81,31,75,65,34,57,55,88,43,47,20,24,86,25,70,1,0,48,30,15,84,64,12,29,53,37,14,95,86,73,57,33,26,45,16,32,14,84,4,98,97,54,17,89,4,86,32,93,38,36,87,19,87,77,97,57,24,90,56,67,58,88,14,34,89,38,31,47,54,93,50,40,84,70,61,37,18,98,73,79,29,32,69,50,8,69,10,61,84,51,19,75,34,89,96,85,99,94,19,65,56,43,14,97,15,30,43,92,68,4,28,27,24,2,40,11,74,77,82,66,9,19,37,27,41,68,71,11,44,12,13,52,10,83,38,3,6,95,36,91,87,51,57,95,8,22,95,65,69,0,17,15,82,34,40,57,72,4,69,65,68,88,67,81,23,24,83,53,18,17,20,76,98,44,56,28,62,52,78,37,82,50,96,93,0,97,63,91,82,68,63,31,1,58,56,48,22,27,8,36,47,54,22,2,22,98,12,89,66,85,2,64,0,78,84,62,5,16,95,4,3,77,30,38,49,22,67,93,73,56,2,93,58,63,57,53,76,31,50,36,37,7,30,78,51,10,52,50,12,41,58,95,87,55,48,48,35,47,97,74,28,96,30,30,28,86,22,90,44,73,38,25,16,42,95,64,9,58,17,65,12,62,68,42,58,83,36,45,55,40,2,45,7,38,19,67,86,88,62,4,81,69,2,98,4,6,86,48,62,24,9,68,22,32,38,54,33,17,52,10,89,60,98,34,68,84,23,81,65,5,61,79,77,78,52,49,29,46,64,84,94,1,77,75,55,26,21,59,21,26,45,26,60,76,63,23,34,81,7,75,63,38,14,80,45,91,97,6,15,83,5,91,18,37,85,50,88,99,0,8,42,66,36,60,40,32,59,1,23,17,13,72,0,27,38,51,81,67,11,60,34,61,17,9,88,71,8,47,85,73,87,93,84,92,64,71,37,53,69,9,39,87,15,10,4,72,58,68,75,62,45,54,99,62,31,64,47,27,3,77,81,74,29,69,83,63,74,21,15,5,51,42,42,90,40,18,5,91,6,70,7,97,96,18,90,44,95,41,98,32,90,66,74,92,11,22,62,53,1,8,29,64,71,55,25,85,46,70,85,77,77,16,27,85,52,20,68,59,96,33,51,94,33,79,87,1,24,71,56,53,76,82,90,77,11,25,5,59,5,25,94,27,14,29,77,29,83,36,51,22,35,27,64,82,12,77,85,88,8,93,7,27,69,59,41,19,22,84,99,30,85,9,94,36,6,43,57,22,80,41,49,72,16,86,14,78,7,22,48,33,56,0,21,60,17,25,53,64,19,48,59,66,46,5,63,26,19,31,91,63,84,9,42,26,60,53,64,59,73,24,47,50,99,13,44,35,68,42,24,80,88,2,73,13,7,60,74,65,15,54,44,34,23,29,11,18,6,74,42,33,46,23,40,37,48,57,62,6,44,87,83,57,89,15,54,88,61,81,59,90,2,35,54,35,79,69,16,26,19,10,45,91,29,97,70,73,75,90,77,46,3,80,3,50,93,56,35,7,41,29,79,2,41,73,17,95,62,13,98,86,64,74,93,19,94,0,28,19,92,55,97,20,67,26,83,87,26,3,49,3,98,33,31,28,23,36,12,62,37,79,30,12,35,72,82,37,75,1,75,58,57,52,72,12,21,11,45,33,87,32,98,84,14,66,21,60,39,61,34,96,51,63,37,74,42,35,97,78,20,59,99,8,75,34,81,51,92,85,84,89,3,9,91,90,15,85,3,31,41,70,86,8,28,62,42,69,46,99,31,75,91,37,39,9,30,30,89,0,17,93,43,8,59,63,6,14,8,23,65,99,21,0,9,46,48,50,39,25,13,36,3,70,55,84,63,86,6,60,70,72,66,97,16,13,54,56,49,95,11,80,30,79,76,14,8,39,36,76,40,20,23,23,33,25,18,6,42,81,10,13,4,42,10,14,83,16,9,36,92,62,28,44,38,44,23,21,56,31,79,55,77,83,4,1,49,12,70,97,76,69,45,85,39,67,36,45,54,32,94,80,83,47,38,47,18,87,71,85,42,18,51,92,25,62,75,38,82,5,77,37,53,68,17,74,2,70,6,26,67,67,38,40,96,35,57,64,89,76,20,35,42,96,6,50,18,90,90,16,75,50,19,17,86,69,77,14,0,38,52,72,73,79,63,11,48,4,78,78,55,35,82,13,34,48,37,97,30,73,99,4,96,99,53,14,71,1,45,0,56,72,71,20,21,72,5,2,5,99,33,53,57,16,18,96,63,71,11,17,30,38,56,36,20,21,6,28,75,65,86,16,33,81,80,54,71,66,93,44,15,55,46,7,71,35,41,0,89,23,40,54,94,80,94,6,71,94,14,27,45,43,99,10,71,31,92,0,25,12,80,1,56,82,47,41,61,63,91,74,12,28,9,31,43,95,87,33,30,32,38,4,76,3,47,55,88,88,23,82,66,58,99,26,20,3,96,45,47,80,28,32,61,41,48,49,82,48,72,52,47,13,40,44,94,93,53,10,39,2,10,98,74,98,38,21,84,68,24,73,62,50,83,67,58,52,94,37,13,92,37,18,80,63,2,39,91,51,50,47,6,86,17,8,86,26,85,43,59,5,49,0,45,7,39,8,43,50,21,78,60,7,65,80,49,98,91,44,77,39,89,27,1,97,58,15,10,27,41,9,72,8,22,25,90,7,64,81,84,67,15,20,60,61,54,57,51,14,87,43,24,61,78,10,69,12,66,69,74,2,19,41,30,64,97,69,33,15,23,73,83,21,88,4,43,49,50,24,0,10,30,2,12,32,11,68,29,65,78,29,27,91,11,49,28,1,87,2,42,65,78,68,76,98,67,26,96,33,26,85,29,58,18,59,2,26,96,1,10,32,92,89,33,47,85,39,45,93,43,54,66,94,55,43,30,48,5,6,50,96,58,2,70,11,78,86,91,80,49,44,39,15,3,70,95,46,2,48,65,79,63,7,82,85,7,78,96,84,31,39,24,27,88,1,74,74,46,89,15,62,70,82,70,71,37,20,35,11,61,34,93,14,52,42,1,50,41,32,32,3,88,97,35,73,67,51,76,11,84,29,76,71,97,20,0,40,28,8,60,88,67,61,78,27,9,63,7,67,26,53,60,18,13,71,60,52,55,11,39,49,31,18,13,52,74,6,48,70,16,66,29,59,3,25,1,22,6,15,70,25,19,89,23,16,35,13,69,60,43,8,43,65,51,11,69,69,56,82,79,29,99,18,88,33,5,78,17,84,13,82,92,61,90,66,89,43,97,8,95,92,43,70,17,76,90,59,68,5,30,26,65,0,40,85,65,32,41,98,31,31,61,79,73,10,46,10,34,94,32,14,13,12,76,46,54,54,24,37,90,80,62,95,64,64,16,90,9,17,42,75,42,3,58,72,96,28,21,76,73,75,46,83,98,26,92,25,78,25,51,28,11,85,38,25,97,25,26,95,93,6,21,68,17,90,54,99,82,65,87,75,25,93,22,45,40,93,39,79,48,36,40,80,49,42,87,44,45,22,18,50,93,69,64,82,49,51,81,34,32,83,61,55,4,72,24,29,51,66,53,94,37,91,15,69,33,72,86,78,53,94,88,87,50,19,68,49,58,92,63,22,7,65,50,53,16,21,60,2,62,64,71,32,13,0,14,66,34,20,44,34,43,10,73,31,71,35,33,23,10,15,27,30,19,32,76,24,17,55,5,68,94,52,39,73,46,40,81,95,86,59,29,40,51,81,55,4,45,1,79,66,88,51,28,47,16,54,82,74,14,87,57,92,28,58,98,19,36,0,72,49,61,74,13,31,75,92,47,70,67,5,68,95]"
